subscriber_id,cluster_idx,cluster_label,primary_distance,secondary_distance,confidence,overlays,dist_Voice-centric,dist_Underutilized / overspending,dist_Streaming & data-heavy,dist_Light / occasional user,dist_Roaming / travel-heavy,data_trend,voice_trend,roaming_trend,lines_trend
SUB00001,3,Light / occasional user,1.9509407833812125,4.245030889952023,High,Data appetite growing,4.245030889952023,5.821294095112826,5.985286991661541,1.9509407833812125,6.194092935468484,0.46580025645790235,0.2778737085749438,0.1048726629852936,0.0
SUB00002,2,Streaming & data-heavy,1.4185127577950558,4.409139566768319,High,Data appetite growing,5.902431220325095,4.409139566768319,1.4185127577950558,5.1894169897585,6.317034912616999,0.8107372570234225,5.747570822124259,0.017994238429191078,0.0032849116498798415
SUB00003,4,Roaming / travel-heavy,1.0926101961931147,5.352166528271969,High,Data appetite shrinking|Voice declining → data migration,6.147437617264325,5.352166528271969,6.013079837808146,6.0514990613609765,1.0926101961931147,-0.83970130079352,-6.910341864082437,-0.10485512523964027,-0.014142620947679293
SUB00004,0,Voice-centric,1.8907018082323122,4.163879507898282,High,Voice declining → data migration,1.8907018082323122,4.576291876738885,6.097852676393902,4.163879507898282,6.167443833886324,0.11148903356644735,-7.145616186353406,-0.054186457652813734,0.0
SUB00005,1,Underutilized / overspending,0.6120314368031807,3.684976325053978,High,Data appetite growing|Voice declining → data migration,4.151019342563372,0.6120314368031807,3.684976325053978,5.313432035086348,4.863102478883688,0.6934104511222737,-2.8276684507691714,-0.0944262717109698,0.01186740623490744
SUB00006,3,Light / occasional user,1.8872557156130554,4.002844918938521,High,Data appetite growing,4.002844918938521,5.487164401826009,5.683976887398207,1.8872557156130554,5.987642392878509,0.7731349351453131,1.9357579658753374,-0.016728146264207253,-0.021703895230909265
SUB00007,2,Streaming & data-heavy,1.3563592556019826,3.8266580405491775,High,,6.486074924613839,3.8266580405491775,1.3563592556019826,6.580166108955862,5.519988800780556,-0.11665356248629881,3.411591721630256,0.1436503086423575,0.0135498287331455
SUB00008,3,Light / occasional user,0.604519693559485,3.8568062541373154,High,,3.8568062541373154,5.481993198321223,5.727623706093737,0.604519693559485,5.884917160307878,0.1130944498479827,-0.0559693707105123,0.07703013980221579,0.0
SUB00009,2,Streaming & data-heavy,1.5357041154558533,4.296362042073658,High,Data appetite growing|Voice declining → data migration,5.767652271718755,4.296362042073658,1.5357041154558533,5.0562916157551525,6.01212616930409,0.4252545046566446,-2.750125893197967,0.1953697984476074,0.02708779788506844
SUB00010,4,Roaming / travel-heavy,0.8251623655691288,5.326950397843768,High,Data appetite growing|Voice declining → data migration,6.27565109727161,5.326950397843768,6.027619110627592,6.210347157389316,0.8251623655691288,0.15029221506000365,-1.4896953081620083,-0.08196795965537029,-0.04693481767823078
SUB00011,0,Voice-centric,0.37882805661396796,3.5273257671368645,High,Voice declining → data migration,0.37882805661396796,4.3595147258594595,5.875378682012735,3.5273257671368645,5.8042073005698125,-0.09758538108590774,-3.3018837303051747,0.12433530725696483,0.0
SUB00012,1,Underutilized / overspending,1.5119616493681765,3.6424493864195133,High,Data appetite growing|Voice declining → data migration,4.316009380908061,1.5119616493681765,3.6424493864195133,5.269471396868698,4.907027722883181,0.7623454938396863,-0.740036697202773,-0.02062483496370596,-0.012654240004914536
SUB00013,3,Light / occasional user,1.5524195172551811,3.855826731828257,High,Data appetite shrinking|Voice declining → data migration,3.855826731828257,5.349645924039799,5.706766498755919,1.5524195172551811,5.756716056499968,-0.2934612691847639,-1.3571406085359294,0.08968354225526379,0.012925040632651562
SUB00014,2,Streaming & data-heavy,1.356546277102788,3.461613159421911,High,Data appetite shrinking,6.234093270087079,3.461613159421911,1.356546277102788,6.3958513677028455,5.295775657326779,-0.27922785495008967,11.40761265642119,-0.02433450666332086,0.03145236636311373
SUB00015,3,Light / occasional user,0.8643805226723602,3.992996718027734,High,Data appetite growing,3.992996718027734,5.611022657779183,5.738689155430489,0.8643805226723602,5.996738891406658,0.651574237633806,2.3555867265232098,-0.016783612862125236,0.0
SUB00016,2,Streaming & data-heavy,1.7700853550600908,4.4652232068749385,High,Data appetite growing,5.760228176507679,4.4652232068749385,1.7700853550600908,5.0342410105284126,6.182383802181068,0.8107201470333583,5.230492334842831,0.05655577823792815,0.025806583881697452
SUB00017,4,Roaming / travel-heavy,1.5452960471860755,5.207605648806683,High,Data appetite shrinking|Voice declining → data migration,6.162979164429475,5.207605648806683,6.15117904040996,6.193911554471808,1.5452960471860755,-0.6644896411771141,-7.206637337429215,-0.003997764990819123,0.0023100413049108783
SUB00018,0,Voice-centric,1.039338602736288,3.885013306095052,High,Data appetite shrinking|Voice declining → data migration|Roaming increasing,1.039338602736288,4.148856656350791,5.882407380704081,3.885013306095052,5.740833327036564,-0.7612102926269139,-2.0561959811065837,0.21152926088559848,0.0
SUB00019,1,Underutilized / overspending,0.5690461281597169,4.043811730672878,High,Data appetite shrinking|Voice declining → data migration,4.343990253155876,0.5690461281597169,4.043811730672878,5.681724738155297,4.938641228086029,-0.16126648875590982,-2.4624365175059792,0.10655263179805773,0.013442126066209042
SUB00020,3,Light / occasional user,0.41055388049032615,3.55778008953777,High,Data appetite growing,3.55778008953777,5.160084715055755,5.468943023126986,0.41055388049032615,5.744986923739081,0.6290374012373474,1.020594828952486,-0.06773742519560422,-0.01659245609912208
SUB00021,2,Streaming & data-heavy,1.2102931496126699,3.7474037867525998,High,Data appetite shrinking,6.452875989439021,3.7474037867525998,1.2102931496126699,6.555458183426104,5.734705146392216,-0.7866184275562952,3.1906107562171964,-0.22290881309759547,0.030481172399705478
SUB00022,3,Light / occasional user,0.5678789486430408,3.885901776183984,High,Data appetite growing|Voice declining → data migration,3.885901776183984,5.590069175399796,5.708570685156734,0.5678789486430408,6.003189636289895,0.7297742323173161,-1.5497932287218272,-0.013005964269443974,0.0
SUB00023,2,Streaming & data-heavy,1.25133252392137,4.010233380955295,High,Data appetite shrinking|Voice declining → data migration|Roaming increasing,5.435157091156701,4.010233380955295,1.25133252392137,4.7256481637638394,5.861958035100401,-0.6494154452898558,-2.802788238966732,0.20566995317177403,-0.0158182113790682
SUB00024,4,Roaming / travel-heavy,0.383540971358886,4.776400903881194,High,Data appetite shrinking|Voice declining → data migration,5.590243418309991,4.776400903881194,5.554576317831006,5.496763004557719,0.383540971358886,-1.601593513341185,-8.376601054062643,0.10153954064538318,-0.05937246285168084
SUB00025,0,Voice-centric,0.4782421761400184,3.5476757946736845,High,Data appetite shrinking,0.4782421761400184,4.3954907582952485,5.932801088731422,3.5476757946736845,5.9227532878619265,-0.35379123432696574,15.802443078629198,-0.1754763031589589,0.0
SUB00026,1,Underutilized / overspending,0.9493896645591191,3.5577562406243706,High,Data appetite growing|Voice declining → data migration,4.349653334304767,0.9493896645591191,3.5577562406243706,5.404134712156935,5.0458493971735106,0.600773692166495,-4.063175781038008,-0.09210385575819693,0.02109903753498802
SUB00027,3,Light / occasional user,1.0154997279301066,3.52722383831116,High,Data appetite shrinking,3.52722383831116,5.138659759598529,5.601096167570941,1.0154997279301066,5.753628694745247,-0.3684523163864767,-0.0823027506524345,-0.15567000136033474,-0.018332009136108107
SUB00028,2,Streaming & data-heavy,1.3092261773315468,4.186998688020029,High,Data appetite shrinking|Voice declining → data migration,6.702937235366342,4.186998688020029,1.3092261773315468,6.72121139714172,6.007103245404151,-0.9574062103970595,-5.717967339290643,-0.013155740380830831,0.014075166470687009
SUB00029,3,Light / occasional user,1.179718935623046,3.9772770681280627,High,Data appetite growing,3.9772770681280627,5.645046471606427,5.772715369089152,1.179718935623046,5.986953526979396,0.684669633813524,0.7435455503820612,0.12382878129331612,0.0
SUB00030,2,Streaming & data-heavy,1.360024347660074,3.870616134983863,High,Data appetite growing,5.419465519529969,3.870616134983863,1.360024347660074,4.752613497948007,5.984618921531053,0.3818644121590641,0.46712503143337275,-0.07203443882693086,0.04850223558480399
SUB00031,4,Roaming / travel-heavy,0.3669172633275056,4.958215322708489,High,Data appetite shrinking,6.003932976199384,4.958215322708489,5.826977949805073,5.990815518614643,0.3669172633275056,-1.2465629156443974,1.366646619636041,0.11548300089075077,-0.03712099089375639
SUB00032,0,Voice-centric,0.31454676781065444,3.74116221205181,High,,0.31454676781065444,4.302076027351737,6.000720277040301,3.74116221205181,5.931286291780915,0.14848871559387286,1.9853892406236355,-0.010679512005329425,0.0
SUB00033,1,Underutilized / overspending,0.9173440293679417,3.595577681860758,High,Data appetite growing|Voice declining → data migration,4.005899346145099,0.9173440293679417,3.595577681860758,5.08565561353624,4.865624066559255,0.8187884994821207,-6.808379681677683,0.1799577497055263,-0.0008568362856482346
SUB00034,3,Light / occasional user,0.5954060184014202,3.4310361714877393,High,Data appetite shrinking,3.4310361714877393,5.029180972242891,5.5361956690207315,0.5954060184014202,5.586668241986948,-0.25479871596649223,1.4363581234355705,0.09338031277535262,0.0023946581260397607
SUB00035,2,Streaming & data-heavy,2.3289158686515528,4.766517502221165,High,Data appetite growing|Voice declining → data migration,7.219228064901006,4.766517502221165,2.3289158686515528,7.293665087308222,6.322795994322863,1.4195534938701835,-5.43845411213919,0.0181211246753166,0.0009516141576245325
SUB00036,3,Light / occasional user,2.2393518352220148,4.464010627919929,High,,4.464010627919929,5.933932678163172,6.165798272244412,2.2393518352220148,6.3462625611382775,-0.10951542623610806,0.23975277692484984,-0.021193925485060185,0.0
SUB00037,2,Streaming & data-heavy,1.687312974638897,4.114900257230019,High,Data appetite growing,5.638753784846255,4.114900257230019,1.687312974638897,4.947479198070644,6.067805786232647,0.6605928578354542,5.866564163464197,-0.02940283810155266,0.01571819169156246
SUB00038,4,Roaming / travel-heavy,0.9335348055530415,4.8628327205679485,High,Data appetite growing,5.746107787104623,4.8628327205679485,5.655169768295752,5.684710357740469,0.9335348055530415,0.15935979920410268,5.171894062144496,0.09788684492819075,-0.04369992778387254
SUB00039,0,Voice-centric,0.7573624520228146,3.617753762341359,High,Data appetite growing,0.7573624520228146,4.222850774351379,5.818711198410912,3.617753762341359,5.841642583288326,0.8799808695240173,19.039506922568403,-0.15077790953858078,0.0
SUB00040,1,Underutilized / overspending,2.2918949055069375,4.370367910875808,High,Data appetite growing,4.886218649338084,2.2918949055069375,4.370367910875808,5.98350074367593,5.617144275834045,0.4438619127216193,4.460987172923956,-0.14535179602741038,0.004786089412250455
SUB00041,3,Light / occasional user,0.43734170758350793,3.5332386341981374,High,Data appetite growing,3.5332386341981374,5.193157558040922,5.583369211824821,0.43734170758350793,5.743319744703878,0.2662008353792429,2.056169832785578,-0.09284862896402152,0.013995465870055675
SUB00042,2,Streaming & data-heavy,2.0498250256579897,3.989926459271663,High,Data appetite growing,6.64069691097011,3.989926459271663,2.0498250256579897,6.748815664045007,5.779443872416991,0.4386302426180343,9.45814095323052,0.0964352106935865,-0.011889660043812627
SUB00043,3,Light / occasional user,0.6555458444397516,3.8831217264447413,High,Voice declining → data migration,3.8831217264447413,5.5344833100820905,5.740207675850089,0.6555458444397516,5.848276327619114,0.05830543732708257,-0.7892499780250108,0.12502101372789282,0.0
SUB00044,2,Streaming & data-heavy,1.5339042239164202,4.195344953378596,High,Data appetite growing,5.536646821644709,4.195344953378596,1.5339042239164202,4.803319248387573,5.999208026949118,0.5235775768376829,1.2907349472637903,0.13925870512890134,0.05699916220373303
SUB00045,4,Roaming / travel-heavy,0.3500069146661335,5.079218113096155,High,Data appetite shrinking,5.924989779026587,5.079218113096155,5.8952299982883325,5.851863978223678,0.3500069146661335,-0.6586093865285694,4.978081863670349,0.018444981258630002,0.004789555279283995
SUB00046,0,Voice-centric,0.2604454645635241,3.653264060956335,High,Data appetite shrinking,0.2604454645635241,4.157775107055443,5.907309393739447,3.653264060956335,5.819724725542199,-0.45901030235083645,14.265970711601327,-0.05927016105566561,0.0
SUB00047,1,Underutilized / overspending,1.5693193193187165,3.8154285820666325,High,Data appetite shrinking,4.2726890353177955,1.5693193193187165,3.8154285820666325,5.285788122037744,4.976850696823556,-0.2114949972261739,10.728421339792844,-0.05362220637184462,0.00738954508011072
SUB00048,3,Light / occasional user,1.4938989851840359,3.7798732065156995,High,Data appetite growing,3.7798732065156995,5.2949555497305845,5.685849950282149,1.4938989851840359,5.881133304135931,0.5881621397156769,2.1996003364315655,0.0016205734940008308,0.0085749879745749
SUB00049,2,Streaming & data-heavy,0.958479970838825,3.5289088206032284,High,Data appetite shrinking|Voice declining → data migration,6.162723312548648,3.5289088206032284,0.958479970838825,6.24699205348768,5.5226138425494025,-0.303846519377848,-4.57615577111496,0.017156009416513903,0.03376672130488791
SUB00050,3,Light / occasional user,1.3798095615065498,4.056460035601174,High,Data appetite growing,4.056460035601174,5.704695442357959,5.848875128448632,1.3798095615065498,6.1009651013698285,0.4489485067063695,1.0291482106060639,-0.0173172247183733,0.0
SUB00051,2,Streaming & data-heavy,2.179800774119449,4.390742181600387,High,Data appetite shrinking|Voice declining → data migration,5.8351607318639305,4.390742181600387,2.179800774119449,5.142947463438292,6.318122110734444,-2.168808323943873,-6.32354920972757,-0.09525418479080194,0.010409505787915293
SUB00052,4,Roaming / travel-heavy,0.26692350265269443,4.693508012672451,High,Data appetite shrinking,5.723871887172939,4.693508012672451,5.594373137200714,5.703996360329109,0.26692350265269443,-0.15953630072667302,10.139350027750197,-0.19710037418605364,-0.010986279868796002
SUB00053,0,Voice-centric,2.1392705807033097,4.060549367394516,High,Data appetite shrinking,2.1392705807033097,4.857611473381272,6.23269673235401,4.060549367394516,6.258663347641769,-0.368591169093811,10.222758467127075,-0.12869410985049443,0.0
SUB00054,1,Underutilized / overspending,1.331039718354197,3.92267443208013,High,Data appetite growing,4.437590422148885,1.331039718354197,3.92267443208013,5.53194510323255,5.214785694051539,0.16679154778019142,3.2840556472029556,-0.21635097680768411,-0.007922441764270734
SUB00055,3,Light / occasional user,1.5628114974229543,3.8325317019574623,High,Data appetite growing,3.8325317019574623,5.3868358134441685,5.659704051119382,1.5628114974229543,5.935003121044965,0.9459806919412413,1.4211965384038985,0.040677365647059066,0.02087155061123993
SUB00056,2,Streaming & data-heavy,1.7749749004593267,4.208537423316027,High,Data appetite shrinking,6.8669552928141755,4.208537423316027,1.7749749004593267,6.987231661007248,5.881728337804517,-0.58179765052654,0.5214147437508653,0.17229681568707084,0.020591201980118424
SUB00057,3,Light / occasional user,0.6518286670092603,3.806070778839391,High,Data appetite shrinking|Voice declining → data migration,3.806070778839391,5.469041602709185,5.751961866900224,0.6518286670092603,5.911581912391586,-0.1827966277554993,-1.931108660869558,0.0005958618802049309,0.0
SUB00058,2,Streaming & data-heavy,1.0265424802833987,4.071102021024893,High,Data appetite growing,5.671472289228646,4.071102021024893,1.0265424802833987,5.051127511332114,6.046084491176845,0.5318065841039037,5.374340936277496,0.04508637086959298,-0.016379421420297795
SUB00059,4,Roaming / travel-heavy,1.5008271352089868,5.116071786876896,High,Data appetite growing|Voice declining → data migration,6.145060321837051,5.116071786876896,5.9508293681671285,6.174934452294163,1.5008271352089868,0.2436894040612701,-5.676812287958566,-0.21514384918907598,-0.018728019983515407
SUB00060,0,Voice-centric,0.724131940765982,3.431374603220453,High,Data appetite shrinking|Voice declining → data migration,0.724131940765982,4.380518521420422,5.93409018768081,3.431374603220453,5.783704472438276,-0.32438417664004504,-5.338327625902587,0.027501606305297428,0.0
SUB00061,1,Underutilized / overspending,0.677825545573095,3.5449635240209383,High,Data appetite growing|Voice declining → data migration,4.111661217705544,0.677825545573095,3.5449635240209383,5.129542349927394,4.759867306040675,0.4120435723425567,-9.945524858570998,-0.01354539447573539,0.048109464816345975
SUB00062,3,Light / occasional user,1.0911042284531347,3.637441362498643,High,,3.637441362498643,5.217508524376472,5.54274978305247,1.0911042284531347,5.684965242748836,0.10536346981423819,3.3254820410175214,0.19651937968414193,0.007834698893145545
SUB00063,2,Streaming & data-heavy,1.6100164689536214,3.283930951441435,High,Data appetite shrinking,6.02406467976557,3.283930951441435,1.6100164689536214,6.215881768832217,4.99157723113748,-0.9664178915739902,1.5910783977030079,-0.05740307849359471,0.03484981652594709
SUB00064,3,Light / occasional user,0.7119462218601208,3.9246720636247163,High,Data appetite shrinking|Voice declining → data migration,3.9246720636247163,5.601661951665209,5.787575990723901,0.7119462218601208,5.997839476185471,-0.177858064899062,-1.0198445484236904,-0.017774332606775564,0.0
SUB00065,2,Streaming & data-heavy,1.2084147698156646,4.012490406484271,High,Data appetite growing|Voice declining → data migration,5.517545894249349,4.012490406484271,1.2084147698156646,4.821979726413037,6.006845511037163,0.9229472037974576,-0.8704215006340191,0.028258255438106922,-0.02676975050330866
SUB00066,4,Roaming / travel-heavy,2.3951651986223412,5.50913221767577,High,Data appetite shrinking,6.352592666468518,5.50913221767577,6.304580166374685,6.269022354593487,2.3951651986223412,-1.028683016763584,7.338584907507296,-0.08840949027813015,-0.007571374601189917
SUB00067,0,Voice-centric,0.3611514790986868,3.8324282538061403,High,Data appetite growing|Voice declining → data migration|Roaming increasing,0.3611514790986868,4.274519278209285,5.944226166642088,3.8324282538061403,5.934482521036626,0.15716347690137206,-5.92559742468813,0.23385332890368377,0.0
SUB00068,1,Underutilized / overspending,0.2621377086475375,3.7295145088459902,High,Data appetite shrinking,4.097728777150063,0.2621377086475375,3.7295145088459902,5.244682753365187,4.89796399531978,-0.9698850031695846,6.205439996214578,-0.20109404157028793,-0.02673215666565153
SUB00069,3,Light / occasional user,0.458992635616099,3.3816432436959096,High,Data appetite shrinking|Voice declining → data migration,3.3816432436959096,5.0713169857030875,5.575219702376513,0.458992635616099,5.711731391535644,-0.4132258882382231,-1.8100895071963512,-0.1086972900039021,-0.0035679724269510405
SUB00070,2,Streaming & data-heavy,1.8826036992993644,3.8521802558097473,High,Data appetite growing|Voice declining → data migration,6.373678410821851,3.8521802558097473,1.8826036992993644,6.504204267299882,5.584820009858093,0.3523113873438471,-1.6438552534509534,0.11335772540554685,-0.04717656184470482
SUB00071,3,Light / occasional user,0.913916256176655,3.9804618569037777,High,Data appetite growing,3.9804618569037777,5.640034194183511,5.741367680936149,0.913916256176655,6.052304261848012,0.6406137292137882,2.0404275181294853,-0.022991229750856566,0.0
SUB00072,2,Streaming & data-heavy,1.322343282206063,4.240981358458702,High,Voice declining → data migration,5.6456418494051,4.240981358458702,1.322343282206063,4.916291602039552,6.1405491347341234,0.105879195102594,-3.3472496448586853,-0.018543792553601186,0.00694982132874895
SUB00073,4,Roaming / travel-heavy,0.6205289619892884,5.152704007216258,High,Data appetite shrinking,6.173153526482886,5.152704007216258,6.025689585449281,6.205811087492553,0.6205289619892884,-0.8630831545694482,0.3615084944854794,0.1777510069697932,0.055032102434041184
SUB00074,0,Voice-centric,0.41946111774989425,3.8172783516130138,High,Data appetite growing,0.41946111774989425,4.215803742973175,5.927852598525696,3.8172783516130138,5.789812634202346,0.203851916818245,7.943207542445245,0.09817502692025433,0.0
SUB00075,1,Underutilized / overspending,0.9373658660515164,3.812922908990537,High,Data appetite shrinking|Voice declining → data migration,4.234788116653628,0.9373658660515164,3.812922908990537,5.435885004822964,4.848569979430593,-1.4388236161411205,-5.043042284656909,0.00856036553656756,-0.0065398171604115875
SUB00076,3,Light / occasional user,0.6015174930664186,3.516578815127074,High,Data appetite growing|Voice declining → data migration,3.516578815127074,5.07574524121895,5.431143888563312,0.6015174930664186,5.612923449472842,0.8777518871496844,-0.1732864728970226,0.024174185866905958,0.003035265247217307
SUB00077,2,Streaming & data-heavy,1.6691035512109416,4.057546428116918,High,Data appetite growing|Voice declining → data migration,6.624045239501908,4.057546428116918,1.6691035512109416,6.685871482903518,5.948027610030095,1.5446647558723154,-12.772837272989628,-0.07315242023901951,-0.02280088178287674
SUB00078,3,Light / occasional user,0.5659685956843059,3.9403204819589264,High,Data appetite growing|Voice declining → data migration,3.9403204819589264,5.588830618942893,5.688443689309838,0.5659685956843059,5.976365571845403,0.8421197693495999,-1.463234875655065,-0.02336643692480937,0.0
SUB00079,2,Streaming & data-heavy,1.4735815071054454,4.12742826645873,High,Data appetite shrinking|Voice declining → data migration,5.601231901661255,4.12742826645873,1.4735815071054454,4.898049363056646,6.031169516532122,-0.5362551083515822,-1.1089116641067114,0.11044756799143475,0.005829841356012073
SUB00080,4,Roaming / travel-heavy,0.49317080218218196,5.042494353004301,High,Data appetite growing|Voice declining → data migration,6.087489230087275,5.042494353004301,5.657441381237425,6.042735161290398,0.49317080218218196,0.5927570025975236,-0.34206379619179794,0.062339907011754035,0.03810597452123014
SUB00081,0,Voice-centric,0.5351581458265909,3.732779795910767,High,Data appetite shrinking|Voice declining → data migration,0.5351581458265909,4.321719863434277,5.971129706556425,3.732779795910767,5.905982736600642,-0.3984921129328529,-7.727713220990174,-0.026594182374207177,0.0
SUB00082,1,Underutilized / overspending,0.5211558192949935,3.6091194094012953,High,Data appetite growing|Roaming increasing,4.142471612014313,0.5211558192949935,3.6091194094012953,5.197856032890423,4.712278045847689,0.5332567684881212,4.235368344905812,0.20453343478517808,0.03366242955067902
SUB00083,3,Light / occasional user,1.2471582138512627,3.6844742233628325,High,Data appetite shrinking|Voice declining → data migration,3.6844742233628325,5.277103316593472,5.628497452580646,1.2471582138512627,5.7922763571947895,-0.19803911950037173,-1.7639962173977908,0.017770999799032905,-0.010738867796204215
SUB00084,2,Streaming & data-heavy,1.3487704655649573,3.671071817438712,High,,6.389338589861089,3.671071817438712,1.3487704655649573,6.529720553653657,5.473608990791002,0.05380182450528059,0.8600787186862032,0.062172649218051955,-0.03817179124969237
SUB00085,3,Light / occasional user,0.5521012656356692,3.8790417899273053,High,Data appetite growing,3.8790417899273053,5.585168338276098,5.716977143284544,0.5521012656356692,5.983596327759675,0.39687660683671705,1.9909462334610448,-0.03560778258347595,0.0
SUB00086,2,Streaming & data-heavy,1.468991171363197,4.553735285393419,High,Data appetite growing|Voice declining → data migration,5.948947428241731,4.553735285393419,1.468991171363197,5.2272059097341685,6.405607300222178,1.2536368742663189,-9.743907411533502,-0.07094456990438558,-0.010112418842467582
SUB00087,4,Roaming / travel-heavy,0.44683259040288514,4.553942108292888,High,Data appetite shrinking|Voice declining → data migration,5.655977374996372,4.553942108292888,5.445098107491736,5.6313336558940765,0.44683259040288514,-0.771872842822086,-5.637714232091178,0.06433566543429493,-0.00026807128178377805
SUB00088,0,Voice-centric,0.7403271475846848,3.7249785968769666,High,Data appetite shrinking|Roaming increasing,0.7403271475846848,4.128056943544358,5.872191702914209,3.7249785968769666,5.770546790601445,-0.4237550234733764,6.471875744133767,0.2827827858398251,0.0
SUB00089,1,Underutilized / overspending,0.8908043526231076,3.7028267851953296,High,Data appetite shrinking,3.924966733589991,0.8908043526231076,3.7028267851953296,5.039220649127994,4.589645800939914,-0.8978274562872154,2.182539909053411,0.10486018215920118,-0.015654166477484147
SUB00090,3,Light / occasional user,0.5202969224745034,3.484964259330245,High,Data appetite growing|Voice declining → data migration,3.484964259330245,5.06156222398842,5.473168685753968,0.5202969224745034,5.648638207563054,0.31445024351465045,-0.15026802600310982,-0.04196544190098301,-0.015020186308948276
SUB00091,2,Streaming & data-heavy,1.3552312576076941,3.774842107462288,High,Data appetite growing|Voice declining → data migration,6.466097868021699,3.774842107462288,1.3552312576076941,6.5908860979959165,5.471855196844046,0.21632407326564607,-7.232698541627953,0.022515923234788345,-0.02147331078736528
SUB00092,3,Light / occasional user,0.9342798656915084,3.967045775004897,High,Data appetite growing|Voice declining → data migration,3.967045775004897,5.636196438691825,5.733495330261038,0.9342798656915084,5.929691898143793,0.7263421067644658,-4.311992725115067,0.1362203642950347,0.0
SUB00093,2,Streaming & data-heavy,1.553945436556312,4.477552226888277,High,Voice declining → data migration,5.734921242353111,4.477552226888277,1.553945436556312,4.968092440669614,6.21133124215233,0.10994163659935319,-4.065551906408657,0.039604581267166504,-0.009966651669042391
SUB00094,4,Roaming / travel-heavy,0.6782229634232878,4.96517684192128,High,Data appetite shrinking|Voice declining → data migration,5.9441542732796115,4.96517684192128,5.7547472108860775,5.880129885958794,0.6782229634232878,-0.2854860488690272,-7.937200489308202,0.06800629432399935,-0.01960882933913702
SUB00095,0,Voice-centric,1.089994739030994,3.74474527529577,High,Data appetite shrinking|Voice declining → data migration,1.089994739030994,4.179989984877539,5.834368755171804,3.74474527529577,5.819143313179578,-0.26225156259050475,-9.765538232002507,0.028790101037148873,0.0
SUB00096,1,Underutilized / overspending,0.6377693090262236,3.9884514593496734,High,Data appetite shrinking,4.331494974791992,0.6377693090262236,3.9884514593496734,5.632764398805685,5.190333706514095,-0.9005546023610889,9.77561572684732,-0.1327307328186301,-0.009331830714975543
SUB00097,3,Light / occasional user,1.1878635206561894,3.679767831048104,High,Data appetite growing,3.679767831048104,5.215786597319907,5.50288291611886,1.1878635206561894,5.770848509573922,0.829772427238857,2.4744002827876455,-0.03228517915822899,-0.013788560472370724
SUB00098,2,Streaming & data-heavy,1.0580070234784127,3.4678765141362526,High,Data appetite growing|Voice declining → data migration,6.144667790968838,3.4678765141362526,1.0580070234784127,6.218800982822128,5.482343158087482,0.5155182129158319,-5.525497368797939,0.10488785109517222,0.019152048016446054
SUB00099,3,Light / occasional user,0.6515925253476063,3.9113501561948025,High,Voice declining → data migration,3.9113501561948025,5.570164956182141,5.735318349984776,0.6515925253476063,5.908195521162673,0.054704250951832865,-2.1224057933412728,0.12289483275271632,0.0
SUB00100,2,Streaming & data-heavy,1.2964982719805702,4.4217978853906725,High,Data appetite growing,5.957344702282816,4.4217978853906725,1.2964982719805702,5.314353519271112,6.288876879498847,0.3907920198619563,2.9417659673149728,0.12937774067365082,-0.048906413217093055
SUB00101,4,Roaming / travel-heavy,1.316966903872254,5.055275561108266,High,Data appetite shrinking|Voice declining → data migration,6.048626010761936,5.055275561108266,5.9542463129938765,6.008213860346248,1.316966903872254,-0.18147469022537707,-4.202319274938201,-0.3983817103679811,0.00360999062103527
SUB00102,0,Voice-centric,0.29829464256486404,3.8165894785324546,High,Data appetite growing,0.29829464256486404,3.979757799967076,5.800467105473425,3.8165894785324546,5.832083178898954,0.2606224521881686,1.4729729849758246,0.14955475147438432,0.0
SUB00103,1,Underutilized / overspending,1.4026985061303576,4.073685568117966,High,Voice declining → data migration,4.609216571583179,1.4026985061303576,4.073685568117966,5.776545965709705,5.091536337848453,-0.058182611520353957,-7.818108490852343,0.15601260894115476,-0.01270869994893258
SUB00104,3,Light / occasional user,1.7100580952033106,3.916328999875226,High,Data appetite growing|Voice declining → data migration,3.916328999875226,5.378040325313159,5.673598650685372,1.7100580952033106,5.888697012489133,0.3619859699264687,-1.151118417664066,-0.030666780153883553,-0.009807606953650417
SUB00105,2,Streaming & data-heavy,1.7703000963716429,4.1987879937781445,High,Data appetite growing,6.872951462782029,4.1987879937781445,1.7703000963716429,6.970341285189747,5.97824427067009,0.20609742515743432,1.1579041921615896,0.05311838515814878,0.0005466436497848392
SUB00106,3,Light / occasional user,0.5508366181137005,3.8841420154222397,High,Data appetite growing,3.8841420154222397,5.528433567470051,5.696291269437721,0.5508366181137005,5.95863334923876,0.6347972909721437,1.6258522730231968,-0.03181280980700549,0.0
SUB00107,2,Streaming & data-heavy,1.7708680101413476,3.80280904051318,High,Data appetite growing|Voice declining → data migration,5.277697766152522,3.80280904051318,1.7708680101413476,4.642732862641091,5.8469865492606425,0.19961999913128367,-2.5086225762541616,0.03238267603332807,-0.002811368477955425
SUB00108,4,Roaming / travel-heavy,0.35679894847172255,4.8546788137642745,High,,5.879441284213163,4.8546788137642745,5.705549240690934,5.916428273036655,0.35679894847172255,0.11028734864781504,0.7461668844086097,-0.02410085272777678,0.040007456155345573
SUB00109,0,Voice-centric,0.46795502150403145,3.6729837781103356,High,Data appetite growing|Voice declining → data migration,0.46795502150403145,4.250681809839758,5.800659177374748,3.6729837781103356,5.730873160490331,0.5475392903438034,-22.91717171611322,0.11637286435905297,0.0
SUB00110,1,Underutilized / overspending,1.2868643055182243,4.223156013066998,High,Data appetite shrinking,4.4247471340353295,1.2868643055182243,4.223156013066998,5.643236470901813,5.003511420174559,-1.3410500419846882,8.966364782453738,-0.07263293202528033,0.030298282497887068
SUB00111,3,Light / occasional user,0.612921030608708,3.4944259881798105,High,Data appetite shrinking,3.4944259881798105,5.065476526440183,5.460770656624603,0.612921030608708,5.578924763386023,-0.20486676921897984,0.1988344861271262,0.16675669102146015,0.0107641529736224
SUB00112,2,Streaming & data-heavy,1.1610164639811569,3.6363155870379638,High,Data appetite shrinking|Voice declining → data migration,6.340942382036839,3.6363155870379638,1.1610164639811569,6.4552815200911775,5.618335120230837,-0.8438967813073526,-11.809986522328156,-0.1064769025068016,0.018911915374397768
SUB00113,3,Light / occasional user,0.9598477153024216,3.9924161178843427,High,Voice declining → data migration,3.9924161178843427,5.624825530912838,5.8065622150589,0.9598477153024216,5.97886745636747,0.05823978487340854,-4.609030638207097,0.08037426121727313,0.0
SUB00114,2,Streaming & data-heavy,1.2288572443967392,3.912121374395967,High,,5.389041580222964,3.912121374395967,1.2288572443967392,4.740805392190491,5.879626069081351,0.13176752819666476,9.16597284047064,0.09287282338789925,0.03703678021882757
SUB00115,4,Roaming / travel-heavy,0.9581039673034224,4.960165063939453,High,Data appetite growing,6.02020135527938,4.960165063939453,5.743099860440205,6.003965735188062,0.9581039673034224,0.6965085053989792,7.303856282136075,-0.06594082546006486,-0.05558905552477617
SUB00116,0,Voice-centric,0.3947269085835705,3.7275533815053783,High,Data appetite shrinking,0.3947269085835705,4.094276096086888,5.873582096238799,3.7275533815053783,5.801324503327787,-0.5784558234405147,2.4058624927810346,-0.06908364749892809,0.0
SUB00117,1,Underutilized / overspending,0.5234173238384721,4.005201924281543,High,Data appetite shrinking|Voice declining → data migration,4.218878890764025,0.5234173238384721,4.005201924281543,5.367841854544668,4.812294982153507,-2.2314485656456524,-11.363333850720647,0.05176260918734376,0.012560405954374156
SUB00118,3,Light / occasional user,0.684567474972094,3.636145453187345,High,Data appetite shrinking|Voice declining → data migration,3.636145453187345,5.2109119594844255,5.514943154438871,0.684567474972094,5.742948483953069,-0.3806607948095197,-4.5482772390827435,-0.17153977797722633,-0.010554113967540064
SUB00119,2,Streaming & data-heavy,1.2328726023586534,3.6003981887722185,High,Data appetite shrinking,6.294071460767163,3.6003981887722185,1.2328726023586534,6.413680603143962,5.662352835634482,-0.45067138321539474,1.3836169629082582,0.08909777644660698,-0.02359853309251601
SUB00120,3,Light / occasional user,0.48920429448755176,3.8596650810662854,High,Data appetite shrinking|Voice declining → data migration,3.8596650810662854,5.550436453049905,5.762226478631765,0.48920429448755176,5.9611580728774065,-0.1686960853520579,-2.523760286156904,-0.026086355432407712,0.0
SUB00121,2,Streaming & data-heavy,2.0876199404843665,4.346919769981109,High,Data appetite growing|Voice declining → data migration,5.614041802407762,4.346919769981109,2.0876199404843665,4.991275575389435,6.263160201203543,0.5532680437593114,-5.253501582207842,-0.0902825105272454,0.008374042802546455
SUB00122,4,Roaming / travel-heavy,0.3248153448796943,4.706510165215886,High,,5.822991492021747,4.706510165215886,5.6087945332459554,5.850207626548599,0.3248153448796943,-0.05833023385619538,2.486259769504282,0.14769850428440268,-0.0013818974711968296
SUB00123,0,Voice-centric,0.2865840364276052,3.523040001909693,High,Data appetite growing,0.2865840364276052,4.195920209332612,5.788939207242884,3.523040001909693,5.802885263618782,0.21427923554512804,1.9932879274884543,0.08651874551116503,0.0
SUB00124,1,Underutilized / overspending,0.44271723926371476,3.66609253703181,High,Data appetite growing|Voice declining → data migration,4.275060656112711,0.44271723926371476,3.66609253703181,5.451809146941216,4.7783894252235815,0.3451459921808297,-16.336365947824383,0.15315010285242284,-0.033025714351876415
SUB00125,3,Light / occasional user,1.53094552609038,3.903353198698039,High,Data appetite growing,3.903353198698039,5.364727729334954,5.624601346740289,1.53094552609038,5.826019058734458,0.2829879721513429,0.5068122251692551,0.03945865935778249,0.0037406923060412833
SUB00126,2,Streaming & data-heavy,2.1076911758898844,4.179962199361889,High,Data appetite shrinking|Voice declining → data migration,6.735361331895059,4.179962199361889,2.1076911758898844,6.7970272006727654,6.001433907535411,-1.4718354647088756,-0.8010516184331278,-0.09651644330720406,0.014692654323056033
SUB00127,3,Light / occasional user,0.878165203512834,3.9571747749851873,High,Data appetite growing|Voice declining → data migration,3.9571747749851873,5.615269259678439,5.752380448139395,0.878165203512834,5.981365709118646,0.48897886197081136,-0.18066905868919336,0.038059632807583316,0.0
SUB00128,2,Streaming & data-heavy,1.9652429335373651,4.3051136729169155,High,Voice declining → data migration|Roaming increasing,5.640519261619522,4.3051136729169155,1.9652429335373651,4.900022489978563,6.027438363805865,0.04423191519415161,-5.562077210375226,0.20290342141251785,-0.050072490721756006
SUB00129,4,Roaming / travel-heavy,0.5546120159819174,4.928008108976034,High,Data appetite shrinking|Roaming increasing,5.984347028356368,4.928008108976034,5.818799929475873,5.994555254589906,0.5546120159819174,-0.6449176442783212,3.2576739864732733,0.2740051641085029,0.037551190971447726
SUB00130,0,Voice-centric,2.3066537706454207,4.468264291663608,High,Data appetite shrinking,2.3066537706454207,4.9252992114211285,6.384682022577251,4.468264291663608,6.281304213567382,-0.18860724175181992,24.4383300894047,0.050116473181788676,0.0
SUB00131,1,Underutilized / overspending,0.6728676705012808,3.689679531020561,High,Data appetite growing|Voice declining → data migration,4.442248478148755,0.6728676705012808,3.689679531020561,5.5546362596801595,4.809138895889517,0.2490192335755756,-9.994627563652848,0.055732106200576406,0.005795741676854079
SUB00132,3,Light / occasional user,0.9922156116001611,3.6040473130818995,High,Data appetite growing|Voice declining → data migration,3.6040473130818995,5.079555826095831,5.421198048786155,0.9922156116001611,5.575661911280148,0.17410792668116246,-0.9672479042402559,0.09477453897676826,0.0012446193356863793
SUB00133,2,Streaming & data-heavy,1.5720903004928193,3.5072155072290614,High,Data appetite shrinking,6.308860187705284,3.5072155072290614,1.5720903004928193,6.4832364816851555,5.228831835764004,-0.8725590252892977,6.3077795417428755,0.013192708277227546,-0.009435517995374664
SUB00134,3,Light / occasional user,0.3857170379469633,3.827889820580534,High,Voice declining → data migration,3.827889820580534,5.523743594237192,5.719080105228884,0.3857170379469633,5.8936973680621225,0.13985899699722748,-0.6019842065548865,0.04949197123405528,0.0
SUB00135,2,Streaming & data-heavy,2.030400749585312,4.757839724564111,High,,6.179212805689458,4.757839724564111,2.030400749585312,5.5878840132427925,6.632247238173346,-0.14579143473009726,6.07267037358129,-0.10685175243547489,-0.03221012660477411
SUB00136,4,Roaming / travel-heavy,1.9941842374282766,5.347306871569841,High,,6.11886426726375,5.347306871569841,6.0823281558756825,5.976301564648738,1.9941842374282766,0.06705885006218563,5.3941326782094965,0.05472587797337993,6.348021962713189e-05
SUB00137,0,Voice-centric,2.300250067947122,4.393489870678025,High,Data appetite shrinking|Voice declining → data migration,2.300250067947122,4.552500377832492,6.2868193192053585,4.393489870678025,6.186231636099903,-0.24546492760897992,-32.2465008007617,0.06402400987287,0.0
SUB00138,1,Underutilized / overspending,0.45003090438721155,3.737164533972462,High,Voice declining → data migration,4.433064403906027,0.45003090438721155,3.737164533972462,5.610701278426878,5.097357136354444,0.009989778729554345,-11.214425227081218,-0.14155196548974608,-0.01851635427013412
SUB00139,3,Light / occasional user,0.47550582137298714,3.4396451281308353,High,Data appetite shrinking,3.4396451281308353,5.0937688926591385,5.514966253295892,0.47550582137298714,5.5985573273745874,-0.3996964441823438,1.0941691408525176,0.19143260322498618,0.000626661689416555
SUB00140,2,Streaming & data-heavy,1.5355437422639102,3.904127883858245,High,Data appetite growing,6.557537087321354,3.904127883858245,1.5355437422639102,6.658644933744119,5.78117843292803,0.3880618740244119,9.235930490138461,-0.2208930034646205,0.028280579067456745
SUB00141,3,Light / occasional user,1.0545076264941844,3.928335660393696,High,,3.928335660393696,5.562897367294259,5.794444467082044,1.0545076264941844,5.942657104122817,0.0704504628474659,0.11018551171357437,0.08152229243275992,0.0
SUB00142,2,Streaming & data-heavy,1.6821799332337464,4.294843146662078,High,Data appetite growing|Voice declining → data migration,5.650092522749892,4.294843146662078,1.6821799332337464,4.907115742029883,6.118380235522381,1.6584634028953487,-1.8921138149113261,0.028023049641800128,-0.005454672788370631
SUB00143,4,Roaming / travel-heavy,0.5565607930059316,5.267180210379415,High,Data appetite shrinking|Voice declining → data migration,6.020645962765258,5.267180210379415,6.041299782244301,5.897798610655205,0.5565607930059316,-0.6020713209516996,-1.9199222367351687,0.09897171574784519,0.028093649095766213
SUB00144,0,Voice-centric,0.36796275581687365,3.7158372869960177,High,Data appetite growing,0.36796275581687365,4.091079441513099,5.791737343542522,3.7158372869960177,5.814063201633549,0.5183100647733188,1.986557088684019,0.0049563710303586845,0.0
SUB00145,1,Underutilized / overspending,0.38780180584252066,3.8099827668303763,High,Data appetite growing|Voice declining → data migration,4.226782744674524,0.38780180584252066,3.8099827668303763,5.444877534428917,5.055674936694822,0.6599353621122691,-5.1152521582398585,-0.09236846928098935,-0.04515023982061877
SUB00146,3,Light / occasional user,0.6234285572509177,3.5227550119904625,High,Data appetite shrinking,3.5227550119904625,5.151881832160856,5.578471911086806,0.6234285572509177,5.707581096170029,-0.15305035086879587,0.879028263485134,-0.04820128664742627,0.007293978253328477
SUB00147,2,Streaming & data-heavy,1.6121763214599447,4.094973552773818,High,Data appetite growing|Voice declining → data migration,6.59072675959518,4.094973552773818,1.6121763214599447,6.650853256653353,5.868531796957858,1.4706431691522266,-6.17164051852045,-0.11484674525206526,-0.0018028627784292249
SUB00148,3,Light / occasional user,2.356930338774929,4.488707004684859,High,,4.488707004684859,5.951534074209119,6.174303722844897,2.356930338774929,6.3671151443074105,0.09211697132488755,1.646940866315548,-0.03227087736673952,0.0
SUB00149,2,Streaming & data-heavy,1.9655751926907667,4.077265217825616,High,Voice declining → data migration,5.454075786659998,4.077265217825616,1.9655751926907667,4.842950004575955,6.087583260918302,-0.059933629889010215,-2.2997833292343444,-0.09688809026357754,-0.029441506128373356
SUB00150,4,Roaming / travel-heavy,0.40657967526584743,5.134184164992447,High,Data appetite growing|Voice declining → data migration,6.005697714771019,5.134184164992447,5.950125047199849,5.98730785214535,0.40657967526584743,0.8919866840636262,-5.336748741611252,0.1054386518936066,0.016228779159577315
SUB00151,0,Voice-centric,0.4211629461839316,3.6842062121924957,High,Voice declining → data migration,0.4211629461839316,4.146916159112886,5.862997820757398,3.6842062121924957,5.838315820081754,-0.04500025261840344,-9.04643164941637,0.08191583084081148,0.0
SUB00152,1,Underutilized / overspending,0.5803568836938633,3.712282803175332,High,Data appetite growing,4.252937665928564,0.5803568836938633,3.712282803175332,5.39290731851997,4.815140405730415,0.7857202261244982,6.629582640422609,0.019553694483650692,0.001231252709598621
SUB00153,3,Light / occasional user,1.41342311878447,3.6354688582579198,High,Data appetite growing,3.6354688582579198,5.199278871338297,5.619344353294137,1.41342311878447,5.7864168621408245,0.38199721815614623,0.39746130926170753,0.08882646672964468,-0.0046002919209085676
SUB00154,2,Streaming & data-heavy,1.201899399381571,3.7904937437515516,High,Data appetite growing|Voice declining → data migration,6.298105440647005,3.7904937437515516,1.201899399381571,6.350887515424781,5.636459411667346,1.0506976135695394,-16.126197496830233,-0.11177724590882097,0.032925095987600954
SUB00155,3,Light / occasional user,2.864239998662833,4.737822138474952,High,Data appetite growing,4.737822138474952,6.217655663226326,6.333470860296878,2.864239998662833,6.619357413426819,0.6357740249422137,0.18822456151065978,-0.0006392035676306329,0.0
SUB00156,2,Streaming & data-heavy,1.780035869939938,4.067288870944443,High,Data appetite growing|Voice declining → data migration,5.328715598827154,4.067288870944443,1.780035869939938,4.610846654133947,6.032128134282296,0.5341285296968445,-3.3823495767275435,-0.1380568684645836,-0.04304938595663162
SUB00157,4,Roaming / travel-heavy,2.0977049746149823,5.009141891609584,High,Data appetite growing,6.073355965348769,5.009141891609584,5.888554107212046,6.07239270736616,2.0977049746149823,0.22639325642127137,0.49751955771547524,-0.06966011688263739,-0.019402310533311744
SUB00158,0,Voice-centric,0.9653929446936214,3.7026428217703877,High,Data appetite shrinking,0.9653929446936214,4.374558124891013,5.913464716125396,3.7026428217703877,5.914354313679928,-0.2474244130482012,6.436984824217316,-0.08773610696632005,0.0
SUB00159,1,Underutilized / overspending,1.5428175567586193,3.5703638472196606,High,Data appetite growing|Voice declining → data migration,4.555205319646113,1.5428175567586193,3.5703638472196606,5.5555715589076895,4.895391996767251,1.2233387767854924,-5.628680941747291,0.033402914345424924,0.022914992682069268
SUB00160,3,Light / occasional user,1.3971843211381283,3.7536741702533964,High,Data appetite growing|Voice declining → data migration,3.7536741702533964,5.250198019483307,5.6550156880380165,1.3971843211381283,5.8104136544081895,0.6261776077309567,-2.7052793961268424,0.006469022738499005,-0.0014899497845564126
SUB00161,2,Streaming & data-heavy,1.988175293086026,3.628080196319291,High,Data appetite shrinking|Voice declining → data migration,6.256016056368053,3.628080196319291,1.988175293086026,6.464865057999179,5.534070199859513,-0.3036695620078137,-4.837675045860205,-0.06835675082994262,-0.02448260888135627
SUB00162,3,Light / occasional user,0.5443319591906088,3.8792876024421656,High,,3.8792876024421656,5.5886620458704375,5.7764539010455875,0.5443319591906088,5.978266988867696,-0.09802490451241022,3.4488725316061317,-0.017514846801019984,0.0
SUB00163,2,Streaming & data-heavy,1.3855627859915554,4.318290738065262,High,Data appetite shrinking|Voice declining → data migration,5.671311505449216,4.318290738065262,1.3855627859915554,4.9613154344622235,6.125255438072747,-0.6100072049062734,-2.206753942180408,0.009641060479385765,0.0027078876669662743
SUB00164,4,Roaming / travel-heavy,1.7837912464407928,5.02929649512151,High,Data appetite growing,6.00638162784406,5.02929649512151,5.946258214190462,6.012197042345233,1.7837912464407928,0.2436073133021921,2.0316577780878284,-0.03250602594995729,-0.012343225402828183
SUB00165,0,Voice-centric,0.36838012926295916,3.6242614497070575,High,Data appetite growing,0.36838012926295916,4.259375749623118,5.790216091910579,3.6242614497070575,5.882630610660755,0.38976242872293226,26.542999113891305,-0.054827155651867666,0.0
SUB00166,1,Underutilized / overspending,0.567790570194004,3.5290970074212393,High,Data appetite shrinking|Voice declining → data migration,4.002095168592427,0.567790570194004,3.5290970074212393,5.090447294600055,4.702187739659974,-0.48805296391124303,-5.611363880082108,0.03392697530859884,-0.033518955483274694
SUB00167,3,Light / occasional user,1.120759259293057,3.5918238051058515,High,Data appetite shrinking|Voice declining → data migration,3.5918238051058515,5.163286932409372,5.619695660875616,1.120759259293057,5.651289322927911,-0.5908266285060549,-2.240803002501105,0.11509228706465284,-0.005765170011778496
SUB00168,2,Streaming & data-heavy,1.3536427837746785,3.7167203270999774,High,Data appetite shrinking|Voice declining → data migration,6.489178741164117,3.7167203270999774,1.3536427837746785,6.668151126448612,5.783612333030152,-0.21939686428544267,-11.616535666744888,-0.10671057542059881,-0.012360970158199085
SUB00169,3,Light / occasional user,0.6423228058951711,3.878988655026561,High,Data appetite shrinking|Voice declining → data migration,3.878988655026561,5.580766981832113,5.776485991309668,0.6423228058951711,5.97420686033549,-0.1789691994996183,-0.62884371925708,0.006761764608539717,0.0
SUB00170,2,Streaming & data-heavy,1.5670801180863418,4.204066433656457,High,Voice declining → data migration,5.709745364099814,4.204066433656457,1.5670801180863418,5.104596454334875,6.210500614172175,-0.12143268670838687,-4.477059304192031,-0.03861233781937565,0.030526312406917545
SUB00171,4,Roaming / travel-heavy,0.2592050806863336,4.728749636049284,High,Data appetite growing,5.859008008393979,4.728749636049284,5.653305976491241,5.8829350600896095,0.2592050806863336,0.26680112256094196,8.056446715254902,0.05255708767834823,0.015192445775655733
SUB00172,0,Voice-centric,0.5645701430325514,3.390420261383404,High,Data appetite shrinking|Voice declining → data migration,0.5645701430325514,4.089361138410735,5.6861004431488125,3.390420261383404,5.617346481746867,-0.8672416199344951,-7.9889501142925985,0.03507732126160169,0.0
SUB00173,1,Underutilized / overspending,0.6413132759801737,3.568980177675039,High,Data appetite shrinking,4.165619179285007,0.6413132759801737,3.568980177675039,5.262735246582336,4.801537323683509,-1.1484209394216165,10.758630736315169,0.08908774050092651,-0.0023811302453430796
SUB00174,3,Light / occasional user,2.136102137916262,4.106232271081496,High,Data appetite shrinking,4.106232271081496,5.557202300987544,5.949688012866371,2.136102137916262,6.0558472541548,-0.5856707508862262,0.9473294000008032,0.036160846918672246,0.024870408332103862
SUB00175,2,Streaming & data-heavy,1.8064224237615634,4.506643676278479,High,Data appetite growing,7.07838453187379,4.506643676278479,1.8064224237615634,7.1428001855239405,6.2714493284387,1.0987375158906911,6.987530734114018,-0.07279955603703583,0.03610245473307705
SUB00176,3,Light / occasional user,0.5444795513046341,3.9084549208352444,High,Data appetite growing|Voice declining → data migration,3.9084549208352444,5.566241226638584,5.704664332162283,0.5444795513046341,5.993007103326998,0.7393456741371189,-1.016394777251347,-0.022542728406290173,0.0
SUB00177,2,Streaming & data-heavy,1.3829413517928453,4.02127593588314,High,Data appetite shrinking|Voice declining → data migration,5.395873354315832,4.02127593588314,1.3829413517928453,4.678509504996274,6.017298313949312,-1.2442678881377531,-2.2762229153396785,-0.09036989359353995,0.01704031112172913
SUB00178,4,Roaming / travel-heavy,0.8056681536268295,4.709502427074145,High,Data appetite shrinking,5.6423841512151265,4.709502427074145,5.6235241217944525,5.643687624396329,0.8056681536268295,-0.6142264549841173,3.6976748370650565,-0.17777339535901782,-0.033658677989525876
SUB00179,0,Voice-centric,0.3315579936131463,3.7797085230441407,High,Data appetite shrinking|Voice declining → data migration,0.3315579936131463,4.371674797800395,6.0141650532427,3.7797085230441407,6.007406746351857,-0.28843921802664724,-7.768144777951882,-0.04478903417977804,0.0
SUB00180,1,Underutilized / overspending,0.9836085624006748,4.051038980727968,High,Data appetite shrinking|Voice declining → data migration,4.160932834539312,0.9836085624006748,4.051038980727968,5.346329606929289,4.963465767683065,-0.9161473115523742,-20.472350563151256,-0.128540125599996,-0.005570181461388197
SUB00181,3,Light / occasional user,0.3877345175911932,3.5471707397684114,High,Data appetite growing,3.5471707397684114,5.171971378771676,5.500214871288455,0.3877345175911932,5.791181775940074,0.19915681081377526,6.161134409769972,-0.07399969597069911,0.007884006105682165
SUB00182,2,Streaming & data-heavy,2.2393118997204007,4.327093775660079,High,Data appetite shrinking|Voice declining → data migration,6.886195591125924,4.327093775660079,2.2393118997204007,7.018305819834042,6.097125663599225,-0.49979734049473173,-0.18909212180570742,0.058951560920634874,0.035842616166061415
SUB00183,3,Light / occasional user,0.998975433788368,3.9685566591670307,High,Voice declining → data migration,3.9685566591670307,5.589694260002491,5.828493196441018,0.998975433788368,6.014025372182646,-0.06741003256884594,-2.9722859604580214,-0.017228978635371355,0.0
SUB00184,2,Streaming & data-heavy,2.1159666463869735,4.318204686591107,High,Data appetite shrinking,5.553012385032142,4.318204686591107,2.1159666463869735,4.8610197969694156,6.09259575332445,-1.1176670548019292,1.3330270282837056,0.07316211354121656,-0.021519586459071354
SUB00185,4,Roaming / travel-heavy,0.9784503669087031,4.995536820824055,High,Data appetite shrinking,5.941232393979377,4.995536820824055,5.857194577133285,5.9046925576476115,0.9784503669087031,-0.25952155136884386,4.680901457430934,-0.046955301172021756,-0.04148198078736755
SUB00186,0,Voice-centric,1.3327520121387793,3.9332162425088497,High,Data appetite shrinking|Voice declining → data migration,1.3327520121387793,4.32791693284434,6.050561924997283,3.9332162425088497,5.98629399111941,-0.4819821790335726,-1.0584446171827895,-0.03098868929557445,0.0
SUB00187,1,Underutilized / overspending,0.9631589316931386,3.706162661612976,High,Data appetite shrinking,4.231131986995147,0.9631589316931386,3.706162661612976,5.386868669628111,4.838600968995403,-0.89979656086905,0.7447612252203711,0.07080158437958461,-0.0334951195118981
SUB00188,3,Light / occasional user,0.7602586826092791,3.5283481091320166,High,Data appetite growing,3.5283481091320166,5.128228936177604,5.480276928986378,0.7602586826092791,5.690601520114498,0.7286935430512218,3.758618147060838,0.05924215416829295,0.008126025387271696
SUB00189,2,Streaming & data-heavy,1.2247041404786303,3.7183536755914846,High,Data appetite shrinking|Voice declining → data migration,6.373038722423759,3.7183536755914846,1.2247041404786303,6.511191035305441,5.61379645899223,-0.7677273661969677,-5.047265244742698,0.16365239949909488,0.040913927666888
SUB00190,3,Light / occasional user,1.0656389889953275,3.9255257878157606,High,Data appetite growing|Voice declining → data migration,3.9255257878157606,5.562384266370131,5.7746475938234365,1.0656389889953275,6.034404375032058,0.3960020541198547,-1.9809349336106288,-0.03557445716293977,0.0
SUB00191,2,Streaming & data-heavy,2.2816225550048332,4.2316923474636186,High,Voice declining → data migration,5.826273165867053,4.2316923474636186,2.2816225550048332,5.400714395892704,6.238540126224757,-0.11610820469879991,-2.8736746343141606,0.01805258099553921,0.01003330164945939
SUB00192,4,Roaming / travel-heavy,0.3297539596990652,4.680090206542505,High,Data appetite growing|Voice declining → data migration,5.634364452756074,4.680090206542505,5.537761245163495,5.586106613178435,0.3297539596990652,0.224696683822835,-4.963519638678593,-0.23074155587285058,-0.017466525690265626
SUB00193,0,Voice-centric,0.22060652964191488,3.680318555098121,High,Data appetite growing|Voice declining → data migration,0.22060652964191488,4.143594757728061,5.8472200449027945,3.680318555098121,5.881033671032935,0.4447163031551686,-30.887166741344256,0.029334980578213404,0.0
SUB00194,1,Underutilized / overspending,0.9601262604453866,3.7951892152036475,High,Data appetite shrinking|Voice declining → data migration,4.151509749466095,0.9601262604453866,3.7951892152036475,5.323951086742425,4.826564361703083,-0.17634947956137548,-15.337398614178646,0.15917378481300476,-0.006225746805209371
SUB00195,3,Light / occasional user,0.4420293937198239,3.4052006642512835,High,Data appetite growing|Voice declining → data migration,3.4052006642512835,5.055204612045346,5.509057654839889,0.4420293937198239,5.6449267649574795,0.5322680372323234,-0.5110336331925528,0.023196052756752822,0.018083829972582063
SUB00196,2,Streaming & data-heavy,1.3659276311640245,4.013340069409749,High,Data appetite shrinking|Voice declining → data migration,6.513699320097963,4.013340069409749,1.3659276311640245,6.6012691802631736,5.79815655520057,-0.45074752717904,-8.011977093114817,0.002930092193379734,0.05457384739842988
SUB00197,3,Light / occasional user,0.5795424517216455,3.908923552264568,High,Voice declining → data migration,3.908923552264568,5.5739197422318965,5.773239273690737,0.5795424517216455,5.979302762308201,-0.08674503199877562,-2.965768027139907,-0.016071808042558644,0.0
SUB00198,2,Streaming & data-heavy,1.174617737005307,4.02080672864335,High,Data appetite growing|Voice declining → data migration,5.5511650846053575,4.02080672864335,1.174617737005307,4.937906729676269,6.087757808789263,0.8930488280017207,-3.2884785433552834,-0.08541485152162681,-0.0022306258684380406
SUB00199,4,Roaming / travel-heavy,0.5350896758521646,4.829457327579507,High,Data appetite shrinking,5.805368999816728,4.829457327579507,5.8482399463738615,5.839272848513111,0.5350896758521646,-0.9704769409431238,8.652655268526733,-0.2492273869771387,-0.0010141705215484036
SUB00200,0,Voice-centric,0.6412858424327796,3.828013735313579,High,,0.6412858424327796,4.156531667570251,5.891476374166169,3.828013735313579,5.981728289503856,-0.10425456837158122,1.5446552908035702,-0.12351366880999025,0.0
SUB00201,1,Underutilized / overspending,0.7817464740233219,3.7997362488999618,High,Data appetite shrinking|Voice declining → data migration,4.230676269332535,0.7817464740233219,3.7997362488999618,5.422054489918836,4.834245720684015,-1.5886664526170862,-13.526424171349305,0.14275050663613015,-0.00444464457279146
SUB00202,3,Light / occasional user,0.5712566187398189,3.595656091490571,High,Data appetite growing|Voice declining → data migration,3.595656091490571,5.189257443634792,5.444465398163781,0.5712566187398189,5.7782133224401075,0.9884822746312529,-0.381475343895532,-0.08311554041002274,0.015676192309430393
SUB00203,2,Streaming & data-heavy,1.7884423544583188,3.8102399442074595,High,Data appetite growing,6.540802592495881,3.8102399442074595,1.7884423544583188,6.700114313187897,5.583397617566571,0.28430271011838903,1.9645005085259761,0.10826871954970828,-0.0011401186129602356
SUB00204,3,Light / occasional user,0.8664771825620304,3.878457717190104,High,,3.878457717190104,5.575774574304689,5.7749722916076465,0.8664771825620304,5.980146665738005,0.12465811852156516,0.4837013937931946,0.05112020791802188,0.0
SUB00205,2,Streaming & data-heavy,2.7474401145135907,4.337999342356558,High,Data appetite shrinking|Voice declining → data migration,5.67023139789626,4.337999342356558,2.7474401145135907,5.051908692660382,6.164595897449967,-0.7418607215167663,-2.287402667912192,0.14690802714664944,-0.03114323257157853
SUB00206,4,Roaming / travel-heavy,0.7403154635357532,4.8350010966582175,High,Data appetite shrinking,5.775879645724788,4.8350010966582175,5.689887360850553,5.725214989828291,0.7403154635357532,-0.8102622026106208,-0.08904890043011801,-0.2496506087281833,-0.013540720359901205
SUB00207,0,Voice-centric,0.8350365347022863,3.8195313775309523,High,Data appetite growing|Voice declining → data migration,0.8350365347022863,4.099655144243517,5.8078796814901565,3.8195313775309523,5.825195935205908,0.5144293034738426,-18.48285415547872,-0.004024848894189333,0.0
SUB00208,1,Underutilized / overspending,1.1525697466913767,4.023576143098873,High,Data appetite growing|Voice declining → data migration,4.19563329984079,1.1525697466913767,4.023576143098873,5.327203184906379,5.021062593219757,0.39975039451584077,-2.773667269297411,-0.04036017654797114,-0.03270948508582062
SUB00209,3,Light / occasional user,0.6208978173206231,3.579026442160185,High,Data appetite growing|Voice declining → data migration,3.579026442160185,5.152361462525829,5.432127686909158,0.6208978173206231,5.702646991681223,0.6592807113238153,-2.0883060263475106,-0.06980754270576472,-0.02278291483999082
SUB00210,2,Streaming & data-heavy,2.0913828217815875,4.062064282966582,High,,6.751979854130093,4.062064282966582,2.0913828217815875,6.8379444461609244,5.82514588765361,-0.013609786414416914,2.1211199461182324,0.04655287735527556,-0.002390086025973791
SUB00211,3,Light / occasional user,0.40196810691621226,3.8290558813243423,High,Voice declining → data migration,3.8290558813243423,5.502839706595203,5.736033622047768,0.40196810691621226,5.87795828445363,-0.06246534786845182,-0.41256243856873864,0.04309445517108657,0.0
SUB00212,2,Streaming & data-heavy,1.4750325195376635,4.05647277624685,High,Data appetite shrinking,5.505563105241269,4.05647277624685,1.4750325195376635,4.850205923875826,6.004793530924378,-1.0712515399066393,0.012079334555416037,0.18445227896153657,-0.0041014509473219956
SUB00213,4,Roaming / travel-heavy,0.44190358565460675,4.882705112380341,High,Data appetite shrinking|Voice declining → data migration,5.755646184694532,4.882705112380341,5.631297700140163,5.703277794731082,0.44190358565460675,-0.28685683152556757,-7.457573210607999,-0.14248889350618466,5.6075493576906635e-05
SUB00214,0,Voice-centric,1.3834238583526137,4.027949092186741,High,Data appetite shrinking,1.3834238583526137,4.277848796747469,6.0312147862770695,4.027949092186741,6.079114404874274,-0.5925944741434027,0.36354799884547884,-0.07391929428916257,0.0
SUB00215,1,Underutilized / overspending,1.9154940833604501,3.8989923565063305,High,Data appetite shrinking|Voice declining → data migration,4.529996712140168,1.9154940833604501,3.8989923565063305,5.477167745774088,5.062851403792472,-0.9604006843660194,-12.81197095599471,0.07144567690773988,0.015990549662231037
SUB00216,3,Light / occasional user,1.0570414418366891,3.618898746902251,High,Data appetite shrinking|Voice declining → data migration,3.618898746902251,5.198828843382306,5.643485989749754,1.0570414418366891,5.6579001133367255,-0.2679035230079191,-1.3735656614628773,0.13291509260462822,0.027857081034538777
SUB00217,2,Streaming & data-heavy,1.197817676551343,3.664074801059678,High,Data appetite growing,6.2765116721227265,3.664074801059678,1.197817676551343,6.381503532765495,5.369069968862245,0.4690480794205841,2.6660816929779436,-0.1984900102080389,0.014021879286360261
SUB00218,3,Light / occasional user,1.5022357383180638,4.185532905375742,High,Data appetite growing|Voice declining → data migration,4.185532905375742,5.739727691311834,5.8769379901954695,1.5022357383180638,6.039722839318071,0.42857783809435507,-3.586861608434786,0.1856556265804331,0.0
SUB00219,2,Streaming & data-heavy,1.9108133068637452,4.054096587759027,High,Data appetite shrinking|Voice declining → data migration,5.586310694766269,4.054096587759027,1.9108133068637452,4.974594731678142,6.011769484861275,-0.3771962911288105,-0.43278352433588213,0.12961920678314862,-0.006776517889667715
SUB00220,4,Roaming / travel-heavy,0.4781631066389558,4.823691397031311,High,Data appetite growing,5.8726396202526345,4.823691397031311,5.52486684782473,5.826276785607437,0.4781631066389558,0.6464136352631707,5.754525933152851,0.07452912607256905,-0.038135104172215065
SUB00221,0,Voice-centric,0.36948857792162737,3.8979343611897708,High,Data appetite shrinking|Voice declining → data migration,0.36948857792162737,4.139802432306893,5.9809764880935345,3.8979343611897708,5.883019851550735,-0.26397624084496224,-8.910068609731608,-0.023736606323475015,0.0
SUB00222,1,Underutilized / overspending,1.7473271176327283,3.861976758843177,High,Data appetite growing,4.492696904357997,1.7473271176327283,3.861976758843177,5.444436615547255,5.0954034527328,0.5176783327762369,12.442713731807881,0.08585982789331256,0.00492065529805897
SUB00223,3,Light / occasional user,1.1151831535143557,3.615321617001103,High,,3.615321617001103,5.164005394616186,5.609258411211009,1.1151831535143557,5.798187209398679,0.13894608486186003,0.38548185939057067,-0.0768170144642776,0.005153708960292041
SUB00224,2,Streaming & data-heavy,1.719009626154501,3.765209267013034,High,Data appetite shrinking|Roaming increasing,6.469438284094367,3.765209267013034,1.719009626154501,6.594619867175934,5.551101908349939,-0.6675777058641609,0.11365032905966022,0.21282364683529434,0.04282699002708727
SUB00225,3,Light / occasional user,0.9012566681291773,3.9484343142170366,High,Data appetite growing,3.9484343142170366,5.624000975473852,5.751132409847424,0.9012566681291773,5.990274546657271,0.3367486761002316,0.6501010830598736,0.0022802051543839327,0.0
SUB00226,2,Streaming & data-heavy,1.3815525749803215,4.372641203663087,High,Data appetite shrinking,5.771595239923017,4.372641203663087,1.3815525749803215,5.089543261975783,6.271681562861949,-0.20536987725233663,0.947168487174222,-0.10369984557596022,0.03354887666985225
SUB00227,4,Roaming / travel-heavy,1.7253627824246476,4.930370610591007,High,Data appetite growing,5.861142372826525,4.930370610591007,5.602339817624037,5.770982230983256,1.7253627824246476,0.23824921559321732,2.308805565706971,0.13298312450443386,-0.020956679401897493
SUB00228,0,Voice-centric,1.0614836036420952,3.8301104913313484,High,,1.0614836036420952,4.316501307346318,5.9572417068607315,3.8301104913313484,5.985199621814576,-0.0753742330528427,14.471374504453186,0.020997855895132013,0.0
SUB00229,1,Underutilized / overspending,0.917894448060784,3.9643458174208717,High,Data appetite growing|Voice declining → data migration,4.3329907443515,0.917894448060784,3.9643458174208717,5.543314138014166,4.933341337780991,1.4466738733736861,-13.388349412153769,0.16069897361427227,0.06391651343148838
SUB00230,3,Light / occasional user,0.48801873448766253,3.4385468258845213,High,Data appetite shrinking,3.4385468258845213,5.089075247300956,5.600851156328456,0.48801873448766253,5.736765345237097,-0.3836393586367284,4.51909177515698,-0.04937506386425897,-0.02909079931853508
SUB00231,2,Streaming & data-heavy,1.4035055271127361,3.8831387749629553,High,Data appetite growing,6.582561866649855,3.8831387749629553,1.4035055271127361,6.645675644904771,5.711405267035616,0.2815687663476362,2.219779967659186,0.0814955682395276,0.035969210354182574
SUB00232,3,Light / occasional user,0.9994462941000999,3.9973627361023323,High,Data appetite growing|Voice declining → data migration,3.9973627361023323,5.669241297887295,5.781578815847815,0.9994462941000999,5.981865598436829,0.3860199039147723,-2.536225695010966,0.07222382482550972,0.0
SUB00233,2,Streaming & data-heavy,1.4539650410529483,4.027568510043599,High,Data appetite shrinking,5.307663600848511,4.027568510043599,1.4539650410529483,4.539200201970543,5.887102524413349,-0.3649917620126348,3.525739631116723,-0.006887202941741787,0.02255466501615275
SUB00234,4,Roaming / travel-heavy,1.196425947148945,4.593162463866926,High,Data appetite growing,5.632034569684274,4.593162463866926,5.213604664353214,5.500168535677869,1.196425947148945,1.29353529902367,4.919171183437425,-0.20238541632767057,0.021431329949914906
SUB00235,0,Voice-centric,0.7875693181316501,3.7194427206514846,High,Data appetite growing|Voice declining → data migration,0.7875693181316501,4.291253893395143,5.828464859486371,3.7194427206514846,5.929377539438764,0.6130941150136581,-19.673686755764788,-0.12198432756138461,0.0
SUB00236,1,Underutilized / overspending,0.1593841025133054,3.672788398994755,High,Data appetite growing,4.2284970727622495,0.1593841025133054,3.672788398994755,5.397323132633023,4.8590827136824615,0.2334436547849185,7.188018853569379,-0.05992880368871746,0.026817344933156004
SUB00237,3,Light / occasional user,0.7429754723587743,3.657273771995829,High,,3.657273771995829,5.2173153003074795,5.52267263907962,0.7429754723587743,5.671088473890348,0.11572985723561138,-0.04354721374799614,-0.04186782406701144,0.0366484931389556
SUB00238,2,Streaming & data-heavy,1.437549985576873,3.774345224240043,High,Data appetite growing,6.463575929784847,3.774345224240043,1.437549985576873,6.595776665586316,5.7609980573730635,0.7983064652782753,7.891589628738458,-0.061256539936754985,-0.006596835436258619
SUB00239,3,Light / occasional user,0.5836892984417463,3.8313110905249537,High,Data appetite shrinking,3.8313110905249537,5.509567662468946,5.7511860319476025,0.5836892984417463,5.924331646957351,-0.15084915634837362,2.8145865869597597,0.019506247420497693,0.0
SUB00240,2,Streaming & data-heavy,1.152791431469964,3.9844178695779875,High,Data appetite growing,5.55564026340785,3.9844178695779875,1.152791431469964,4.902232135654827,5.972854252287081,0.3934103072190868,0.16130042484693388,0.1685148614393164,0.01495028156089351
SUB00241,4,Roaming / travel-heavy,0.6818768865444977,4.828911633468157,High,Data appetite growing,5.866071450755207,4.828911633468157,5.6417969723857535,5.840517643356587,0.6818768865444977,0.5215657038656307,1.548249512350546,0.1155743433770197,-0.016227322953455338
SUB00242,0,Voice-centric,0.5593442405631994,3.508320222130192,High,Data appetite growing|Voice declining → data migration|Roaming increasing,0.5593442405631994,4.298938379529627,5.841970711974673,3.508320222130192,5.816617783521521,0.45023239876483173,-2.9961307637993255,0.21490691026834902,0.0
SUB00243,1,Underutilized / overspending,0.7267652042085033,3.7033113286180757,High,Data appetite growing|Voice declining → data migration,4.184936558425383,0.7267652042085033,3.7033113286180757,5.310163516132619,4.702263432110052,0.4294054727174014,-4.158138256954967,0.07766564091463767,0.05322608157552551
SUB00244,3,Light / occasional user,0.6780801432465233,3.5904380852391817,High,Data appetite growing,3.5904380852391817,5.147665645354011,5.406099205019931,0.6780801432465233,5.766214321958036,1.0171132886871814,4.542212137370393,-0.005832656159942246,-0.0048079721632665
SUB00245,2,Streaming & data-heavy,1.2588978787513345,3.840665165160221,High,Data appetite growing,6.522592320120656,3.840665165160221,1.2588978787513345,6.594681157630264,5.625854841753347,0.5071662315612415,10.167999926111058,-0.11692022567320715,0.039371686538571836
SUB00246,3,Light / occasional user,0.7417964064156136,3.836428316200469,High,Voice declining → data migration,3.836428316200469,5.538252655193915,5.785178450255981,0.7417964064156136,5.996409000196382,-0.09595070662435881,-0.6408192230323366,-0.008488588844874924,0.0
SUB00247,2,Streaming & data-heavy,1.4685307958383051,4.055706317226331,High,Data appetite growing|Voice declining → data migration,5.434676525300349,4.055706317226331,1.4685307958383051,4.740014145907597,5.943524515864574,0.7994596882132432,-4.247853066243635,0.10035129808513395,-0.010257723440185752
SUB00248,4,Roaming / travel-heavy,0.384468889185062,4.961848752284072,High,Data appetite shrinking,5.888421098076485,4.961848752284072,5.727683482469811,5.808054433334511,0.384468889185062,-0.3947606902210643,4.159925010100893,-0.14497613600114068,-0.0009599528090853103
SUB00249,0,Voice-centric,1.2895408039326928,3.734352593059232,High,Data appetite growing,1.2895408039326928,4.296766376341642,5.836918640391692,3.734352593059232,5.918816499819062,0.9448460706198051,16.095970074100823,0.0007501544689809767,0.0
SUB00250,1,Underutilized / overspending,0.6480362105077601,3.636543870356314,High,Data appetite shrinking|Voice declining → data migration,4.173090446376194,0.6480362105077601,3.636543870356314,5.274538396824242,4.940288023730563,-0.34074995806741637,-6.511149946328711,-0.06540862485790554,-0.01567765503995322
SUB00251,3,Light / occasional user,0.945421693712887,3.5163878926782224,High,Data appetite shrinking,3.5163878926782224,5.16650902083671,5.6171268193345405,0.945421693712887,5.620495110114668,-0.6573619690556766,3.8773072027478244,0.1375741061615252,-0.0035652783581263917
SUB00252,2,Streaming & data-heavy,1.1222592516530623,3.628510089931737,High,Data appetite shrinking,6.226131143166545,3.628510089931737,1.1222592516530623,6.331886997303243,5.57596551627562,-1.088702168474783,7.6285555191149,-0.10623199629763273,-0.005162068993940321
SUB00253,3,Light / occasional user,2.2284244291072626,4.4849053135518195,High,Data appetite shrinking|Voice declining → data migration,4.4849053135518195,5.986797040529431,6.165858844965132,2.2284244291072626,6.321222448105361,-0.17078659126623819,-0.9856621149164949,0.03980998754070758,0.0
SUB00254,2,Streaming & data-heavy,1.417385957941014,4.076610732276916,High,Data appetite growing|Voice declining → data migration,5.486964917657054,4.076610732276916,1.417385957941014,4.760291200540151,6.044136637200408,0.21507698611108578,-3.9738295198461935,0.020788909500895476,-0.009127299073271524
SUB00255,4,Roaming / travel-heavy,0.48101206263909924,4.874784140571312,High,Data appetite shrinking|Voice declining → data migration,5.8053049360971976,4.874784140571312,5.672086020922367,5.717424906981707,0.48101206263909924,-0.6851326986409235,-1.0404556884678546,0.01611132687575929,-0.04116594478448012
SUB00256,0,Voice-centric,0.20203890285487075,3.5899038110587935,High,Voice declining → data migration,0.20203890285487075,4.2087139370546245,5.839095709833463,3.5899038110587935,5.717419023181011,-0.1486791278077089,-18.451168954931173,0.07290786440364178,0.0
SUB00257,1,Underutilized / overspending,0.5196502020628027,3.6606395466912645,High,Data appetite growing|Roaming increasing,4.254054194248035,0.5196502020628027,3.6606395466912645,5.406270203065949,4.80575921029866,1.2224547283203604,13.575806311429519,0.2094541988875191,0.03362236730232902
SUB00258,3,Light / occasional user,0.48383138967650513,3.4261623399994003,High,,3.4261623399994003,5.058310105678772,5.522635376380023,0.48383138967650513,5.747662365618155,-0.012813965236672322,1.6386758029200064,-0.09137485809518825,0.004240543048427873
SUB00259,2,Streaming & data-heavy,1.620788683169121,3.9764416785025283,High,Voice declining → data migration,6.759780604862986,3.9764416785025283,1.620788683169121,6.9066637582657,5.9079575639151685,0.019105158262109744,-3.8778940057819,-0.04527758731772723,-0.009491504206279045
SUB00260,3,Light / occasional user,1.881807471954847,4.204439081525258,High,Voice declining → data migration,4.204439081525258,5.725256309802762,6.018635255535956,1.881807471954847,6.197777332537291,-0.09069920689424482,-0.34593153844383295,-0.014684380267418114,0.0
SUB00261,2,Streaming & data-heavy,2.163111549677191,4.193650939409814,High,Data appetite growing,5.458036712076543,4.193650939409814,2.163111549677191,4.804929948177669,6.060677774227116,0.17759729816460498,4.5957628599321465,0.030813148246771855,0.041523353226023366
SUB00262,4,Roaming / travel-heavy,1.8970891185953886,4.924587628728456,High,Data appetite shrinking|Voice declining → data migration,5.892370745264635,4.924587628728456,5.760842903784864,5.908696505173265,1.8970891185953886,-0.7421099791942227,-1.7499277047503934,0.010077328201719275,-0.011843813697095598
SUB00263,0,Voice-centric,0.7700514502885192,3.7171851250413743,High,Data appetite shrinking,0.7700514502885192,4.380905410697272,5.954634785773314,3.7171851250413743,5.920514463283866,-0.4165983005600628,0.7499557856565452,0.014523488750524968,0.0
SUB00264,1,Underutilized / overspending,0.7669802319162902,4.089545099483486,High,Data appetite shrinking|Voice declining → data migration,4.330258418589957,0.7669802319162902,4.089545099483486,5.593128546289871,4.987934458383906,-0.7727053698182045,-2.600446013370931,0.16073811783875455,-0.007025922931750819
SUB00265,3,Light / occasional user,0.6863170905754631,3.5415878992234453,High,Data appetite growing,3.5415878992234453,5.08933532634506,5.394663051172685,0.6863170905754631,5.726433191958207,0.6286576725858688,2.440722634780306,-0.12290734679964815,-0.01115034719024181
SUB00266,2,Streaming & data-heavy,1.4654206126472116,3.780227415034841,High,Data appetite shrinking|Voice declining → data migration,6.406568887742677,3.780227415034841,1.4654206126472116,6.542013268840021,5.607798723730737,-1.3025128333729503,-3.3683344064613006,-0.011080262186653703,-0.009385481833277401
SUB00267,3,Light / occasional user,0.7118856196741484,3.9100042631769254,High,,3.9100042631769254,5.599241214781364,5.758517553424938,0.7118856196741484,5.9832472902630975,-0.018476936084741026,0.6353346575682012,-0.04107786954485602,0.0
SUB00268,2,Streaming & data-heavy,1.4729051076674806,4.40452641483987,High,Data appetite growing|Voice declining → data migration,5.7711403495203495,4.40452641483987,1.4729051076674806,5.023902722683705,6.280745062631549,1.0278990478026246,-0.3972826177536477,0.0033308986669081434,-0.04707720923333451
SUB00269,4,Roaming / travel-heavy,0.494627533482655,4.978591807911716,High,Data appetite growing|Voice declining → data migration,5.961098197995317,4.978591807911716,5.737766812738442,5.890620148524764,0.494627533482655,0.4587653139001261,-11.332124539016752,-0.10680023788068702,-0.012151419247078415
SUB00270,0,Voice-centric,0.7222952022838499,3.920286127224962,High,Data appetite shrinking,0.7222952022838499,4.19269624304191,5.972576206279893,3.920286127224962,5.931096424483928,-0.2669456544654337,5.4185846742152,-0.17769267945571746,0.0
SUB00271,1,Underutilized / overspending,0.4759469342006888,3.848078956760584,High,Roaming increasing,4.120289189009221,0.4759469342006888,3.848078956760584,5.28133607302658,4.766134787148854,0.013568395705770689,7.995260013021223,0.2581716595888325,-0.019081999486536907
SUB00272,3,Light / occasional user,2.082306991618521,4.0552090435316845,High,Data appetite growing,4.0552090435316845,5.558141172996526,5.84183176935329,2.082306991618521,5.975809681683566,0.8514162829476927,4.231679371408278,0.17046935876619146,0.01579146961443347
SUB00273,2,Streaming & data-heavy,1.3050699996060668,3.532457557479153,High,Data appetite shrinking,6.218372070117121,3.532457557479153,1.3050699996060668,6.3791193891660996,5.413930405379223,-1.23637130804655,6.636788252632045,-0.16744262908462473,-0.052169147867763395
SUB00274,3,Light / occasional user,1.1559887705347531,3.9587464659889737,High,Data appetite growing|Voice declining → data migration,3.9587464659889737,5.6368855941378,5.837904826439537,1.1559887705347531,6.055742468357258,0.17046072232187667,-0.3941586395737078,-0.02246081556755648,0.0
SUB00275,2,Streaming & data-heavy,1.342034465151707,3.93231138938152,High,Data appetite growing|Voice declining → data migration,5.335520272536975,3.93231138938152,1.342034465151707,4.665891412513855,6.007940876251006,0.7822587464806715,-0.7384845614404826,-0.04722572938108907,-0.036477008499156145
SUB00276,4,Roaming / travel-heavy,1.772627190892063,5.080367014381991,High,,6.208652769158723,5.080367014381991,5.829933215401802,6.253938053410545,1.772627190892063,-0.05146499841614531,8.559836507896664,-0.036165214827517854,0.010335232867631727
SUB00277,0,Voice-centric,1.9238432370174943,4.142113995825759,High,Data appetite growing|Voice declining → data migration,1.9238432370174943,4.465126117842013,6.1058157249060026,4.142113995825759,5.927112427292286,0.3247761168016487,-11.426478072692342,0.17906522605235792,0.0
SUB00278,1,Underutilized / overspending,1.1470773889545647,3.881923748732626,High,Data appetite growing|Voice declining → data migration,4.307897754640508,1.1470773889545647,3.881923748732626,5.448342382373975,4.879441842533852,2.524790778481977,-6.833209187795916,-0.056565117950032086,-0.0009703309110803176
SUB00279,3,Light / occasional user,1.0247256068077675,3.5185895417842565,High,Data appetite shrinking|Voice declining → data migration,3.5185895417842565,5.090272993173977,5.618677021261145,1.0247256068077675,5.756490506026375,-0.24143153326462186,-1.477349305103313,-0.03209106888945036,0.008232894022434486
SUB00280,2,Streaming & data-heavy,1.2131985309715683,3.704104807903718,High,Voice declining → data migration,6.296935572280912,3.704104807903718,1.2131985309715683,6.361028846185875,5.63940604135939,0.1480369105454025,-4.831387106400328,-0.057562359074352976,-0.008468678619160142
SUB00281,3,Light / occasional user,1.543876599716127,4.207821135309397,High,Data appetite growing|Voice declining → data migration,4.207821135309397,5.773903885321173,5.891483001993137,1.543876599716127,6.155072278568872,0.7308328457795158,-1.3352599149636104,-0.019236770184644415,0.0
SUB00282,2,Streaming & data-heavy,1.923101144110708,4.260272615717558,High,Data appetite shrinking,5.54289599171725,4.260272615717558,1.923101144110708,4.78346545271698,6.024064180131318,-1.0189757639419788,4.8311736853350675,0.11198314389904242,-0.048761802952584164
SUB00283,4,Roaming / travel-heavy,1.1696013478773217,4.451315776612279,High,Data appetite shrinking,5.462828353462819,4.451315776612279,5.328250407427242,5.466348494321257,1.1696013478773217,-0.20443488649987054,1.0528654809350468,-0.03694111903164106,-0.02075562046102567
SUB00284,0,Voice-centric,0.7337827148603723,3.651964335301291,High,Data appetite shrinking|Voice declining → data migration,0.7337827148603723,4.2640530752765,5.8915108923582915,3.651964335301291,5.850342996136566,-0.4745033261501534,-11.788806564147176,0.08861914070800521,0.0
SUB00285,1,Underutilized / overspending,0.4263886877259846,3.410692041532698,High,Data appetite growing,4.13195347974277,0.4263886877259846,3.410692041532698,5.246496166848505,4.727905210199633,1.0748767050300525,14.371247446432012,0.005862509360288591,0.0125590371002118
SUB00286,3,Light / occasional user,0.8555812393653646,3.591695112979706,High,,3.591695112979706,5.2269554713119115,5.564811112966863,0.8555812393653646,5.800205015968682,-0.02408458839257845,0.07331400404475838,-0.021321220364211038,-0.011124519912727313
SUB00287,2,Streaming & data-heavy,1.9180279695528064,4.020025086653184,High,Data appetite shrinking|Voice declining → data migration,6.816870715434525,4.020025086653184,1.9180279695528064,6.943516329721972,5.8020964617498425,-1.1116078048694058,-13.195680817926208,-0.03850649328749007,-0.002061226458505435
SUB00288,3,Light / occasional user,2.0552805105611185,4.43571279886007,High,Data appetite growing,4.43571279886007,5.951784994852944,6.09054715063065,2.0552805105611185,6.322985314131671,0.201829060639577,0.910817653899155,-0.016304996854299352,0.0
SUB00289,2,Streaming & data-heavy,1.5350987969324257,4.162795499414268,High,Data appetite shrinking,5.576322259251686,4.162795499414268,1.5350987969324257,4.9013043207776,6.138684414573334,-0.5313462690810932,-0.040205677970911416,-0.09211166970580949,0.0542931543618623
SUB00290,4,Roaming / travel-heavy,0.5377469465229225,5.047184238322745,High,Data appetite growing,6.075885236504424,5.047184238322745,5.629142903266893,5.99221925533564,0.5377469465229225,0.23950096206334084,0.7408032290987324,0.12140504762795204,0.02380633046705056
SUB00291,0,Voice-centric,0.32309696239076185,3.8419545173629794,High,Data appetite growing|Voice declining → data migration,0.32309696239076185,3.9965966168704523,5.803632031756562,3.8419545173629794,5.850664117235348,0.5739337464110839,-22.467797280631213,0.027735889145694012,0.0
SUB00292,1,Underutilized / overspending,0.489121614050119,3.783314255107536,High,Data appetite shrinking,4.075346814804151,0.489121614050119,3.783314255107536,5.1921721898054,4.7706568535439455,-0.3045406849838847,5.3003469214354455,0.051338106539106663,0.007322413834488967
SUB00293,3,Light / occasional user,0.9337026814182997,3.5043545234669673,High,Data appetite shrinking,3.5043545234669673,5.1228412255858276,5.594301860032863,0.9337026814182997,5.649125012809707,-0.9818293100354317,3.064864316167575,0.050435235984611804,-0.009215446330461048
SUB00294,2,Streaming & data-heavy,1.0718559160672232,3.4817371824794856,High,Data appetite shrinking|Voice declining → data migration,6.1867076158017085,3.4817371824794856,1.0718559160672232,6.3076487269012205,5.602220155140159,-0.35250498442750416,-11.26724652671848,-0.09739860279127847,-0.01705773974596728
SUB00295,3,Light / occasional user,1.0412103611350085,4.003193303208892,High,Data appetite growing,4.003193303208892,5.6241810250447895,5.7957767649531515,1.0412103611350085,6.0381286256312245,0.30250881288123604,0.1295121749828123,-0.0299032425010741,0.0
SUB00296,2,Streaming & data-heavy,1.566862880679609,4.355818925597362,High,Data appetite shrinking,5.814579145495944,4.355818925597362,1.566862880679609,5.102215663574719,6.13895787266367,-0.583440648840061,1.3942434676435684,0.08821389323630494,-0.006594510872253473
SUB00297,4,Roaming / travel-heavy,1.0278302126260919,5.026242014085624,High,Data appetite shrinking,6.0468051814371755,5.026242014085624,5.932049153409351,6.103759790459488,1.0278302126260919,-0.22552213560513865,2.1199912071167564,-0.11446737320001228,0.004785800147856031
SUB00298,0,Voice-centric,0.4532180320661466,3.7175973560922215,High,Data appetite shrinking|Voice declining → data migration,0.4532180320661466,4.208697202536009,5.943395967774404,3.7175973560922215,5.903065852974998,-0.30766860875604446,-28.679967740650753,0.08355584558439208,0.0
SUB00299,1,Underutilized / overspending,0.4253108633218021,4.026489232226274,High,Data appetite shrinking|Voice declining → data migration,4.026489232226274,0.4253108633218021,4.029248494546974,5.349713022776712,4.9354118840958465,-1.183402509290107,-5.919187161793295,0.08454006233995164,0.004408105353522125
SUB00300,3,Light / occasional user,1.0252596332541308,3.589461622146695,High,Data appetite shrinking|Voice declining → data migration,3.589461622146695,5.156803084746225,5.6281360149827755,1.0252596332541308,5.7282284261703245,-0.24543914107337148,-1.0879934268624765,-0.10553334524306075,3.634977604094682e-05
SUB00301,2,Streaming & data-heavy,1.2575493582995523,3.731176568006863,High,Data appetite growing,6.30990908964405,3.731176568006863,1.2575493582995523,6.36564906938564,5.473664428726775,0.4845817477895611,11.294980393792605,0.0459138400213168,0.008340362041280433
SUB00302,3,Light / occasional user,0.3630013599185176,3.7831838134018394,High,Data appetite growing|Voice declining → data migration,3.7831838134018394,5.4805289201121745,5.693911724197118,0.3630013599185176,5.937821015057793,0.3887717653823165,-0.6387054822947454,-0.009459185256611578,0.0
SUB00303,2,Streaming & data-heavy,1.1914077348293595,4.221805795226912,High,Data appetite shrinking|Voice declining → data migration,5.734428307267956,4.221805795226912,1.1914077348293595,5.0794320565875966,6.186248476940286,-0.6316892097280606,-3.8853040724560266,-0.06132583975899985,0.005708628496559357
SUB00304,4,Roaming / travel-heavy,0.6900020822438653,4.616607420642063,High,Data appetite shrinking,5.701999485982714,4.616607420642063,5.57104714599881,5.706854804821651,0.6900020822438653,-1.1420262023149237,8.340907647360133,0.12203917860408786,0.013830447474202496
SUB00305,0,Voice-centric,1.5887995909526886,3.9281993449499115,High,Data appetite shrinking|Voice declining → data migration,1.5887995909526886,4.6697870929008,6.141935441478359,3.9281993449499115,6.1251753196359,-0.27417936513382724,-28.171132741802502,0.02949198506422042,0.0
SUB00306,1,Underutilized / overspending,0.8582343390933612,3.4833677369031615,High,Data appetite shrinking|Voice declining → data migration,4.025547840539029,0.8582343390933612,3.4833677369031615,5.0699064803689255,4.723008741617881,-1.0289852079649624,-8.850125438325962,0.052160941008582026,-0.009382111384310002
SUB00307,3,Light / occasional user,1.6129334426777544,3.8093233341903225,High,Data appetite growing|Voice declining → data migration,3.8093233341903225,5.373934245292203,5.728329344290018,1.6129334426777544,5.7958307149305295,0.16060823812798955,-1.035488038042519,0.07372218007552879,0.014689342416528946
SUB00308,2,Streaming & data-heavy,1.4841635751069508,3.943478436288749,High,Data appetite shrinking|Voice declining → data migration,6.590161304000033,3.943478436288749,1.4841635751069508,6.675152076861522,5.513365080225031,-0.6685377101888323,-6.135095809042356,0.12804867507279424,-0.002766459853893374
SUB00309,3,Light / occasional user,0.8694987688039273,3.899340113369181,High,Voice declining → data migration,3.899340113369181,5.581333984734455,5.7758701120569835,0.8694987688039273,5.9995452775731275,0.10248424099059306,-5.351684532180359,-0.011976492207844596,0.0
SUB00310,2,Streaming & data-heavy,1.3456889656147428,4.044945648822419,High,Data appetite growing|Voice declining → data migration|Roaming increasing,5.473370776673154,4.044945648822419,1.3456889656147428,4.786875520514797,5.919544288251425,0.884656135053143,-7.667423976898794,0.23439581388889086,0.0405604543774958
SUB00311,4,Roaming / travel-heavy,0.5585209484943051,5.061415316252497,High,Data appetite shrinking|Voice declining → data migration,5.899896644387222,5.061415316252497,5.786419338336393,5.775058705286114,0.5585209484943051,-0.26482603278745376,-4.786876523510554,-0.004271750324678841,-0.045404070798693186
SUB00312,0,Voice-centric,0.5588867332841368,3.6836024950967814,High,Data appetite shrinking,0.5588867332841368,4.136491434590892,5.883405357791302,3.6836024950967814,5.8923996372735115,-0.31514020212626986,23.149124568512622,-0.0932392832207781,0.0
SUB00313,1,Underutilized / overspending,1.3248952698349337,3.7101969477624546,High,Data appetite growing|Voice declining → data migration,4.318081424750725,1.3248952698349337,3.7101969477624546,5.321229352165551,4.911780250935661,0.2723174350092008,-7.385962795355786,0.14238880535673407,-0.029034305604698458
SUB00314,3,Light / occasional user,1.2557343904985954,3.6419158086742276,High,Data appetite shrinking|Voice declining → data migration,3.6419158086742276,5.169965839350685,5.6662451150564,1.2557343904985954,5.757962068355964,-0.3514718973583118,-4.682585505981582,-0.032151050382001695,0.007045231644807571
SUB00315,2,Streaming & data-heavy,1.6316312847487335,3.673756090896344,High,,6.465550986928124,3.673756090896344,1.6316312847487335,6.61141574706946,5.418773522548991,0.11128963035645653,6.979562819335776,0.07653848414678113,0.027697569086529327
SUB00316,3,Light / occasional user,0.7468248759459086,3.903403647978858,High,,3.903403647978858,5.626166787707184,5.800939832017287,0.7468248759459086,6.022048745383876,-0.07890111898259725,2.7893320157878265,-0.019991896539864475,0.0
SUB00317,2,Streaming & data-heavy,1.6090966047430586,3.6372422146645382,High,,5.077387920888111,3.6372422146645382,1.6090966047430586,4.440641807091259,5.7490984569225425,0.007414895528396005,-0.00925296349507218,0.09064913783604368,0.013137834466835582
SUB00318,4,Roaming / travel-heavy,0.3881782134125853,4.727403417489643,High,Data appetite shrinking,5.871821587793733,4.727403417489643,5.513584212812661,5.812565194358436,0.3881782134125853,-0.16973942617463217,6.809623559735845,0.01214819638697768,0.05102681962157152
SUB00319,0,Voice-centric,0.39788367368634775,3.678810013567303,High,Data appetite growing,0.39788367368634775,4.208378578307584,5.831657731147949,3.678810013567303,5.997211059171606,0.8021397955668986,8.065557730521572,-0.12632798068414172,0.0
SUB00320,1,Underutilized / overspending,1.1390755196748692,3.53008844656299,High,Data appetite growing,4.186675300863741,1.1390755196748692,3.53008844656299,5.202270001346387,4.885797176094271,0.7815734339700086,15.88530290001463,-0.019891297460583147,0.021073561941092032
SUB00321,3,Light / occasional user,1.4103877715571245,3.76573221810885,High,Voice declining → data migration,3.76573221810885,5.372422752342318,5.668864130171666,1.4103877715571245,5.845279261157935,0.026883911066643104,-5.050515097073183,0.08816644854385051,0.006302919652219014
SUB00322,2,Streaming & data-heavy,1.7303816427565024,3.7724338841770284,High,Voice declining → data migration,6.4312430716724585,3.7724338841770284,1.7303816427565024,6.5095997322725,5.460728570850516,-0.07128076963081685,-10.644900990330163,-0.005849332864272696,0.015508281993574374
SUB00323,3,Light / occasional user,0.47527152438212494,3.7541644136732457,High,Voice declining → data migration,3.7541644136732457,5.424107563944978,5.729733709229629,0.47527152438212494,5.86081173790343,-0.0907233067092559,-1.9777747084039892,0.04499657677724616,0.0
SUB00324,2,Streaming & data-heavy,1.1832058563853272,3.8850773668404073,High,Data appetite shrinking,5.363713812527158,3.8850773668404073,1.1832058563853272,4.721009521994322,5.878310520089926,-0.3382942966569858,3.2280656936923933,0.049881603583407735,0.006912811950986482
SUB00325,4,Roaming / travel-heavy,0.9018392413678434,5.041886454298663,High,Data appetite shrinking,5.931179835675047,5.041886454298663,5.782258960103205,5.866728574832675,0.9018392413678434,-0.576258000723149,2.5483565284135516,0.047934949634140384,0.008677301506330592
SUB00326,0,Voice-centric,0.7907888599812107,3.85936786946214,High,Data appetite growing,0.7907888599812107,4.2065107294496835,5.901565364988967,3.85936786946214,6.0110096693724095,0.2481949286649771,11.746614878783465,-0.04052027569698135,0.0
SUB00327,1,Underutilized / overspending,1.7512093475153772,4.140678068581506,High,Data appetite growing|Roaming increasing,4.503348943040297,1.7512093475153772,4.140678068581506,5.625547634755913,5.022498482097266,0.85388272468024,2.355352230700197,0.22354545480643462,-0.012763724441757121
SUB00328,3,Light / occasional user,0.9782811584018309,3.5036052648377987,High,Data appetite shrinking,3.5036052648377987,5.1276251403616095,5.6245228383594545,0.9782811584018309,5.729588639701706,-0.22431494753792677,4.890775037454331,-0.00332928931495561,-0.0063602161892110515
SUB00329,2,Streaming & data-heavy,1.9210081206923015,3.701224098586029,High,Data appetite shrinking,6.401543355216854,3.701224098586029,1.9210081206923015,6.583283283617867,5.469120957733077,-0.9081223711985233,3.2572191474114955,0.08629577665929014,0.02250719308661273
SUB00330,3,Light / occasional user,0.44060747881186907,3.888870432116819,High,Data appetite growing,3.888870432116819,5.569075853966592,5.689222119122881,0.44060747881186907,5.855263856633628,0.5741064496645285,0.4038716523996803,0.15855586900865246,0.0
SUB00331,2,Streaming & data-heavy,1.4646545671469096,4.213781222741995,High,Data appetite growing,5.701701260824079,4.213781222741995,1.4646545671469096,5.039368056286433,6.194055360500109,0.6206684699723266,2.7602545276982156,0.029015417838541967,0.011172396690266553
SUB00332,4,Roaming / travel-heavy,0.2566091829096664,4.932995403409538,High,Voice declining → data migration,5.882870577705476,4.932995403409538,5.7002080436816875,5.816572181701977,0.2566091829096664,-0.1334088578340773,-2.6162835776212074,-0.13737841352504568,-0.03542026425285056
SUB00333,0,Voice-centric,0.9072438387583864,3.7422697022866487,High,Data appetite growing|Voice declining → data migration,0.9072438387583864,4.069371791934463,5.744496459121473,3.7422697022866487,5.700109995036118,0.22728585994961684,-3.5820376707577313,0.052110257145372554,0.0
SUB00334,1,Underutilized / overspending,2.085662338662598,4.262149159365444,High,Data appetite shrinking,4.668169765598874,2.085662338662598,4.262149159365444,5.730770005549763,5.253987925691457,-0.26862601164663735,1.3073280430785568,0.06439650858782864,-0.013243233977267411
SUB00335,3,Light / occasional user,0.9510261673955446,3.5163086692281773,High,Data appetite growing,3.5163086692281773,5.093124165096487,5.492816585629262,0.9510261673955446,5.620009932990077,0.19147065987641065,2.4908012711051337,0.15437851834549943,-0.0070663657307300665
SUB00336,2,Streaming & data-heavy,2.161818947149599,4.4255616148895545,High,Data appetite growing,6.745619271438175,4.4255616148895545,2.161818947149599,6.741558533437973,6.144779080177105,1.3247817900930878,6.399182509901093,-0.028218281863928878,-0.019553723983279196
SUB00337,3,Light / occasional user,1.214987967380283,3.990471839476401,High,Voice declining → data migration,3.990471839476401,5.609756445184687,5.872176109782368,1.214987967380283,6.074629116791631,-0.05646317683477513,-2.194403878173046,-0.027024632788138166,0.0
SUB00338,2,Streaming & data-heavy,2.213264742235201,4.7491496038174965,High,Data appetite shrinking,6.076257620893127,4.7491496038174965,2.213264742235201,5.3716456571601086,6.568507875981126,-0.7572845180024029,2.1817684423140484,-0.04623180571096023,0.04533936095909641
SUB00339,4,Roaming / travel-heavy,1.4566327642799826,4.93312377885499,High,Data appetite growing|Voice declining → data migration|Roaming increasing,5.74927017404,4.93312377885499,5.684222771376482,5.638696678764217,1.4566327642799826,0.25871112818436004,-0.7352900550125009,0.2280242518999096,0.05414770156492862
SUB00340,0,Voice-centric,0.6118309770370018,3.641931609252704,High,Data appetite growing,0.6118309770370018,4.010515737125377,5.6185680371381865,3.641931609252704,5.691599476978966,0.9500459782216236,8.889197431027894,0.03609993521996257,0.0
SUB00341,1,Underutilized / overspending,1.793847829736173,3.743775364000985,High,Data appetite shrinking|Voice declining → data migration,4.443258311662365,1.793847829736173,3.743775364000985,5.4938830118582915,5.045437654450486,-0.7775809706476827,-6.847941332624648,-0.10280154118313774,0.011067467473978465
SUB00342,3,Light / occasional user,1.21423589530843,3.657401274736104,High,Data appetite shrinking|Voice declining → data migration,3.657401274736104,5.148892554698197,5.582762059752357,1.21423589530843,5.640527990579177,-0.7878541274835267,-2.7985277230548125,0.19516702570724911,-0.006093799277337935
SUB00343,2,Streaming & data-heavy,1.3491074591533598,3.8538192212878912,High,Data appetite growing,6.455164513131536,3.8538192212878912,1.3491074591533598,6.566080080768411,5.525947845799296,0.6832498590652034,5.691534514235381,0.09548427823127985,0.01945973014960796
SUB00344,3,Light / occasional user,0.9096863683795928,3.8931370733802164,High,,3.8931370733802164,5.585794390653124,5.795191052448334,0.9096863683795928,6.023894334389188,0.059603302345138665,0.916152553924483,-0.027648876621056986,0.0
SUB00345,2,Streaming & data-heavy,1.3979210783671003,4.329043999167526,High,Data appetite growing,5.744736969899231,4.329043999167526,1.3979210783671003,5.004638587615662,6.146184768070985,1.7509984544395174,2.6198382563474394,-0.06754353857592252,-0.03462449148230844
SUB00346,4,Roaming / travel-heavy,0.8088322668804385,4.93369937071325,High,Data appetite shrinking|Voice declining → data migration,5.862569168958467,4.93369937071325,5.851724795138861,5.89731608479202,0.8088322668804385,-1.3821023031299078,-11.600155072765588,0.0985845883393331,-0.013562747461877073
SUB00347,0,Voice-centric,0.7733217223979963,3.989369432161199,High,Data appetite growing|Voice declining → data migration,0.7733217223979963,4.02195467561761,5.822877358374348,3.989369432161199,5.7275171702254,0.1712496325969557,-19.778514406638195,0.1645635935800295,0.0
SUB00348,1,Underutilized / overspending,1.0204743672804732,3.976177753163017,High,Data appetite shrinking,4.535312249497446,1.0204743672804732,3.976177753163017,5.737312646780347,4.922051241787923,-0.6925528335147498,7.898519490427546,0.09301945738367501,0.05347948175144344
SUB00349,3,Light / occasional user,0.7187221797048517,3.4812961578378676,High,Data appetite shrinking|Voice declining → data migration,3.4812961578378676,5.082730608971993,5.545855550975761,0.7187221797048517,5.547662281427258,-0.5719107740051897,-3.7896405233010526,0.08829549124984457,0.009431803016636809
SUB00350,2,Streaming & data-heavy,1.19826218880034,3.629396663118985,High,Data appetite shrinking|Voice declining → data migration,6.218658548645672,3.629396663118985,1.19826218880034,6.330839205357156,5.263968189142355,-0.6854848340562524,-13.99247684325181,0.06122610133845094,-0.033396630889046285
SUB00351,3,Light / occasional user,0.4574611520973178,3.8815068150073277,High,Data appetite growing,3.8815068150073277,5.566837447947899,5.728538744181335,0.4574611520973178,5.959059265018247,0.2002816529699334,0.7287938718325229,-0.020032895468704945,0.0
SUB00352,2,Streaming & data-heavy,1.61175421303657,3.94211414878252,High,Data appetite growing,5.162936942037866,3.94211414878252,1.61175421303657,4.387358026183244,5.852152240520388,0.19340349698531084,2.4312042098363804,-0.07324603906423813,-0.03306997556718659
SUB00353,4,Roaming / travel-heavy,0.9846941961723364,5.021569269818919,High,Data appetite shrinking|Voice declining → data migration|Roaming increasing,6.004945162940986,5.021569269818919,5.8434966925000715,5.94348995719375,0.9846941961723364,-1.371540131369973,-6.966262138839854,0.2204367086505664,-0.00947832993820414
SUB00354,0,Voice-centric,0.6185944390176888,3.681538109529452,High,Voice declining → data migration,0.6185944390176888,4.2320414922564895,5.899720926181209,3.681538109529452,5.831695210801626,-0.020570345324131913,-2.1413263922403707,0.11532945954264719,0.0
SUB00355,1,Underutilized / overspending,2.1450853028091195,4.18850573588844,High,Data appetite growing|Voice declining → data migration,4.595174130250635,2.1450853028091195,4.18850573588844,5.65831086639061,5.074642768662033,1.2736042029938053,-3.124789883727647,0.1628369987986104,0.012537224526315087
SUB00356,3,Light / occasional user,0.5138666613615649,3.5577879342397805,High,Data appetite growing,3.5577879342397805,5.146037280354101,5.429850668678928,0.5138666613615649,5.711623042330228,0.5006006169971821,-0.02074307920845703,-0.04670482618812991,-0.0070774001271086346
SUB00357,2,Streaming & data-heavy,1.9894686298522741,3.9373800674117905,High,Data appetite growing,6.443013824883933,3.9373800674117905,1.9894686298522741,6.555867831807526,5.830587866249053,1.1185983190593038,19.255893181029787,0.13173408308449444,-0.0011268477010078566
SUB00358,3,Light / occasional user,0.4317289271645914,3.819985580729394,High,Voice declining → data migration,3.819985580729394,5.533631816007463,5.750834013583083,0.4317289271645914,5.974666117726171,-0.009187121649266227,-1.6632623535891724,-0.01799218000141015,0.0
SUB00359,2,Streaming & data-heavy,1.3158812112552396,4.261706087952962,High,Data appetite growing,5.7379390239620625,4.261706087952962,1.3158812112552396,5.08272441584996,6.1714016204152236,0.6823789865537963,4.178828537309526,0.0634801135229314,-0.002498869202983933
SUB00360,4,Roaming / travel-heavy,0.5150369665990168,4.889707160378954,High,Data appetite shrinking,5.8144074159893355,4.889707160378954,5.672629063794196,5.688855528889673,0.5150369665990168,-0.3882464706468786,2.6564461232621763,-0.21005575912164093,0.007912691211793754
SUB00361,0,Voice-centric,1.421971186503022,3.9049764044525634,High,Voice declining → data migration,1.421971186503022,4.488556002621671,6.0082184121704705,3.9049764044525634,6.004521573076716,0.09343859840227038,-45.92025599321406,-0.08674712267431946,0.0
SUB00362,1,Underutilized / overspending,1.6206699049104194,3.6668455296003657,High,Data appetite shrinking,4.397231407682136,1.6206699049104194,3.6668455296003657,5.434540898305764,5.077861265012082,-0.6217879769078222,13.514959693889953,0.04454844547554729,-0.018582379657295273
SUB00363,3,Light / occasional user,1.8903969781597232,3.9756296795440162,High,Data appetite growing,3.9756296795440162,5.4875331286137,5.7564347574029,1.8903969781597232,5.847684344977698,0.5053740886161636,2.0973618671401852,0.12707760311082048,-0.004287050452901515
SUB00364,2,Streaming & data-heavy,1.3677107332664193,3.6952557104657946,High,Data appetite growing,6.32875855566539,3.6952557104657946,1.3677107332664193,6.457860746850174,5.319947639405158,0.5091677820951153,3.113643353864378,-0.03240715708385997,0.04645007005043539
SUB00365,3,Light / occasional user,1.6120087768141913,4.146276927245494,High,,4.146276927245494,5.79188855129379,5.9640107530287425,1.6120087768141913,6.143707659426184,-0.10621291876220328,1.2127490313996476,-0.009583192229317684,0.0
SUB00366,2,Streaming & data-heavy,1.8162794141446061,4.401663492350314,High,Data appetite growing|Voice declining → data migration,5.688152322689933,4.401663492350314,1.8162794141446061,4.984773839088502,6.197678096755276,0.1906649594510156,-0.4274441534577018,-0.08624555121042002,-0.038689156735385165
SUB00367,4,Roaming / travel-heavy,0.7217779176916196,4.503292838324422,High,,5.593013081106634,4.503292838324422,5.4293006699235935,5.598906854961099,0.7217779176916196,0.0021131949406547447,-0.024242692391745188,-0.11759235761345127,0.02871137477270482
SUB00368,0,Voice-centric,0.2572623303050124,3.73679011346773,High,Voice declining → data migration,0.2572623303050124,4.314548170394901,5.930754867533016,3.73679011346773,5.94442632141182,0.08669286333845236,-11.52846019446374,-0.18830456343338187,0.0
SUB00369,1,Underutilized / overspending,1.3676450886946496,4.151467776773201,High,Data appetite shrinking|Voice declining → data migration,4.590425957103248,1.3676450886946496,4.151467776773201,5.7289143216529395,4.98414449053134,-0.8969412049606155,-11.00944074592892,0.1233003866749777,0.0290750487695816
SUB00370,3,Light / occasional user,1.0746291968621051,3.5734417344216753,High,Voice declining → data migration,3.5734417344216753,5.117285952688231,5.484513396721047,1.0746291968621051,5.761311958292294,0.03356133221469616,-0.430821896917416,-0.12035723020114845,-0.012085146104186463
SUB00371,2,Streaming & data-heavy,1.2352148341948084,3.622039179116642,High,Voice declining → data migration,6.307429646137215,3.622039179116642,1.2352148341948084,6.445770718097505,5.596604173635489,0.14937255865251264,-4.353484243426565,-0.022088769205599358,-0.03057784605769972
SUB00372,3,Light / occasional user,1.2372577942699967,4.001009187352208,High,,4.001009187352208,5.615018764785511,5.853453628889498,1.2372577942699967,5.975098235242116,-0.1319157920239078,1.408496689556714,0.054001161840137306,0.0
SUB00373,2,Streaming & data-heavy,1.4684442680176473,3.8687117085659466,High,Data appetite growing,5.248111417380617,3.8687117085659466,1.4684442680176473,4.553271146599115,5.932420114635658,0.29426036636682806,8.128957847098201,-0.06116661782401049,0.0028155996423373966
SUB00374,4,Roaming / travel-heavy,0.7647455461413132,4.5865859137666,High,Data appetite growing|Voice declining → data migration,5.573448934565061,4.5865859137666,5.429911598064699,5.513059037228048,0.7647455461413132,0.48774292917123746,-11.496441545154507,-0.2520927488608966,0.006307770698652693
SUB00375,0,Voice-centric,0.9538896837782699,3.771097680256992,High,Data appetite shrinking,0.9538896837782699,4.369152522969477,6.016796799220001,3.771097680256992,5.933326127692354,-0.284506012692268,5.213037078822864,-0.006183229341280206,0.0
SUB00376,1,Underutilized / overspending,2.5706703753853346,4.615144014134556,High,Data appetite shrinking,4.704202994327047,2.5706703753853346,4.615144014134556,5.743246920594062,5.452188223236285,-0.27240197716107883,24.115119112275984,0.04138075561184256,0.0167980125993236
SUB00377,3,Light / occasional user,1.10451897234744,3.7175813188180813,High,Data appetite growing|Voice declining → data migration,3.7175813188180813,5.257940229759115,5.571460785416363,1.10451897234744,5.8769355355836295,0.4796448426630147,-2.827039725517793,-0.03741971240173692,-0.008084065774603626
SUB00378,2,Streaming & data-heavy,1.5852397957959419,3.774494806500935,High,Data appetite shrinking|Voice declining → data migration,6.437157517471237,3.774494806500935,1.5852397957959419,6.602302963458995,5.507942026915969,-0.23553929641329,-5.419446939833413,-0.034231093150402764,-0.002701956413982646
SUB00379,3,Light / occasional user,2.0700342015050115,4.3651887355638905,High,,4.3651887355638905,5.888041379988057,6.094318596624168,2.0700342015050115,6.199874716994135,-0.12126752983937457,0.8971566462170968,0.11687129532201466,0.0
SUB00380,2,Streaming & data-heavy,1.9559548260070994,4.665867719188944,High,Voice declining → data migration,6.0321391608955475,4.665867719188944,1.9559548260070994,5.336932753428743,6.3776667673498695,0.13796537532874914,-3.556198307151896,0.03538620739289624,-0.02129596682132345
SUB00381,4,Roaming / travel-heavy,1.0339896296870161,4.624182388395908,High,Data appetite growing|Voice declining → data migration,5.482841791547942,4.624182388395908,5.460819044280239,5.417359257177662,1.0339896296870161,0.42148383591441296,-5.207068398807506,-0.10747104480645422,0.0046747446614957815
SUB00382,0,Voice-centric,0.6727022949295012,3.5853396015924415,High,Data appetite growing|Voice declining → data migration,0.6727022949295012,4.08175658661782,5.747246669263646,3.5853396015924415,5.829911836137968,0.5916494636605963,-6.004420566578368,-0.14043081685901634,0.0
SUB00383,1,Underutilized / overspending,0.6503155869886914,3.5518578896662176,High,Data appetite growing|Voice declining → data migration,4.099318223921955,0.6503155869886914,3.5518578896662176,5.185076693334609,4.659071067466787,1.1381872924000225,-6.212869770361278,0.0855536239508014,-0.019352193363208797
SUB00384,3,Light / occasional user,1.0685823288686063,3.6438668827377576,High,Data appetite growing|Voice declining → data migration,3.6438668827377576,5.147306408490865,5.500698590478414,1.0685823288686063,5.733390365994672,0.41812719887433786,-0.4865954771278144,0.11552424932180379,0.007794104498524929
SUB00385,2,Streaming & data-heavy,1.4037344672237297,3.958170172646353,High,Data appetite shrinking,6.470775717733303,3.958170172646353,1.4037344672237297,6.534101279619804,5.797030497330312,-0.3162673911554296,7.190996002593892,-0.20683551135795208,-0.025600381023693178
SUB00386,3,Light / occasional user,0.4842712448101018,3.861632501624599,High,,3.861632501624599,5.555124753290239,5.763538137042776,0.4842712448101018,5.95168564973112,-0.11068994357251398,1.3369686203591309,-0.011166150864336248,0.0
SUB00387,2,Streaming & data-heavy,1.377329862362561,3.747443720588184,High,Data appetite shrinking|Voice declining → data migration,5.28390271884664,3.747443720588184,1.377329862362561,4.647978580290354,5.843012861417641,-0.24278226083910812,-1.117828185426284,-0.08652122533383066,0.014004829018357994
SUB00388,4,Roaming / travel-heavy,0.9109276979601961,5.014961931403228,High,Data appetite growing,5.923549868411107,5.014961931403228,5.893281386182824,5.94588468861997,0.9109276979601961,0.959225816786909,5.733571656082912,0.048515598936616444,0.037910751844172426
SUB00389,0,Voice-centric,0.8867298508329349,3.818503841148842,High,Data appetite growing,0.8867298508329349,4.172494549219327,5.860056711932321,3.818503841148842,5.84665916183355,0.9790322359907695,5.174414817343624,0.04558758802660799,0.0
SUB00390,1,Underutilized / overspending,1.777103459549415,4.248695016747459,High,Data appetite shrinking|Voice declining → data migration,4.7033850818117875,1.777103459549415,4.248695016747459,5.906676685177259,5.400661664523659,-0.27743649162508255,-4.2666184402969805,0.032059254004153846,-0.005771022678877401
SUB00391,3,Light / occasional user,0.6609107628229021,3.6131789090630764,High,Data appetite shrinking,3.6131789090630764,5.2944366700579915,5.613296542524641,0.6609107628229021,5.816842366047571,-0.5188368641085374,0.7889480384826197,-0.06865154353949203,-0.0310838398562921
SUB00392,2,Streaming & data-heavy,1.3775809981643838,3.5085002193780865,High,Data appetite shrinking|Voice declining → data migration,6.241575421203117,3.5085002193780865,1.3775809981643838,6.408812313186106,5.535495827473947,-0.19756602559743383,-4.488205000842718,-0.056925318485213636,0.06645341689320158
SUB00393,3,Light / occasional user,1.0546330174674658,3.910467773931201,High,,3.910467773931201,5.561642705539351,5.785291510642883,1.0546330174674658,6.00678033015273,0.10349448514637424,2.353510974775542,-0.022167917845257325,0.0
SUB00394,2,Streaming & data-heavy,2.295831471886447,4.3509747509051,High,Data appetite growing,5.696151461798919,4.3509747509051,2.295831471886447,5.038517206613262,6.265024378189063,0.42438725609696054,0.34859236682587524,-0.14209807399227195,-0.00913350735516235
SUB00395,4,Roaming / travel-heavy,1.5491174553739926,5.186495302752926,High,Data appetite shrinking,6.155274322143893,5.186495302752926,5.850557218470285,6.034903687585532,1.5491174553739926,-1.0715897930435594,6.530950300215281,-0.2020960997328343,0.04581769192657552
SUB00396,0,Voice-centric,1.1638756249232343,3.810803963615995,High,Voice declining → data migration,1.1638756249232343,4.35280955342037,6.02809925085337,3.810803963615995,5.944629313252751,-0.08611912536869587,-13.585370773727321,-0.1024408310473937,0.0
SUB00397,1,Underutilized / overspending,0.35788473537079896,3.84925278105046,High,Data appetite growing|Voice declining → data migration,4.365067742225244,0.35788473537079896,3.84925278105046,5.579355787339406,4.994122790914997,1.1853459229029812,-5.111984573518907,-0.16623027234029059,0.015449771168718707
SUB00398,3,Light / occasional user,1.3932813780888031,3.636504933975303,High,Data appetite shrinking|Voice declining → data migration,3.636504933975303,5.209392828662583,5.660611270924974,1.3932813780888031,5.737894859990349,-0.25408472160319995,-2.06636897010279,0.11533566478227444,0.006911361918967063
SUB00399,2,Streaming & data-heavy,1.6970572584115442,3.6687055999956515,High,Data appetite shrinking,6.44304438922616,3.6687055999956515,1.6970572584115442,6.623152137779447,5.54869106304198,-1.538234194987852,3.974351586049642,-0.05276744582970197,-0.030053874265859527
SUB00400,3,Light / occasional user,1.796127081702084,4.17189694146803,High,Data appetite shrinking,4.17189694146803,5.819921869370423,6.012277774055774,1.796127081702084,6.227337012695798,-0.16713550384273315,1.4077166122838471,-0.04179859916979236,0.0
SUB00401,2,Streaming & data-heavy,1.4923202960849218,4.096613161877371,High,Data appetite shrinking|Voice declining → data migration,5.550912530337418,4.096613161877371,1.4923202960849218,4.823929410560883,5.899468981493522,-0.9597189084187367,-3.8640867938783576,0.09496312110949942,0.005967774065737591
SUB00402,4,Roaming / travel-heavy,0.9185167126314445,4.884750518952798,High,Data appetite shrinking|Voice declining → data migration,5.81472332008662,4.884750518952798,5.71476124249979,5.722508566657289,0.9185167126314445,-0.9257370137049789,-1.576048902875331,-0.19097906227372444,0.010524607604375852
SUB00403,0,Voice-centric,1.274820648709344,3.918396597080526,High,Data appetite growing,1.274820648709344,4.2649241547946275,5.895784431698346,3.918396597080526,5.997285618802416,0.4809429405773543,9.846879232449677,-0.050514329446769715,0.0
SUB00404,1,Underutilized / overspending,0.26391393233866134,3.841651686538716,High,Data appetite growing,4.15465331829355,0.26391393233866134,3.841651686538716,5.353399181105946,4.843726642461965,0.5124942346156223,8.815086129233036,-0.01932441705604148,-0.034274184592444086
SUB00405,3,Light / occasional user,1.714782076777632,3.8785803369281826,High,Data appetite shrinking|Voice declining → data migration,3.8785803369281826,5.400574906776458,5.835300250900424,1.714782076777632,5.92504745027135,-0.4445447101256789,-3.55743391181737,0.07350802396288388,0.01445382861595761
SUB00406,2,Streaming & data-heavy,1.2173441415332313,3.6779602952920714,High,Data appetite growing|Roaming increasing,6.268271581490794,3.6779602952920714,1.2173441415332313,6.33865232810507,5.355970927207588,2.099573003682969,11.863474740874564,0.2605029781087786,-0.011932922194591786
SUB00407,3,Light / occasional user,1.2082552570176075,4.123131062607981,High,Voice declining → data migration,4.123131062607981,5.761400261351268,5.862217618907363,1.2082552570176075,6.071046711389591,-2.894162371271977e-05,-1.7254689410230726,0.020616127658120143,0.0
SUB00408,2,Streaming & data-heavy,1.5292855373689767,4.0372448776326415,High,Data appetite growing,5.473860963107923,4.0372448776326415,1.5292855373689767,4.7764647603447,5.980088022963281,1.800693459225607,3.8572746937595617,-0.14741102139655304,0.00024963442793189466
SUB00409,4,Roaming / travel-heavy,0.631652984788838,4.629661968741767,High,Data appetite growing,5.606399134113056,4.629661968741767,5.42871409781064,5.608113455005698,0.631652984788838,0.15675584528248482,3.3606710802648303,-0.16400628525358793,0.010265421023083596
SUB00410,0,Voice-centric,0.750164505715596,3.678745863087434,High,Data appetite growing,0.750164505715596,4.0596347262098975,5.781461065408857,3.678745863087434,5.793455811451063,0.2107867465015534,0.6431134397445725,-0.035061525925475456,0.0
SUB00411,1,Underutilized / overspending,0.3401142955136311,3.791462973761438,High,,3.9697156821530326,0.3401142955136311,3.791462973761438,5.228783710096314,5.006212491060198,0.06365625390312363,2.325226990403029,-0.03596063621168549,0.03313420231154966
SUB00412,3,Light / occasional user,0.4531193608510659,3.507682283938396,High,,3.507682283938396,5.108370132137852,5.481324524323923,0.4531193608510659,5.718879473799971,-0.008704230314243938,4.100996495453724,-0.05144485294768547,0.007117016860961032
SUB00413,2,Streaming & data-heavy,1.2527127911085154,4.062028270768839,High,Data appetite growing,6.547837431885356,4.062028270768839,1.2527127911085154,6.530559129187271,5.708930074910947,0.6783367305341341,14.483893367164548,0.1726731802926154,-0.016238385049894173
SUB00414,3,Light / occasional user,1.066958972875454,3.9580381958760564,High,Data appetite growing,3.9580381958760564,5.556291530600566,5.773399134135917,1.066958972875454,5.936722951263025,0.7234216275853557,4.260605902616612,0.07542590278517278,0.0
SUB00415,2,Streaming & data-heavy,2.739149115208976,4.923603765704041,High,Data appetite growing,6.045954900019276,4.923603765704041,2.739149115208976,5.288740271679489,6.572180050200788,0.5309893737982848,0.09805554818591267,0.011435773544755003,-0.0033429558660656687
SUB00416,4,Roaming / travel-heavy,0.7559599206213934,5.142743300184237,High,Data appetite growing,6.063542052438466,5.142743300184237,5.787705002273092,5.980211244586186,0.7559599206213934,1.6639910028560514,8.279990840909074,0.16094854467550976,0.054913314294391814
SUB00417,0,Voice-centric,1.4914571929369558,3.965831479772324,High,Data appetite growing|Voice declining → data migration,1.4914571929369558,4.456913701006915,5.979938947703969,3.965831479772324,5.8772904610960115,0.6093898106044024,-19.51601924427193,-0.020629542596003896,0.0
SUB00418,1,Underutilized / overspending,0.806028267870109,3.7006544046376644,High,Data appetite growing,4.216212461221798,0.806028267870109,3.7006544046376644,5.323266823577928,4.752692079524148,0.5783762258733396,1.695798526854803,0.024899517509417848,-0.010010954324770012
SUB00419,3,Light / occasional user,1.009467246274831,3.5426419340152027,High,Data appetite shrinking,3.5426419340152027,5.163270564087801,5.641859856347385,1.009467246274831,5.763269878673257,-0.42158026775328544,0.03042308881400284,-0.1268695985025203,0.013766153580685473
SUB00420,2,Streaming & data-heavy,1.6830558510120583,3.3852636647272285,High,Data appetite growing|Voice declining → data migration,6.164877137300219,3.3852636647272285,1.6830558510120583,6.334885570255724,5.3540091455124035,0.1766517058117138,-4.81116201364196,0.15376137187984737,0.03712260776979357
SUB00421,3,Light / occasional user,1.2575914719665395,3.98764250363825,High,,3.98764250363825,5.590746274777558,5.85921832322052,1.2575914719665395,5.992826706734699,-0.13426874394370233,1.1553091766530712,0.05056204053115388,0.0
SUB00422,2,Streaming & data-heavy,1.5320035278113626,3.7188194670694856,High,Data appetite shrinking,5.253267081668647,3.7188194670694856,1.5320035278113626,4.654408398180077,5.765614253667475,-2.399887164850705,2.827385961324665,0.17072688889965904,-0.018469484411437333
SUB00423,4,Roaming / travel-heavy,1.8917976412667263,5.467331530967989,High,Voice declining → data migration|Roaming increasing,6.32115168569034,5.467331530967989,6.137763908271379,6.20629291364129,1.8917976412667263,-0.006431046134739562,-6.597120086316034,0.2636648349288193,-0.013169567059342288
SUB00424,0,Voice-centric,0.49760188876740413,3.7659166957925803,High,Data appetite growing|Voice declining → data migration,0.49760188876740413,4.215376333846957,5.824402342419784,3.7659166957925803,5.909019587236539,0.34248000597874617,-12.51438090165744,0.1286136256771281,0.0
SUB00425,1,Underutilized / overspending,0.35764306000798257,3.5136720434091697,High,Data appetite growing|Voice declining → data migration,4.208530023684334,0.35764306000798257,3.5136720434091697,5.325237310513621,4.69727699909082,0.38282174102555616,-7.607295041114113,0.17989245254285516,0.02422888341134244
SUB00426,3,Light / occasional user,0.5963848428287549,3.5610512639467578,High,Data appetite growing,3.5610512639467578,5.08718238104758,5.402278398964274,0.5963848428287549,5.69548967879039,0.8487363866837,2.3469346961098947,0.021461291856958855,-0.005112497379852486
SUB00427,2,Streaming & data-heavy,1.3773691568550093,3.4418820562820427,High,Data appetite shrinking|Voice declining → data migration,6.203922946026868,3.4418820562820427,1.3773691568550093,6.304263402781565,5.307014799606214,-0.28574158925263116,-1.758246080886198,0.1520556395624027,0.007905250648970066
SUB00428,3,Light / occasional user,1.6630382570402094,4.251203416156557,High,Data appetite growing|Voice declining → data migration,4.251203416156557,5.8011338228413605,5.943481916077925,1.6630382570402094,6.199152767077951,0.356933192256866,-0.33723916079086586,-0.021295329373608465,0.0
SUB00429,2,Streaming & data-heavy,1.8215769484178301,4.557525268598312,High,Data appetite shrinking|Voice declining → data migration,5.963681842736598,4.557525268598312,1.8215769484178301,5.296820234804681,6.406584929331655,-0.5249380622343993,-1.4808064135339927,-0.05898843134324797,0.025366863203421186
SUB00430,4,Roaming / travel-heavy,1.2740576740981508,5.012612153114611,High,Voice declining → data migration,5.88391584356527,5.012612153114611,5.818938011655703,5.872752953637116,1.2740576740981508,0.13823613587220127,-3.1356081355775225,-0.07738531283678837,-0.04658568944936977
SUB00431,0,Voice-centric,0.5762816305663677,3.7589708970193443,High,Data appetite shrinking,0.5762816305663677,4.290574865003535,5.987735615700426,3.7589708970193443,5.893938251818931,-0.4478111679842353,1.9740937562074006,-0.0025759023944861947,0.0
SUB00432,1,Underutilized / overspending,0.3656756546748303,3.4216816149853906,High,Data appetite shrinking|Voice declining → data migration,4.180527734415568,0.3656756546748303,3.4216816149853906,5.1619093223126296,4.688115991293612,-0.36512352399909864,-6.356256329038407,-0.09332362282836495,-0.028920244753587433
SUB00433,3,Light / occasional user,0.4777172336779234,3.425113696966972,High,Data appetite growing,3.425113696966972,5.041271368460889,5.479765738731859,0.4777172336779234,5.667757883714665,0.6824917418558846,0.8756552908727523,0.01062987800198747,0.014607551606926202
SUB00434,2,Streaming & data-heavy,1.2068023737888893,3.427809848630514,High,Data appetite growing,6.0724620874182484,3.427809848630514,1.2068023737888893,6.198357504228376,5.365501391008229,0.7979886891144343,10.977550668932821,-0.06450768262141707,-0.019495474630445944
SUB00435,3,Light / occasional user,1.4490757355935238,4.133507456439035,High,Data appetite growing|Voice declining → data migration,4.133507456439035,5.711663340052366,5.8537206466318965,1.4490757355935238,6.029316737907573,0.6555947699988995,-1.7885636135093523,0.1377707699893778,0.0
SUB00436,2,Streaming & data-heavy,1.55625456624261,4.313122340521064,High,Data appetite growing|Voice declining → data migration,5.775426027794821,4.313122340521064,1.55625456624261,5.191159086914551,6.328609226791069,0.4979563848938356,-3.2518783100501163,-0.11849116597188256,-0.01594454490236562
SUB00437,4,Roaming / travel-heavy,0.622680474590873,5.2441066385956985,High,Data appetite growing,6.058128117868569,5.2441066385956985,5.850458018256907,5.924874374665438,0.622680474590873,0.9055266056511244,4.30234323635413,0.0756233351499359,0.060536528264405906
SUB00438,0,Voice-centric,0.7825891412438164,3.655338198076497,High,Data appetite growing,0.7825891412438164,4.483859246578878,5.97521438358474,3.655338198076497,5.925698205730579,0.44352648915045884,6.6817323273276905,0.11519261838629322,0.0
SUB00439,1,Underutilized / overspending,0.39387380675843314,3.7427754237610125,High,Voice declining → data migration,4.372788080414174,0.39387380675843314,3.7427754237610125,5.548377552400316,4.847044975724379,-0.044916679442710036,-11.758474229718347,0.07989946180973477,-0.010820589804235312
SUB00440,3,Light / occasional user,0.9283276630429339,3.6393836857479753,High,Data appetite growing,3.6393836857479753,5.19914779774356,5.432332750976268,0.9283276630429339,5.816814459099065,0.5326375739357705,-0.013321001912617704,-0.02923451130428249,-0.006319242904065033
SUB00441,2,Streaming & data-heavy,1.103516345950443,3.6256531259918483,High,Data appetite growing,6.182715381607599,3.6256531259918483,1.103516345950443,6.2115308439386,5.272651499008521,0.36194854636131946,2.3946255664866536,0.10380836529599852,0.04065346110419919
SUB00442,3,Light / occasional user,0.7347533468915128,3.8813687466560873,High,Voice declining → data migration,3.8813687466560873,5.538480815083909,5.765374524024587,0.7347533468915128,5.885818035042136,-0.10773454854893857,-0.16793238308126487,0.11767292455031156,0.0
SUB00443,2,Streaming & data-heavy,1.452724786179205,4.316951979153689,High,Data appetite growing|Voice declining → data migration,5.663655672906562,4.316951979153689,1.452724786179205,4.96454423832867,6.255678602850164,0.5492326232521518,-2.9333978943644907,-0.03885731487515178,0.021877537445601718
SUB00444,4,Roaming / travel-heavy,0.47187052314103967,4.920357251823173,High,Data appetite shrinking,5.888695158166841,4.920357251823173,5.849108996066476,5.866436199287181,0.47187052314103967,-0.8211569788372515,1.2038474403832313,0.1711258477225164,-0.005944328515761016
SUB00445,0,Voice-centric,0.7844992061598564,3.9190773506017407,High,Data appetite shrinking|Voice declining → data migration,0.7844992061598564,4.320432120857687,6.034411220621886,3.9190773506017407,5.990622386938164,-0.42748016885004164,-21.804986906615955,0.010274008533585241,0.0
SUB00446,1,Underutilized / overspending,0.9627743464557221,4.082134940552166,High,,4.423296579411977,0.9627743464557221,4.082134940552166,5.646268665152319,5.240416597248469,0.10242111586975844,1.408479183533033,-0.0908625527144254,-0.012651931680582188
SUB00447,3,Light / occasional user,1.8511018464058966,3.911495425883357,High,Data appetite growing,3.911495425883357,5.4352831687393595,5.745672771873652,1.8511018464058966,5.9974522588967725,0.1807081472894964,3.7615841180000325,-0.020433568827040192,0.007837534783114015
SUB00448,2,Streaming & data-heavy,1.2320431373079341,3.292167597100072,High,Data appetite growing|Voice declining → data migration,5.9637528652673115,3.292167597100072,1.2320431373079341,6.016933191141108,5.309832228284066,0.552940306981153,-4.238197405949377,-0.009448759206285245,-0.016222197207091005
SUB00449,3,Light / occasional user,1.336143303540516,4.124474742560308,High,Data appetite growing|Voice declining → data migration,4.124474742560308,5.740781555356565,5.807671969273925,1.336143303540516,6.028401539515514,0.6746307905241793,-3.7215850433607445,0.13729439250095363,0.0
SUB00450,2,Streaming & data-heavy,2.155737155214047,4.652080727693787,High,Data appetite shrinking,6.076719817202555,4.652080727693787,2.155737155214047,5.396617723651904,6.524847373184263,-0.8903646345333741,2.204279871889946,-0.05633827245212242,-0.033334043958165
SUB00451,4,Roaming / travel-heavy,1.312096046844035,4.69638790217527,High,Data appetite growing|Voice declining → data migration,5.684772093242055,4.69638790217527,5.405351517992252,5.661147562974742,1.312096046844035,0.7701634908247263,-0.21561540721614558,-0.0847268865610989,-0.047598249214102016
SUB00452,0,Voice-centric,0.26038148743952566,3.7714110412857633,High,,0.26038148743952566,4.08345269136586,5.884666595727893,3.7714110412857633,5.83562136486355,0.03213798330269134,18.48923983903489,-0.009819835558530606,0.0
SUB00453,1,Underutilized / overspending,1.673897157478654,3.927000179282428,High,Data appetite shrinking|Voice declining → data migration,4.432885608447739,1.673897157478654,3.927000179282428,5.499487684156993,4.893961450640485,-1.0829377245917446,-11.110277303864706,0.004086490225328044,-0.020018438188755126
SUB00454,3,Light / occasional user,0.994775291250598,3.5652264531946942,High,,3.5652264531946942,5.203621550228315,5.591504557136012,0.994775291250598,5.797586332382931,0.005327176231532824,5.005367014030054,-0.061593602439760524,-0.008311908812744741
SUB00455,2,Streaming & data-heavy,1.9611833880126988,3.9507978069741396,High,Data appetite growing|Voice declining → data migration,6.452130246092289,3.9507978069741396,1.9611833880126988,6.539506248206163,5.841566636252282,1.788042001843997,-4.683888373466624,-0.2860238708526396,0.0014220710438584826
SUB00456,3,Light / occasional user,0.5455889610036987,3.8910070539129804,High,Data appetite growing,3.8910070539129804,5.574651332540149,5.74731594909113,0.5455889610036987,6.002776490720632,0.23638902231159017,0.8590775736328983,0.0,0.0
SUB00457,2,Streaming & data-heavy,1.5553497526571258,4.192597121504674,High,Data appetite growing|Voice declining → data migration,5.794158073869183,4.192597121504674,1.5553497526571258,5.254668943721526,6.260106012678092,0.9741866495211807,-2.0409488946971153,-0.04564632445746411,0.007225580239210581
SUB00458,4,Roaming / travel-heavy,0.3427222429761989,4.795693693367404,High,Data appetite shrinking,5.8226962125636454,4.795693693367404,5.803546510431525,5.851756936992549,0.3427222429761989,-0.1980587081071834,-0.04391636082993403,0.1615560113647944,0.012982403014864183
SUB00459,0,Voice-centric,0.6101146631304742,3.6934237522717144,High,Data appetite growing,0.6101146631304742,4.30225889226672,5.8631714079539075,3.6934237522717144,5.940988073390293,0.24149953276909814,15.34481975592178,-0.0633334523105331,0.0
SUB00460,1,Underutilized / overspending,0.7438160095674257,3.7384252221377445,High,Data appetite shrinking,4.20304235812615,0.7438160095674257,3.7384252221377445,5.374758820289444,4.7493949531676565,-0.7095029936088577,17.445063429039365,0.09084830126699821,0.010762191925401607
SUB00461,3,Light / occasional user,0.9287031039712147,3.535096756824123,High,Data appetite shrinking,3.535096756824123,5.154580082841909,5.644202181017209,0.9287031039712147,5.791977124350319,-0.6008490868895049,0.055609766330528276,-0.13649853106712792,-0.014742887570736258
SUB00462,2,Streaming & data-heavy,1.954637364335536,3.5078228554708324,High,Data appetite shrinking|Roaming increasing,6.105352675178764,3.5078228554708324,1.954637364335536,6.30170861781269,5.320720319871947,-0.6026696074470131,1.8769661046261499,0.23577848744007293,-0.014300337435713817
SUB00463,3,Light / occasional user,0.3972747801172986,3.857802660899426,High,,3.857802660899426,5.52384183925045,5.707765859020107,0.3972747801172986,5.8461415871319815,0.050419072250297875,3.2409906747851625,0.11916550268261164,0.0
SUB00464,2,Streaming & data-heavy,1.4580123291109572,4.162490371546818,High,Data appetite shrinking,5.543683537555682,4.162490371546818,1.4580123291109572,4.87125660468223,6.0078033404048545,-1.3519674143305678,3.1211643076849747,0.10689451120817278,-0.02660100760377192
SUB00465,4,Roaming / travel-heavy,0.8764759698021723,4.623250127489469,High,Data appetite shrinking,5.690797735887072,4.623250127489469,5.58717070129328,5.7481817088620275,0.8764759698021723,-0.46469432685395906,4.2411661030746455,0.05017853290533048,0.015088987762733314
SUB00466,0,Voice-centric,0.9112070436920179,3.8748179682329877,High,Data appetite growing,0.9112070436920179,4.1803573105703045,5.785623801772877,3.8748179682329877,5.939042913513946,0.7530873669495459,17.766157637432652,0.03268246807727415,0.0
SUB00467,1,Underutilized / overspending,0.5017652810235204,3.8768091492556644,High,Data appetite shrinking|Voice declining → data migration,4.10636885291749,0.5017652810235204,3.8768091492556644,5.222144168242634,4.715423190081572,-1.38496894272584,-3.9653205997973777,-0.037576109226285626,0.005196949697604764
SUB00468,3,Light / occasional user,0.3975548087799786,3.5315019034120647,High,Data appetite shrinking,3.5315019034120647,5.103528570819837,5.476738739262413,0.3975548087799786,5.680245992869711,-0.2318568431524311,0.7799657115645198,-0.09696517937825772,-0.006188907158088555
SUB00469,2,Streaming & data-heavy,1.5505129123697148,4.293707394918825,High,Data appetite growing|Voice declining → data migration,6.911750707757075,4.293707394918825,1.5505129123697148,6.964839565864717,6.051782934818573,0.819273445011861,-0.688110452165785,-0.008078907641697547,-0.02634012241991808
SUB00470,3,Light / occasional user,1.9379916328015783,4.314989867973565,High,Data appetite shrinking,4.314989867973565,5.931803033809673,6.070178182403013,1.9379916328015783,6.294813384314703,-0.16582464849670872,0.8849182917908478,-0.0069462085817535235,0.0
SUB00471,2,Streaming & data-heavy,1.2931073674048006,3.746014390796617,High,Data appetite shrinking|Voice declining → data migration,5.262430532219793,3.746014390796617,1.2931073674048006,4.620121814728965,5.793291654895106,-0.4768978482727711,-3.8374500377209637,0.053645631737100456,0.0038888010906152344
SUB00472,4,Roaming / travel-heavy,0.8422277474894224,5.0262363201581035,High,Data appetite shrinking,6.029155028234986,5.0262363201581035,5.884264154905295,5.971737800190148,0.8422277474894224,-0.22300613876985365,2.111316121677935,-0.021420530859948328,-0.013016178142399842
SUB00473,0,Voice-centric,0.368373204617364,3.398632304375058,High,Data appetite shrinking|Voice declining → data migration,0.368373204617364,4.338525191822638,5.846136754507257,3.398632304375058,5.787586770183923,-0.5552946109533312,-28.74236413685019,0.09202273069812049,0.0
SUB00474,1,Underutilized / overspending,1.003845488795768,3.478489795186655,High,Data appetite shrinking|Voice declining → data migration,4.13891810696478,1.003845488795768,3.478489795186655,5.198602555318443,4.737958674830283,-0.23357030210492238,-3.4290618824972605,0.026693195309614913,-0.03224081483115795
SUB00475,3,Light / occasional user,1.159629202718469,3.591743070233704,High,Data appetite shrinking|Voice declining → data migration,3.591743070233704,5.21109782271304,5.6453294382053825,1.159629202718469,5.759056134964289,-0.6725346765257051,-0.8324063738573939,0.12940094073402583,0.008567527826883484
SUB00476,2,Streaming & data-heavy,1.242391120279251,3.3432575354002614,High,,6.032345556492874,3.3432575354002614,1.242391120279251,6.221875837246505,5.43470425663259,0.05660010282732398,2.4916347925643474,-0.0797125575351912,0.011130649915851984
SUB00477,3,Light / occasional user,1.8650240831456792,4.22594814496379,High,,4.22594814496379,5.7438776622209256,6.007443669501564,1.8650240831456792,6.088514769566864,-0.11560532749219084,1.3994699394495822,0.13126291133219226,0.0
SUB00478,2,Streaming & data-heavy,1.1534383184111148,4.053422598061176,High,Data appetite shrinking,5.675767046280599,4.053422598061176,1.1534383184111148,5.064879469744762,6.055655316461262,-0.3599298569645632,1.1010219450866983,0.1329868539888666,0.031727558013178885
SUB00479,4,Roaming / travel-heavy,1.5794537100874744,5.100880455626432,High,Data appetite growing,6.110582382273455,5.100880455626432,5.802603433840147,6.069593931529407,1.5794537100874744,0.5492695600361965,1.9380260664978894,0.16398018486103594,-0.013109524450297018
SUB00480,0,Voice-centric,1.583317729768546,4.0181186388894785,High,Data appetite shrinking|Voice declining → data migration,1.583317729768546,4.446928798914937,6.149121060086291,4.0181186388894785,6.156639257135815,-0.7367621997576138,-19.19421771734573,-0.06418100125392083,0.0
SUB00481,1,Underutilized / overspending,0.3891261914131147,3.888458254929852,High,,4.26523968090254,0.3891261914131147,3.888458254929852,5.493834448800404,4.885421559341236,-0.11228059370473685,1.6297170661620146,-0.1281175988895675,-0.04183214667979857
SUB00482,3,Light / occasional user,0.688705167286488,3.495218699751446,High,Data appetite growing|Voice declining → data migration,3.495218699751446,5.0926221525142,5.462280431983808,0.688705167286488,5.728965654268836,0.7518454846926019,-0.763024861383991,-0.06633424145170852,-0.0032691883259979935
SUB00483,2,Streaming & data-heavy,2.007497936651224,3.9703990699434564,High,Data appetite growing,6.5477691512770795,3.9703990699434564,2.007497936651224,6.707417507017256,5.677643111842082,0.5264042747044643,8.635280415668714,-0.028930399381212193,0.014167467349707157
SUB00484,3,Light / occasional user,1.3777079688979499,4.101117316537124,High,Data appetite growing,4.101117316537124,5.685421723316107,5.832571335286045,1.3777079688979499,6.065971546041749,0.615323400743261,0.04982120911041247,0.004573679557389779,0.0
SUB00485,2,Streaming & data-heavy,1.1967229513757836,4.1014259634990085,High,Data appetite shrinking|Voice declining → data migration,5.606780435720435,4.1014259634990085,1.1967229513757836,4.948667313397866,6.13644498992033,-0.6014733376265922,-3.715857979420299,-0.05508847573855722,-0.013793255389894343
SUB00486,4,Roaming / travel-heavy,0.7744204387990509,5.063103033583155,High,Data appetite growing|Voice declining → data migration,6.147314515972298,5.063103033583155,5.766032478741045,6.105849635765252,0.7744204387990509,0.17444963710682168,-2.741481162352588,0.15969652041760662,0.023058247459253337
SUB00487,0,Voice-centric,1.2647850781875496,3.900829225243413,High,Data appetite growing,1.2647850781875496,4.376201561039914,5.975897687940586,3.900829225243413,6.0385704861969325,0.3608568238125719,1.5958032610522772,-0.04187015782307386,0.0
SUB00488,1,Underutilized / overspending,0.2523755753028904,3.6342215054774396,High,Data appetite growing,4.245095490349435,0.2523755753028904,3.6342215054774396,5.383286000849899,4.8917964548200805,1.3096686335691632,2.899976021386759,-0.07956047974854728,0.009426383456271904
SUB00489,3,Light / occasional user,0.4428017004144377,3.5959167311844715,High,Data appetite growing|Voice declining → data migration,3.5959167311844715,5.189104392744131,5.495501274297286,0.4428017004144377,5.7740654879243465,0.40077031890130194,-0.5174560109781733,-0.04863537840033102,0.008541271375788643
SUB00490,2,Streaming & data-heavy,1.7382725382877398,4.079825599166124,High,Data appetite growing|Voice declining → data migration,6.6960557817255495,4.079825599166124,1.7382725382877398,6.851333817451568,5.906855387845241,1.4000691202893176,-9.95638919659945,-0.1716860543976159,0.03322609436363677
SUB00491,3,Light / occasional user,0.41820753165192837,3.8476874776757106,High,Data appetite shrinking|Voice declining → data migration,3.8476874776757106,5.53061357617208,5.74382420366348,0.41820753165192837,5.945059162921011,-0.17154041864119346,-1.3609762286353217,-0.04802009236412704,0.0
SUB00492,2,Streaming & data-heavy,1.4734498352600496,3.947123056834216,High,,5.295686795361527,3.947123056834216,1.4734498352600496,4.559891828456897,5.872437450680781,-0.09318147563829564,3.2462812183460406,-0.06388840285939511,0.012388067085162649
SUB00493,4,Roaming / travel-heavy,0.9540576813517537,4.9701016641178235,High,Data appetite growing,6.005418537436064,4.9701016641178235,5.705696541500131,5.973015992424598,0.9540576813517537,0.8415940605499426,5.783578832817454,-0.13055376251048287,0.008538768459884716
SUB00494,0,Voice-centric,0.469529404074783,3.8182908810198004,High,,0.469529404074783,4.158523976898572,5.990139488297153,3.8182908810198004,5.960228651950443,-0.1256447049051111,10.792460549139411,-0.12261504203069734,0.0
SUB00495,1,Underutilized / overspending,0.51399907135999,3.9513822316163276,High,Data appetite shrinking|Voice declining → data migration,4.286223198999507,0.51399907135999,3.9513822316163276,5.4740108292263345,4.92810802703406,-1.117150054003565,-13.143589202095756,-0.1333680004045326,-0.009787960997179716
SUB00496,3,Light / occasional user,0.7920144460341804,3.495726300733968,High,Data appetite shrinking|Roaming increasing,3.495726300733968,5.135996287048756,5.562877045972869,0.7920144460341804,5.635569804667039,-0.6392680927872807,6.985553674348988,0.21529018757967752,-0.010045460039946491
SUB00497,2,Streaming & data-heavy,1.406596340549608,3.999504872155217,High,Data appetite growing,6.701327542564034,3.999504872155217,1.406596340549608,6.8106017587721555,5.823627782358398,0.8756478816470492,5.2116866917971665,0.05199150398135565,-0.006729488414640754
SUB00498,3,Light / occasional user,0.4898527767735178,3.879130002793477,High,,3.879130002793477,5.576379703705974,5.7643027303829015,0.4898527767735178,5.9802824371152585,-0.02396412335677679,0.3371313610920243,-0.034171009568215824,0.0
SUB00499,2,Streaming & data-heavy,1.1710462555711139,4.2973349269863705,High,Data appetite growing|Voice declining → data migration,5.984407774008618,4.2973349269863705,1.1710462555711139,5.4052898072871365,6.296391486404256,0.5495336248091754,-4.984354901133391,-0.07081874431668404,-0.004194885325953119
SUB00500,4,Roaming / travel-heavy,1.3427292419861374,5.237903370093432,High,Data appetite shrinking,6.005288015488886,5.237903370093432,5.8864261825732225,5.890927229512203,1.3427292419861374,-0.2802417926801792,1.8266508622980926,0.05977710805855214,-0.005316296202253779
SUB00501,0,Voice-centric,0.9606603571685657,3.8847460110679535,High,Voice declining → data migration,0.9606603571685657,4.177950336150488,5.975225164961484,3.8847460110679535,5.9429727676026065,-0.11949485071502326,-20.13137968628335,-0.019015462108007117,0.0
SUB00502,1,Underutilized / overspending,1.0680264101877104,4.213230367125834,High,Data appetite growing,4.3744618998650395,1.0680264101877104,4.213230367125834,5.590084238182532,5.004083491009831,0.7862793189333579,14.051925136302222,0.00044952050871584085,-0.03150024886432048
SUB00503,3,Light / occasional user,0.7866701328609023,3.488129290407992,High,,3.488129290407992,5.095765869063456,5.56506196958803,0.7866701328609023,5.7364320320081355,-0.09431289702180978,4.243273417890335,-0.042471913183100195,0.01567044260498227
SUB00504,2,Streaming & data-heavy,1.2303081096770585,3.824844248633571,High,Data appetite growing,6.451992110717442,3.824844248633571,1.2303081096770585,6.522590547994287,5.631720221271885,0.8193643034229192,5.534129470554981,0.12222058292270746,0.03769468246385464
SUB00505,3,Light / occasional user,0.5254468513370519,3.8714314972392034,High,Data appetite shrinking,3.8714314972392034,5.571327303559592,5.75944109105241,0.5254468513370519,5.910734706370065,-0.17344068111453836,3.248024546524275,0.10491113399535744,0.0
SUB00506,2,Streaming & data-heavy,1.479008679827976,4.2654265900951955,High,Data appetite growing|Voice declining → data migration,5.791453006091186,4.2654265900951955,1.479008679827976,5.218435394424683,6.273275307976997,0.4814070722428421,-1.9676889363390984,0.048587989538616656,-0.022823450154137233
SUB00507,4,Roaming / travel-heavy,1.7613978342765262,4.776213656317821,High,Data appetite growing,5.789988514314229,4.776213656317821,5.667408753633516,5.839723930715066,1.7613978342765262,0.23359896451737316,8.570222872949145,-0.0013679377936058651,0.03199104643997872
SUB00508,0,Voice-centric,0.7552620396369192,3.796679481198639,High,Voice declining → data migration,0.7552620396369192,4.1045970099257785,5.851188573793727,3.796679481198639,5.782185837610718,-0.06971430790074525,-22.559244711432548,0.029775846420348154,0.0
SUB00509,1,Underutilized / overspending,0.9870424867184333,3.601193521938815,High,Data appetite shrinking,3.971257939361318,0.9870424867184333,3.601193521938815,5.000257657919637,4.781113176446544,-2.9866625496645436,4.137979455577362,-0.09794472679622727,0.02834331332178411
SUB00510,3,Light / occasional user,0.5682726540407113,3.547152112401434,High,Voice declining → data migration,3.547152112401434,5.152979235441219,5.472786313550265,0.5682726540407113,5.760532826110607,0.0563248929779566,-5.030004422147273,-0.01326271804293817,0.005045918074970211
SUB00511,2,Streaming & data-heavy,1.5950735605457385,3.6740911901720805,High,Data appetite shrinking,6.420192141695897,3.6740911901720805,1.5950735605457385,6.556181879330483,5.405512244504152,-0.22629630128833728,6.4645866235827345,0.017031687215601825,0.04892861050517515
SUB00512,3,Light / occasional user,1.2514611055846276,4.03064712991357,High,,4.03064712991357,5.642311617631232,5.867334520021492,1.2514611055846276,6.072163167278575,-0.07778411418312331,2.890180499580372,-0.02097380785784649,0.0
SUB00513,2,Streaming & data-heavy,1.5291565923586965,4.010776675013638,High,Data appetite growing,5.417627819925058,4.010776675013638,1.5291565923586965,4.756792567515646,5.857912617624857,0.46886743657485874,4.322068458746501,0.14235580205743578,-0.03245773177091233
SUB00514,4,Roaming / travel-heavy,0.9922869193934357,4.5970096198807395,High,Data appetite shrinking|Voice declining → data migration,5.631933608705907,4.5970096198807395,5.509638839437267,5.619427149751984,0.9922869193934357,-0.350840038125352,-6.075691514302914,-0.1186108512501612,-0.011453074850745508
SUB00515,0,Voice-centric,0.8826831214050077,3.619653205418892,High,Data appetite growing|Voice declining → data migration,0.8826831214050077,4.3070081649242065,5.7866371237569885,3.619653205418892,5.932019439073534,0.7198150064505572,-14.77085772580314,-0.08990022964799006,0.0
SUB00516,1,Underutilized / overspending,0.6852094468728975,4.032306407572998,High,Data appetite growing,4.503034702417928,0.6852094468728975,4.032306407572998,5.726760270486334,5.012660132513836,1.0562096931690164,7.023758691409349,-0.0505790298574987,0.02311065138293842
SUB00517,3,Light / occasional user,0.778744321452414,3.4883536201189616,High,Data appetite shrinking,3.4883536201189616,5.124833627500627,5.613129718527843,0.778744321452414,5.746956660372526,-0.9481216815580655,0.9245730339144862,-0.10410349280383643,-0.013730910955874732
SUB00518,2,Streaming & data-heavy,1.3192099663296029,3.9604290115346843,High,Data appetite growing|Voice declining → data migration,6.499791413426975,3.9604290115346843,1.3192099663296029,6.542374757845061,5.5645100477112415,1.0800223745799586,-1.8948498793100386,0.025719729853393505,-0.0101416417580049
SUB00519,3,Light / occasional user,1.2256886470843904,4.011532500414608,High,Data appetite growing|Voice declining → data migration,4.011532500414608,5.672756183333126,5.821288852742714,1.2256886470843904,6.046070117257047,0.27163448230421056,-3.535454757690614,0.06785246168355176,0.0
SUB00520,2,Streaming & data-heavy,1.7226959761302951,4.494680004052008,High,Data appetite shrinking,5.766315545070204,4.494680004052008,1.7226959761302951,5.0445846422279494,6.2841401579656715,-0.7317737374938702,3.7010701116313434,0.12619528198938287,-0.009701630862084754
SUB00521,4,Roaming / travel-heavy,1.293105545795416,5.363613128050494,High,Voice declining → data migration,6.255919839353966,5.363613128050494,6.010510622045903,6.189035035370259,1.293105545795416,-0.09903558405086425,-0.783855131317552,0.04525115702823043,0.023319381284348625
SUB00522,0,Voice-centric,1.029415413280113,3.733467574628492,High,Data appetite growing,1.029415413280113,4.195640296942997,5.816930644638114,3.733467574628492,5.9268151380446294,0.28334277451410933,6.48362540078041,-0.12594952616926772,0.0
SUB00523,1,Underutilized / overspending,1.6374796853892843,4.067028531713838,High,Data appetite shrinking,4.565534401911267,1.6374796853892843,4.067028531713838,5.604232501836812,5.127080762694978,-0.812301240154854,2.1331878767166623,-0.13338101509441905,-0.00824873308760123
SUB00524,3,Light / occasional user,0.4609670834634879,3.4941671378655625,High,Data appetite shrinking,3.4941671378655625,5.156708174749511,5.560774904969636,0.4609670834634879,5.748413650005778,-0.15208391360235787,0.680273477633788,-0.06054371039725014,-0.024326555676693715
SUB00525,2,Streaming & data-heavy,2.560505337553274,4.573547122685162,High,Data appetite shrinking,6.930282134977412,4.573547122685162,2.560505337553274,7.026671614838025,6.203423784603522,-0.7833843137915285,0.7170740573973277,0.013194994510486278,-0.020033449283485293
SUB00526,3,Light / occasional user,0.9376895643598986,3.887955308963931,High,,3.887955308963931,5.581285559360532,5.807166871363755,0.9376895643598986,5.991426179749187,-0.08290177790004088,-0.0680805992860029,-0.007648924946980886,0.0
SUB00527,2,Streaming & data-heavy,1.4173469128292282,3.9420418004063884,High,Data appetite shrinking,5.366854041533751,3.9420418004063884,1.4173469128292282,4.669398713964266,5.970926427328209,-0.7283663591218155,2.5097080631725173,-0.05663398325898048,0.01390557127009402
SUB00528,4,Roaming / travel-heavy,0.3336361141537597,4.684814395980539,High,Voice declining → data migration,5.754387468619158,4.684814395980539,5.510820045853463,5.712276744883907,0.3336361141537597,-0.03307097586270357,-9.672737902018639,-1.3075893402567154e-05,-0.01660412765207407
SUB00529,0,Voice-centric,0.45797206165145093,3.653498796594518,High,Data appetite growing,0.45797206165145093,4.2784070662095885,5.784402934387171,3.653498796594518,5.8100008362192295,0.5544426787783721,10.72879657049529,0.134734212862374,0.0
SUB00530,1,Underutilized / overspending,0.9765830428351535,3.5166998067666584,High,Data appetite growing|Voice declining → data migration,4.347734646396106,0.9765830428351535,3.5166998067666584,5.37739478191375,4.983395637777861,0.1862211422160154,-5.8920074507006746,-0.1889474096132292,-0.006839262560909909
SUB00531,3,Light / occasional user,0.9614793682665134,3.6118483983012886,High,Data appetite growing,3.6118483983012886,5.168517306842955,5.442436593241667,0.9614793682665134,5.674568470919008,0.5410589097467493,0.9026864422206742,0.06353990720089228,0.007164825694176478
SUB00532,2,Streaming & data-heavy,1.0551143847699553,3.403987560171597,High,Data appetite shrinking,6.059240011861394,3.403987560171597,1.0551143847699553,6.215520336458344,5.492007750274666,-0.9686515287716836,3.02617750774212,-0.04911244076279227,0.02344710289951042
SUB00533,3,Light / occasional user,0.893121711339994,3.881896260061845,High,,3.881896260061845,5.568063230833712,5.790493560532569,0.893121711339994,5.991839780450893,0.0194395968912422,0.6927457520442669,-0.012981252634555034,0.0
SUB00534,2,Streaming & data-heavy,1.842279710580002,4.454322084310949,High,Data appetite shrinking,5.899704801805139,4.454322084310949,1.842279710580002,5.186380448007092,6.213612231614343,-0.6870484229725975,1.6099513333475308,0.16656501128645904,0.03431235802309458
SUB00535,4,Roaming / travel-heavy,0.7902110500647896,4.511283047971377,High,Data appetite shrinking|Voice declining → data migration,5.605515715674171,4.511283047971377,5.528763113891514,5.706700283683312,0.7902110500647896,-1.2267076091913833,-0.39253933615600234,-0.45633885048844447,0.0108713700978035
SUB00536,0,Voice-centric,2.69009853875186,4.657861487993326,High,Data appetite shrinking,2.69009853875186,4.952364942142327,6.491250789104748,4.657861487993326,6.36995557680902,-0.39073727835995725,11.242786092140415,0.07179425265653225,0.0
SUB00537,1,Underutilized / overspending,0.9157698539534759,3.442611601995605,High,Data appetite growing,4.537698140943073,0.9157698539534759,3.442611601995605,5.616553866660441,4.982270998662252,0.48149785234426545,1.6390756228097054,0.14935141711155137,0.026514304469904198
SUB00538,3,Light / occasional user,0.7489077419771547,3.603643501133993,High,Data appetite growing|Voice declining → data migration,3.603643501133993,5.180843901927,5.47103818635982,0.7489077419771547,5.710853459385645,0.4559565045098032,-4.9392969705241505,0.01460626525828864,-0.02621243587400791
SUB00539,2,Streaming & data-heavy,1.7894060992604468,3.5446562926419016,High,Data appetite growing,6.074256026908604,3.5446562926419016,1.7894060992604468,6.199777020237906,5.318197676606178,0.4239514717245671,9.520777562443136,0.1539844763480851,-0.00904103947095094
SUB00540,3,Light / occasional user,1.0975479606580518,4.057158716254826,High,Data appetite growing,4.057158716254826,5.680321754243291,5.768253141547197,1.0975479606580518,5.991130714179236,0.6472619758483599,0.1946487072799722,0.07127485427680219,0.0
SUB00541,2,Streaming & data-heavy,1.4937782333890033,4.066230488488261,High,Data appetite growing|Voice declining → data migration,5.460921284986219,4.066230488488261,1.4937782333890033,4.760539869457015,6.0116212565614635,0.967913330650407,-2.2391853780746307,-0.036648556403653505,0.00901907942151525
SUB00542,4,Roaming / travel-heavy,0.714133934021088,4.828381321768429,High,Data appetite growing|Voice declining → data migration,5.737640671780849,4.828381321768429,5.6508139231872105,5.65867540656936,0.714133934021088,0.271915506902371,-7.428960524004276,0.18344730891583141,-0.026203372453066334
SUB00543,0,Voice-centric,1.1423578525617772,3.803741902224194,High,Data appetite shrinking|Voice declining → data migration,1.1423578525617772,4.403821226365167,6.058033042839047,3.803741902224194,5.890985565641693,-0.5457239407894643,-33.445457310331754,0.0045378589343989684,0.0
SUB00544,1,Underutilized / overspending,2.5229100495591994,4.333500498003035,High,Voice declining → data migration,4.859993781099238,2.5229100495591994,4.333500498003035,5.818345174876429,5.352485978235567,0.0590930177607413,-9.222578698992326,0.03387918305201633,0.003816800113447723
SUB00545,3,Light / occasional user,0.5534909637658747,3.4855554364157713,High,Data appetite shrinking,3.4855554364157713,5.015591511772859,5.4658151699264765,0.5534909637658747,5.549198225351702,-0.41135820600009504,0.15702271802570417,0.06518433662013909,-0.0055331600021003334
SUB00546,2,Streaming & data-heavy,1.4542622002844925,4.182434477782,High,,6.795511185416554,4.182434477782,1.4542622002844925,6.883130812307981,5.929157980052761,-0.0781164439282767,5.176031648291809,-0.03829008896265894,-0.018077648487105854
SUB00547,3,Light / occasional user,0.4630157627647898,3.8157446755605466,High,Voice declining → data migration,3.8157446755605466,5.519371030835072,5.743260270900574,0.4630157627647898,5.867886160814237,-0.10282859179359917,-0.7329366377547702,0.10034795819011184,0.0
SUB00548,2,Streaming & data-heavy,2.4636591121518743,4.695125046872349,High,Data appetite growing,6.046075223015411,4.695125046872349,2.4636591121518743,5.341185767378507,6.456622165750242,0.5796061902035048,7.609504477489874,0.02583986371137704,0.00543832631257873
SUB00549,4,Roaming / travel-heavy,0.47799414812819363,4.789759036438725,High,Data appetite growing|Voice declining → data migration,5.857865771294709,4.789759036438725,5.659371769010746,5.8745773531887595,0.47799414812819363,0.3578676866822009,-11.898662496232342,-0.07450912637148396,-0.0331987856310238
SUB00550,0,Voice-centric,0.3642546150623732,3.5119147827835486,High,Data appetite growing,0.3642546150623732,4.133523053395638,5.727261359659945,3.5119147827835486,5.817524386993756,0.17573053336105995,24.684049683748515,0.0685032091496773,0.0
SUB00551,1,Underutilized / overspending,0.9654451502138008,3.969853881511115,High,Data appetite shrinking|Voice declining → data migration,4.336152590596302,0.9654451502138008,3.969853881511115,5.45905530791899,4.8607778968099185,-1.1207720148065294,-3.992251688627564,0.036443758751389485,0.012762034898478844
SUB00552,3,Light / occasional user,1.9112462805193795,3.9599432736548685,High,Data appetite growing|Voice declining → data migration,3.9599432736548685,5.44633699433832,5.725952077005176,1.9112462805193795,5.926391606673693,0.5131964623020908,-0.36491240840009953,0.12798916875742608,0.003660302784439244
SUB00553,2,Streaming & data-heavy,1.2450527165151297,3.1843667341199495,High,Data appetite growing|Voice declining → data migration,5.813910755881918,3.1843667341199495,1.2450527165151297,5.912388575944405,5.173068315620622,0.5581687261502626,-1.9381613187754914,-0.19126749905743082,-0.01547882979353706
SUB00554,3,Light / occasional user,1.362595459982889,4.107875991244441,High,Data appetite growing,4.107875991244441,5.704109271275171,5.869198693352893,1.362595459982889,6.097798586151899,0.27237655902591096,0.3925975735937287,0.0039002011010828086,0.0
SUB00555,2,Streaming & data-heavy,1.2990311838182784,4.109866725310305,High,Data appetite shrinking,5.6252005323504815,4.109866725310305,1.2990311838182784,4.9367055380889555,5.980752289407801,-0.9469357993150026,6.981874106442043,0.15822215024723446,-0.03068756727474787
SUB00556,4,Roaming / travel-heavy,0.997214764419063,4.460014462199935,High,Voice declining → data migration,5.398461962542491,4.460014462199935,5.39363847073301,5.352073625539322,0.997214764419063,-0.11443485676073203,-5.093469681384517,-0.23086761821415974,0.04842465114222768
SUB00557,0,Voice-centric,0.9940704839254312,3.7582425481031225,High,Data appetite growing,0.9940704839254312,4.040129254083184,5.792271193869782,3.7582425481031225,5.7167052005637355,0.25517472948295633,0.658508676518553,0.07781735281594551,0.0
SUB00558,1,Underutilized / overspending,1.5894246410596988,3.9487653642351326,High,Data appetite growing|Voice declining → data migration,4.562452532448836,1.5894246410596988,3.9487653642351326,5.690437810099729,5.187930430095761,0.1779643198605797,-3.4561530145527253,-0.05483201878533299,0.0180793463514294
SUB00559,3,Light / occasional user,0.41419000869504013,3.5766347400155842,High,Data appetite growing,3.5766347400155842,5.18775798855843,5.47458452752956,0.41419000869504013,5.7782937894174795,0.4893480932653548,0.2143236939565254,-0.0039949328903178425,0.01075320874156695
SUB00560,2,Streaming & data-heavy,1.211922871507482,3.349780243795306,High,Voice declining → data migration,5.958072111476275,3.349780243795306,1.211922871507482,5.998136997012595,5.126923488460629,-0.04940358630450461,-3.7878435989633905,0.029462120117938268,-0.026221284019494587
SUB00561,3,Light / occasional user,0.5352570210045648,3.88598805131168,High,Voice declining → data migration,3.88598805131168,5.5772492842124315,5.765484330073269,0.5352570210045648,5.911019347160652,-0.08365648829542909,-3.496832066991965,0.10876678176366782,0.0
SUB00562,2,Streaming & data-heavy,1.4910925544878526,4.218294546963163,High,Data appetite growing|Voice declining → data migration,5.605696741424737,4.218294546963163,1.4910925544878526,4.888141772096483,6.153541370181435,1.6129706536376431,-7.326370810198677,-0.10246418879209868,0.008555538606400044
SUB00563,4,Roaming / travel-heavy,0.43068761267837624,4.485015749007082,High,Data appetite growing,5.7149833442528815,4.485015749007082,5.37341590162857,5.751464275085946,0.43068761267837624,0.8938399648508584,4.45709384703663,0.12342648453886672,0.023820984603846584
SUB00564,0,Voice-centric,1.9549616998446135,4.267344496718253,High,Data appetite growing,1.9549616998446135,4.4122498954673635,6.17744423436599,4.267344496718253,5.95237556904562,0.24949294703586494,5.925655828667663,0.1086027181506057,0.0
SUB00565,1,Underutilized / overspending,0.3974499982159832,3.902908999113413,High,Data appetite shrinking|Voice declining → data migration,3.9577597446484,0.3974499982159832,3.902908999113413,5.120390129398388,4.778140279678247,-1.2810186824139433,-10.51610817814404,-0.009805451057187525,0.02649951669638455
SUB00566,3,Light / occasional user,0.8277883148664238,3.6132393983209616,High,Data appetite growing|Voice declining → data migration,3.6132393983209616,5.131257985691028,5.435353115832582,0.8277883148664238,5.752128123566882,0.4966598127634532,-2.6989127205463226,-0.03923173471733429,0.005527898343325264
SUB00567,2,Streaming & data-heavy,2.061520358902708,4.07205708238687,High,Data appetite growing,6.545177588917859,4.07205708238687,2.061520358902708,6.670512343269527,5.785242448606264,0.7543796323527511,0.4058865506184003,0.15496123758605848,-0.042849053117724835
SUB00568,3,Light / occasional user,0.6677738903963107,3.8992676740981316,High,Data appetite growing,3.8992676740981316,5.577841223266791,5.7384135796048525,0.6677738903963107,6.0019000715664745,0.44207787388414543,2.0536951431459136,-0.03091642899197713,0.0
SUB00569,2,Streaming & data-heavy,2.169088409284507,4.247962538338252,High,Data appetite growing|Voice declining → data migration,5.611061235907391,4.247962538338252,2.169088409284507,5.017550288804636,6.184983033878924,0.37450966203063246,-1.2700561608450471,-0.024523697185432593,-0.0021385392425573423
SUB00570,4,Roaming / travel-heavy,1.5937383173090527,5.158315879735683,High,Data appetite shrinking,6.060984191344825,5.158315879735683,6.013749593084876,6.079094462777403,1.5937383173090527,-0.1968319674823889,9.845679348117322,-0.12536040455873348,0.028086214198277466
SUB00571,0,Voice-centric,1.8144329839948843,3.942502871140951,High,Voice declining → data migration,1.8144329839948843,4.547873073951991,6.04523382885767,3.942502871140951,6.154318041123727,-0.10704703348057876,-23.122621550034253,-0.09798148969614909,0.0
SUB00572,1,Underutilized / overspending,1.2885115345940379,3.9953972514063856,High,Data appetite shrinking|Voice declining → data migration|Roaming increasing,4.432679344100893,1.2885115345940379,3.9953972514063856,5.6445397164188025,5.111228441837771,-2.906652142015578,-13.049116767002518,0.2538994762895287,-0.0041418383137180655
SUB00573,3,Light / occasional user,0.34291583694527106,3.5363611126647894,High,Data appetite growing|Voice declining → data migration,3.5363611126647894,5.192231565350852,5.481831189649154,0.34291583694527106,5.714771912054863,0.7421510204060817,-1.158639669095954,-0.04751442390521177,0.010606270672829366
SUB00574,2,Streaming & data-heavy,1.4330322932555744,3.2904154749164425,High,Data appetite shrinking,6.149686780756621,3.2904154749164425,1.4330322932555744,6.378345608121928,5.275768033319655,-0.8125529546693177,8.339349303577348,0.03240929309329955,-0.019855130458303394
SUB00575,3,Light / occasional user,1.5813351493665362,4.1666061685686735,High,Voice declining → data migration,4.1666061685686735,5.746565652211669,5.961309992969198,1.5813351493665362,6.133215528640179,-0.0930529824732584,-4.973267039232304,0.02621048713833548,0.0
SUB00576,2,Streaming & data-heavy,1.287567543478343,4.1084588359627245,High,Data appetite growing,5.570736142371952,4.1084588359627245,1.287567543478343,4.863298011959202,6.147652887998645,0.24436722695383142,0.8385942514869424,-0.08585447439459461,-0.0038257194135558
SUB00577,4,Roaming / travel-heavy,0.9211038492622671,5.238479402829396,High,Data appetite shrinking|Roaming increasing,6.003307263026689,5.238479402829396,5.90674067931649,5.883476490327002,0.9211038492622671,-0.5159867339038297,0.0598046250302135,0.2848056018713593,-0.01805120738954883
SUB00578,0,Voice-centric,0.48981296799063107,3.4151172129917167,High,Voice declining → data migration,0.48981296799063107,4.2753602171918486,5.798653379562969,3.4151172129917167,5.831560063304699,-0.13573679368036104,-12.31290026195967,-0.12112591014466052,0.0
SUB00579,1,Underutilized / overspending,0.31004174982540655,3.6116524020308125,High,Data appetite growing|Voice declining → data migration,4.0193315284333755,0.31004174982540655,3.6116524020308125,5.211316525606975,4.781015424148099,0.6285086952629243,-15.12860602795926,-0.0819591152478402,0.02266870883437031
SUB00580,3,Light / occasional user,0.372203546714404,3.5233442244927127,High,Data appetite shrinking,3.5233442244927127,5.1203370577575305,5.499462970419312,0.372203546714404,5.665865385474149,-0.5356849558728457,0.7252072179243537,0.001422990457295846,-0.003492574319029483
SUB00581,2,Streaming & data-heavy,1.9852819663792178,4.092175030239365,High,Data appetite growing|Voice declining → data migration,6.5663018295152025,4.092175030239365,1.9852819663792178,6.644753646253261,5.811968383919338,1.2837996676701229,-0.8435521568246813,0.017238975291062813,-0.0032680697474024335
SUB00582,3,Light / occasional user,0.8218115176669616,3.9763142979372894,High,Data appetite growing,3.9763142979372894,5.637303770410816,5.7608017658792265,0.8218115176669616,6.030473715372349,0.48759317716052253,0.009228039815141491,-0.016099258385952716,0.0
SUB00583,2,Streaming & data-heavy,1.209058368543102,3.884735295104823,High,,5.4675476523490705,3.884735295104823,1.209058368543102,4.869086691765304,6.015801116200992,-0.021048652393974233,1.9433246547275391,-0.0785356101166782,-0.013090471830665747
SUB00584,4,Roaming / travel-heavy,1.0559574964125416,4.800348712226444,High,Data appetite growing|Voice declining → data migration,5.857675271456365,4.800348712226444,5.759295773994399,5.8481088347328365,1.0559574964125416,0.2757290779989604,-10.100393884558338,0.15246747788687648,-0.06958717127366787
SUB00585,0,Voice-centric,2.303475648208522,4.331905665585648,High,Data appetite growing|Voice declining → data migration,2.303475648208522,4.603804352448656,6.188083483458007,4.331905665585648,6.1367646313589335,0.33533705237215244,-4.853303233931677,0.15915384801985666,0.0
SUB00586,1,Underutilized / overspending,0.857529748962645,4.234791412909998,High,Data appetite shrinking|Voice declining → data migration,4.3315585164703165,0.857529748962645,4.234791412909998,5.646499300051076,5.143842212741003,-0.7852265269482883,-4.339907260512074,-0.009061784353764863,0.016693389257640846
SUB00587,3,Light / occasional user,1.3651437933734702,3.6813279380155297,High,Data appetite shrinking|Voice declining → data migration,3.6813279380155297,5.20175116412866,5.663780142152302,1.3651437933734702,5.719840035111579,-0.7933516847184944,-2.452548096238767,0.08466221067752316,0.009645584202613078
SUB00588,2,Streaming & data-heavy,1.784228904827175,4.379333778096348,High,Voice declining → data migration,6.937588953784772,4.379333778096348,1.784228904827175,6.9911828030374625,5.961785547904954,-0.14511191106977728,-3.939880647256996,-0.030141027526125963,-0.006119432395799537
SUB00589,3,Light / occasional user,0.6490446007477753,3.8438711140104473,High,Voice declining → data migration,3.8438711140104473,5.498204286429591,5.762845445873538,0.6490446007477753,5.921655088420684,-0.1402283414397973,-2.3152323047706,0.01410937812389144,0.0
SUB00590,2,Streaming & data-heavy,1.6237641213064988,4.244095580519153,High,Data appetite shrinking,5.786803332738553,4.244095580519153,1.6237641213064988,5.197658104712427,6.267455227227456,-0.5720659586840423,5.242956897192242,0.04168789383276341,0.006909649061811407
SUB00591,4,Roaming / travel-heavy,0.812890272830462,5.490952193397771,High,Data appetite shrinking|Voice declining → data migration,6.5056630935676525,5.490952193397771,6.254557489830855,6.453993876049296,0.812890272830462,-0.21389729429297755,-5.574501749342217,-0.10510639703643833,-0.003787583860329047
SUB00592,0,Voice-centric,0.7184995717166729,3.757411573209768,High,Data appetite shrinking,0.7184995717166729,4.153365713440587,5.829145140278371,3.757411573209768,5.782929592940956,-0.18649671765989162,16.94053978710015,0.029903912877804934,0.0
SUB00593,1,Underutilized / overspending,0.8784573657982964,4.101140834304371,High,Data appetite shrinking,4.101140834304371,0.8784573657982964,4.1717211053057355,5.280682939048553,4.873081405626559,-0.9156114781731188,15.562157530939812,0.1316129418632834,0.01176832249521456
SUB00594,3,Light / occasional user,0.8548770848254542,3.552857702614807,High,Data appetite growing,3.552857702614807,5.142311462791389,5.494055912687813,0.8548770848254542,5.6942793133214975,0.777102924514149,4.966418802399505,0.07259583380027834,-0.014583254458565965
SUB00595,2,Streaming & data-heavy,2.0995155576439064,4.121830081790033,High,Data appetite shrinking,6.543687115520561,4.121830081790033,2.0995155576439064,6.625495363458892,5.811956157764536,-0.6279005553143937,14.755952700785624,-0.004477508491527992,0.0015226499719643216
SUB00596,3,Light / occasional user,0.8147484782465679,3.9190959725768577,High,Data appetite growing,3.9190959725768577,5.534539687452581,5.702529039235677,0.8147484782465679,5.890653303856443,0.7362704024105902,2.6232948991714564,0.15140465212318616,0.0
SUB00597,2,Streaming & data-heavy,1.4399039540206442,3.8915977060455025,High,Data appetite shrinking,5.21709678053009,3.8915977060455025,1.4399039540206442,4.494565799060297,5.756853085406078,-0.8586219858536457,2.331397065527217,0.0288565396163961,-0.030810995368649292
SUB00598,4,Roaming / travel-heavy,0.3593186042249654,4.923439145692768,High,Data appetite growing|Roaming increasing,5.925349964469543,4.923439145692768,5.874266614629817,5.973312736045386,0.3593186042249654,0.3694777376848348,4.4032898504765905,0.2203591676026052,-0.007450225307412998
SUB00599,0,Voice-centric,0.44648601361118,3.752005467146737,High,,0.44648601361118,4.163043863117984,5.784542724512926,3.752005467146737,5.776646593463998,0.06784816406459121,3.518397641119503,0.07796481451699562,0.0
SUB00600,1,Underutilized / overspending,1.1841001842813665,4.174206013352118,High,Data appetite shrinking,4.369622415138513,1.1841001842813665,4.174206013352118,5.54197355685082,5.059559577099145,-0.24921230542514627,4.699310103273745,0.08379792463208005,-0.01063778887901499
SUB00601,3,Light / occasional user,2.2746389617472667,4.2104972808461305,High,Data appetite growing|Voice declining → data migration,4.2104972808461305,5.561871022543713,5.844886294618527,2.2746389617472667,6.096940329100272,0.2733690830150929,-0.485828250737276,-0.009471057771748326,-0.009413501855837066
SUB00602,2,Streaming & data-heavy,1.7449049872776754,3.305320421595974,High,Data appetite shrinking,6.2298930594156525,3.305320421595974,1.7449049872776754,6.457694277174025,5.418121788339736,-0.341615153496581,8.58993641899024,0.020051795138475284,0.011200085305816829
SUB00603,3,Light / occasional user,0.9145698271535476,3.9738327625899412,High,Data appetite growing|Voice declining → data migration,3.9738327625899412,5.6118758573487115,5.7827654755265385,0.9145698271535476,6.023920645520092,0.36987321473555174,-0.836503213520529,-0.01972999185559116,0.0
SUB00604,2,Streaming & data-heavy,1.9832356362107955,4.484363669468101,High,Data appetite growing,5.819423551416125,4.484363669468101,1.9832356362107955,5.0615339964271495,6.23707143195124,0.9053069135698537,2.87284914560596,-0.03903911466434616,0.019569752392867724
SUB00605,4,Roaming / travel-heavy,0.6107060976518887,5.246417258902082,High,Data appetite shrinking,6.2765846868039645,5.246417258902082,6.0303032079660435,6.266221588390505,0.6107060976518887,-0.2714436502680619,6.234956868305316,0.050230745397027404,0.015937368338507042
SUB00606,0,Voice-centric,0.6294506690323117,3.615419096490931,High,Data appetite growing|Voice declining → data migration,0.6294506690323117,4.250558626222267,5.7327749222164055,3.615419096490931,5.8834113263662795,1.0812370926923187,-1.172237309407795,-0.08267245067763092,0.0
SUB00607,1,Underutilized / overspending,0.3428049710717951,3.4628045986194445,High,Data appetite shrinking,4.211442717770125,0.3428049710717951,3.4628045986194445,5.328869521127684,4.893227172232851,-1.001642100058007,4.884869076903982,0.008259264471133638,-0.02212717868699762
SUB00608,3,Light / occasional user,1.004531332988894,3.5721215037641825,High,Data appetite shrinking,3.5721215037641825,5.2299177810246,5.6701733718917495,1.004531332988894,5.82472136926235,-0.8943028512407375,3.406581339995509,-0.05389053679783664,-0.001485864467527261
SUB00609,2,Streaming & data-heavy,1.742299732549313,4.095321316785208,High,,6.870988432383007,4.095321316785208,1.742299732549313,7.0089816369083255,5.934340986161618,0.01761899808779407,0.19010259997920764,0.1662995284053832,-0.0008846851324102688
SUB00610,3,Light / occasional user,1.9536698156626102,4.399663462551583,High,Data appetite growing|Voice declining → data migration,4.399663462551583,5.9174121174640275,6.030995081571646,1.9536698156626102,6.303382281945316,0.7681337519895419,-0.5085716603938054,-0.011297392439671669,0.0
SUB00611,2,Streaming & data-heavy,1.8373748972206396,4.490549756564894,High,Data appetite growing,5.852435986200612,4.490549756564894,1.8373748972206396,5.077608365868197,6.330461363560931,0.8346044047557594,5.172605230189185,-0.04264986093952011,-0.032632141771897306
SUB00612,4,Roaming / travel-heavy,0.6645406313618315,4.3939311529805565,High,Data appetite growing|Voice declining → data migration,5.614516922231287,4.3939311529805565,5.369629618365346,5.683500473135668,0.6645406313618315,0.16929783831340325,-4.205479498865623,-0.03263830271458684,0.0021614194981705325
SUB00613,0,Voice-centric,0.7791195118047178,3.763599093390771,High,,0.7791195118047178,4.334537953744296,5.956465660038907,3.763599093390771,5.960638680328218,0.06677817929008004,14.48024292989346,-0.16836534460293684,0.0
SUB00614,1,Underutilized / overspending,2.0984018676888354,4.231446836063499,High,Data appetite shrinking|Voice declining → data migration,4.511457934702429,2.0984018676888354,4.231446836063499,5.617235282183619,5.162950385728859,-0.8786987732888635,-1.2497185391108032,0.023068241732599058,0.013419408858246343
SUB00615,3,Light / occasional user,1.2731284291934772,3.8802080194438573,High,Voice declining → data migration,3.8802080194438573,5.417252272791572,5.634118170364067,1.2731284291934772,5.777998067062727,0.05611842380108328,-3.510622924041466,0.12566494011018833,-0.008367492930151677
SUB00616,2,Streaming & data-heavy,2.1339044458880014,3.7122574572186866,High,Data appetite shrinking|Voice declining → data migration,6.31956626970455,3.7122574572186866,2.1339044458880014,6.481486595936781,5.6146017546868885,-0.6905550469404526,-5.717422849512912,-0.018651757196527518,-0.01254081197758066
SUB00617,3,Light / occasional user,0.5951869949034937,3.8611206832883793,High,,3.8611206832883793,5.591342175145765,5.764294702758672,0.5951869949034937,5.986153250207853,-0.09612098390921761,1.7355208247536886,-0.03801469391781789,0.0
SUB00618,2,Streaming & data-heavy,2.6006742195416472,5.103001977259257,High,Data appetite growing,6.592423268427948,5.103001977259257,2.6006742195416472,5.9667725773120415,6.8900947868136955,0.2844864138018176,3.0662414117854304,-0.06440143805359438,0.05974886744273403
SUB00619,4,Roaming / travel-heavy,0.5732238893207905,4.483474735186919,High,Data appetite growing,5.570276515269876,4.483474735186919,5.31383534224767,5.51497898354561,0.5732238893207905,0.24747531364711353,6.310621055363549,0.07937816821502063,0.010332490725820919
SUB00620,0,Voice-centric,0.6088750902186413,3.5853182354035917,High,Data appetite shrinking,0.6088750902186413,4.2144211704617085,5.886420386359102,3.5853182354035917,5.868662558315021,-0.6149495025205294,10.474094310020085,-0.04305268689099272,0.0
SUB00621,1,Underutilized / overspending,0.38933971391609995,3.9415241742809135,High,Voice declining → data migration,4.257454707568304,0.38933971391609995,3.9415241742809135,5.491618196428178,5.010122075273718,-0.0950087285227786,-0.845820599503853,-0.12136504281230724,-0.029148668604595643
SUB00622,3,Light / occasional user,1.0569053088387317,3.675025517404878,High,Data appetite growing|Voice declining → data migration,3.675025517404878,5.2143166794937885,5.4687230328606535,1.0569053088387317,5.729421840420705,0.9061981936921609,-0.7123393138252586,-0.03446995763901836,-0.011976121351271046
SUB00623,2,Streaming & data-heavy,1.5510774183843545,3.5782865476234207,High,Data appetite shrinking,6.180263887116635,3.5782865476234207,1.5510774183843545,6.347603877682472,5.52611371083663,-0.7596348611250542,2.4991252855183337,-0.13437719050586378,0.04652895423540059
SUB00624,3,Light / occasional user,0.4238324826157363,3.881822342010774,High,Voice declining → data migration,3.881822342010774,5.543270812757207,5.716120507123244,0.4238324826157363,5.982948871953382,0.14230003283738804,-0.31093853943144006,-0.008294857570965796,0.0
SUB00625,2,Streaming & data-heavy,1.843113061232794,4.2718390823010015,High,,5.298634908640393,4.2718390823010015,1.843113061232794,4.421843189823358,6.021600135721823,0.12998592932283204,5.231325061266016,-0.06360081251259361,-0.026648457276854907
SUB00626,4,Roaming / travel-heavy,1.1303125969078158,4.72321904412268,High,Data appetite shrinking,5.682472116222748,4.72321904412268,5.658684173857652,5.674265137355955,1.1303125969078158,-0.7584538979190665,1.6796298141538104,-0.32360204661601516,-0.05245227322426245
SUB00627,0,Voice-centric,0.7893097336632429,3.955299183333203,High,Data appetite shrinking|Voice declining → data migration,0.7893097336632429,4.1566538174197065,6.00724462015037,3.955299183333203,6.02656376033473,-0.23476868394548983,-4.179925630450432,-0.15759817438249515,0.0
SUB00628,1,Underutilized / overspending,0.5104916826680123,3.6270976117109517,High,Data appetite growing,4.18235253318743,0.5104916826680123,3.6270976117109517,5.359499571474781,4.905203022155164,0.6556182369340953,3.181944217532217,-0.03731669384278526,0.009196621401903955
SUB00629,3,Light / occasional user,0.593257026348335,3.4302892603892268,High,Data appetite shrinking|Voice declining → data migration,3.4302892603892268,5.065344802427373,5.561000313147229,0.593257026348335,5.5723628167179236,-0.3837821020105912,-1.0142506253623673,0.13454480825547607,-0.022552185342542497
SUB00630,2,Streaming & data-heavy,1.9220097423788518,4.059226590080248,High,Data appetite growing|Voice declining → data migration,6.704022217680161,4.059226590080248,1.9220097423788518,6.811394340282482,5.682840859030073,0.5011912944340529,-1.1551747478322854,0.049792841628706966,0.013927605067209118
SUB00631,3,Light / occasional user,1.4971542234470407,4.039806176680139,High,,4.039806176680139,5.686137335099964,5.917536524297744,1.4971542234470407,6.089179789572385,-0.09986972942399495,1.007903358215207,0.010162154168564095,0.0
SUB00632,2,Streaming & data-heavy,1.374724139633168,3.989984490959271,High,Data appetite growing|Voice declining → data migration,5.404456305720337,3.989984490959271,1.374724139633168,4.767976818808228,5.9709259411505,1.3166595415361504,-1.640720846919764,0.12318688564349847,0.03912126170493419
SUB00633,4,Roaming / travel-heavy,0.8265447561086785,5.214205992171226,High,Data appetite shrinking|Voice declining → data migration,6.2139304087454335,5.214205992171226,6.032043340550099,6.2410560982550844,0.8265447561086785,-0.48111594590167206,-4.958953921600519,0.10402691424022584,0.009915170341825064
SUB00634,0,Voice-centric,0.42893917990798824,3.8291882979293983,High,Voice declining → data migration,0.42893917990798824,4.3013592696393985,5.98303030564444,3.8291882979293983,5.815304242420576,-0.08997761200411132,-7.620479973501604,0.16228367199150895,0.0
SUB00635,1,Underutilized / overspending,1.1818054986243083,3.4789156256937788,High,Data appetite growing|Voice declining → data migration,4.188014339860118,1.1818054986243083,3.4789156256937788,5.167831644946002,4.809630404386101,1.0233412513840916,-0.4737106037739786,0.01787969145984932,0.008384130562863206
SUB00636,3,Light / occasional user,1.0416148679507296,3.6782863331699396,High,Data appetite growing,3.6782863331699396,5.208298305376886,5.475138247739823,1.0416148679507296,5.815348013867835,0.8102200839313061,3.992582487127977,-0.04326281648050386,-0.0018669083339042762
SUB00637,2,Streaming & data-heavy,1.968801896454545,4.083370497672999,High,Data appetite shrinking|Voice declining → data migration,6.7387152321421,4.083370497672999,1.968801896454545,6.8875479664757675,5.761477003811445,-0.7377596038702832,-2.568120956958073,0.029669597133346545,-0.029461733832168175
SUB00638,3,Light / occasional user,1.3467099624161736,4.115376412058585,High,Data appetite growing,4.115376412058585,5.692996224051103,5.823884819538634,1.3467099624161736,6.00727526444213,0.759615425298184,-0.007431887729232074,0.11620052930660672,0.0
SUB00639,2,Streaming & data-heavy,1.632499326294231,4.368680381025994,High,Data appetite growing|Voice declining → data migration,5.849978214396501,4.368680381025994,1.632499326294231,5.183035652807242,6.277010681064364,1.1533325925323896,-6.935414929317153,-0.05745600821584059,0.022009585198455573
SUB00640,4,Roaming / travel-heavy,1.5694016840894633,4.997213778006334,High,Data appetite shrinking|Voice declining → data migration,5.970535323224799,4.997213778006334,5.811575311009348,5.942387228673388,1.5694016840894633,-1.1903171180356567,-7.087192183353728,-0.038257432184231055,0.04711147963114355
SUB00641,0,Voice-centric,0.6343019936165876,3.8590642442002223,High,Data appetite shrinking|Voice declining → data migration,0.6343019936165876,4.123023092265255,5.9454680731929415,3.8590642442002223,5.942120772804009,-0.6798864665595489,-0.6259753942346323,-0.013569891943147833,0.0
SUB00642,1,Underutilized / overspending,0.9819182350616389,4.12285658218019,High,Voice declining → data migration,4.454832594658534,0.9819182350616389,4.12285658218019,5.669998661902102,5.097284964266965,-0.13495924048116045,-1.4400326875215563,-0.01686491368420791,0.008559864659425934
SUB00643,3,Light / occasional user,1.1803310851121718,3.6764930767461705,High,Data appetite growing|Voice declining → data migration,3.6764930767461705,5.298141935923583,5.6224359093797585,1.1803310851121718,5.750373369521774,0.22428930894905472,-3.394856697961241,0.0609268709689074,-0.0012538556952005262
SUB00644,2,Streaming & data-heavy,2.1864835399470572,3.686651183462418,High,Data appetite growing,6.313943778072554,3.686651183462418,2.1864835399470572,6.519010912357598,5.50292707702936,0.17117452428454522,12.470288768092603,0.07077920120622401,-0.05129680452322835
SUB00645,3,Light / occasional user,1.5457428974902545,4.123225708291727,High,,4.123225708291727,5.69032213493967,5.931881032782504,1.5457428974902545,6.036986513969602,-0.07596746431125567,1.3220776868170834,0.08988906708833516,0.0
SUB00646,2,Streaming & data-heavy,1.3710024339618536,4.0374184930432095,High,Data appetite shrinking|Voice declining → data migration,5.6041366127757355,4.0374184930432095,1.3710024339618536,4.969430678393309,6.052785431764387,-0.44774874148704064,-10.06540151691115,0.06444227347515116,0.012478641927294374
SUB00647,4,Roaming / travel-heavy,0.44689922126139575,4.610692646222926,High,Data appetite growing,5.675164279177385,4.610692646222926,5.389585929608555,5.599299809259101,0.44689922126139575,0.9052111461831842,2.911605497905899,-0.1638836490611577,-0.06875348712584121
SUB00648,0,Voice-centric,0.9176495700739852,3.9474569146664797,High,Data appetite growing,0.9176495700739852,4.250296403430631,5.9121149819160195,3.9474569146664797,6.007611454077418,0.8682140837754373,17.836569408563868,-0.1110683569122299,0.0
SUB00649,1,Underutilized / overspending,0.6244295520227667,4.1658721153476135,High,Data appetite shrinking,4.235028676445035,0.6244295520227667,4.1658721153476135,5.504607014490263,4.9583871104632635,-0.9899695846995067,3.840416111498513,-0.12450730112151111,-0.029504344034652408
SUB00650,3,Light / occasional user,2.7772999237081013,4.498785513269251,High,Data appetite growing|Voice declining → data migration,4.498785513269251,5.759015926545915,6.089466958239939,2.7772999237081013,6.314719479570743,0.6089351306781006,-1.4457674446555469,-0.08982081537688447,-0.0032397947551349743
SUB00651,2,Streaming & data-heavy,1.477920221521467,3.512225556300921,High,Data appetite growing|Voice declining → data migration,6.242482032310267,3.512225556300921,1.477920221521467,6.355768155739815,5.2713280704161045,0.6440826831147222,-4.218978699048904,0.052234626767043095,0.023545146362671177
SUB00652,3,Light / occasional user,1.7837472919329358,4.179226653048667,High,Data appetite growing,4.179226653048667,5.804417473553452,5.961955657225872,1.7837472919329358,6.117443750261659,0.25098946247570714,4.038218660598604,0.10989424531405775,0.0
SUB00653,2,Streaming & data-heavy,1.6867350554987284,3.864598399486604,High,,5.06778056951055,3.864598399486604,1.6867350554987284,4.202465162678295,5.565493753728817,-0.14106327959618856,0.3340580097008002,0.0683533400575914,-0.0004912814897993902
SUB00654,4,Roaming / travel-heavy,1.03271056639907,4.828572460696818,High,Data appetite growing,5.871970445705003,4.828572460696818,5.662117595801783,5.895010560962757,1.03271056639907,0.19472686411094625,3.1751551619524805,-0.1213227549417149,-0.012723195159754295
SUB00655,0,Voice-centric,0.957629212889189,3.6064477379943414,High,Data appetite growing,0.957629212889189,4.139017538644609,5.843126238068979,3.6064477379943414,5.911086395141414,0.203762133418666,17.181234092342223,-0.05552585469571862,0.0
SUB00656,1,Underutilized / overspending,0.9433365238497187,3.8709895710733306,High,Data appetite shrinking|Voice declining → data migration,4.3257969082507435,0.9433365238497187,3.8709895710733306,5.4757471887776585,4.96150705260256,-1.090655600588199,-0.7628927346966854,-0.19906267855027884,-0.006387696452648006
SUB00657,3,Light / occasional user,0.7323886250506717,3.5230282153508523,High,Data appetite shrinking|Voice declining → data migration,3.5230282153508523,5.1182537048644745,5.526376704120561,0.7323886250506717,5.677954033695793,-0.5842792607664972,-0.16545225809059147,-0.0037755347372543297,0.00047594286438337453
SUB00658,2,Streaming & data-heavy,1.332623257724549,3.331185560670409,High,Data appetite shrinking|Voice declining → data migration,6.0180479614404065,3.331185560670409,1.332623257724549,6.140246475430032,5.163728941990128,-0.36648752463134104,-8.261767081999993,-0.2204729586049836,-0.037510955373952375
SUB00659,3,Light / occasional user,0.5802580721423534,3.8762118174736013,High,Data appetite growing,3.8762118174736013,5.555712985662516,5.6793698166859645,0.5802580721423534,5.921146082726877,0.8926393109788846,2.674114262646375,0.08702482322756258,0.0
SUB00660,2,Streaming & data-heavy,1.793900461711693,4.567186518380882,High,,5.966027359501368,4.567186518380882,1.793900461711693,5.235594935720182,6.446915576024002,-0.060946305789548495,8.05890782637938,-0.032075255366715766,-0.038590327090953856
SUB00661,4,Roaming / travel-heavy,0.5790011232498089,5.235293402872069,High,Data appetite growing|Voice declining → data migration,6.161276896951123,5.235293402872069,6.069853787051288,6.090611519185963,0.5790011232498089,0.5613016365510548,-5.12501904609522,0.1659969135257121,0.0007943669450487519
SUB00662,0,Voice-centric,2.3161333424846116,4.423583529190139,High,Data appetite shrinking,2.3161333424846116,4.8550818216935925,6.41235850229647,4.423583529190139,6.243985038755261,-0.6225478196734734,32.659268726928616,0.1884080312780986,0.0
SUB00663,1,Underutilized / overspending,0.4366736234029123,3.3534879170731005,High,Data appetite shrinking|Voice declining → data migration,4.318651869228707,0.4366736234029123,3.3534879170731005,5.336515575730271,4.859716764968372,-0.17868076221603457,-2.0776461705848606,0.03602256187861547,-0.01612602968511898
SUB00664,3,Light / occasional user,1.5578814617473948,3.8461013824696786,High,Data appetite growing,3.8461013824696786,5.31013923286883,5.61703710680833,1.5578814617473948,5.897802120991744,1.019516911365549,1.966119735983608,-0.05487821403151892,-0.020195962788544738
SUB00665,2,Streaming & data-heavy,1.9566121880616916,4.118045050265364,High,Data appetite shrinking,6.730451382149588,4.118045050265364,1.9566121880616916,6.824272023054984,5.990933345175401,-0.28329975564595855,4.537364894119266,0.04206044469646684,-0.0006124987271743416
SUB00666,3,Light / occasional user,0.7087339541826372,3.903457097548872,High,Data appetite growing|Voice declining → data migration,3.903457097548872,5.598692622883336,5.753528406888518,0.7087339541826372,6.001512544539761,0.30269879596172833,-2.117492911947339,-0.01689574689760055,0.0
SUB00667,2,Streaming & data-heavy,1.1834531796402543,4.079969330966445,High,Data appetite shrinking|Voice declining → data migration,5.6281947088546165,4.079969330966445,1.1834531796402543,4.961989632461889,6.1032037991365975,-0.5728892022356074,-0.615306020042988,-0.06745680318429821,-0.05496690378879537
SUB00668,4,Roaming / travel-heavy,0.885076893602995,5.255676550061093,High,Data appetite shrinking,6.154819041956932,5.255676550061093,6.010087821579987,6.083218671073556,0.885076893602995,-0.8717140267091812,5.989263142795988,-0.10634694794987432,0.0030102492919267775
SUB00669,0,Voice-centric,0.36253011998581514,3.647591904040575,High,Data appetite growing|Voice declining → data migration|Roaming increasing,0.36253011998581514,4.159548064853097,5.861697355003159,3.647591904040575,5.683392845715863,0.3081491220301673,-26.91748364588492,0.20972764267120053,0.0
SUB00670,1,Underutilized / overspending,0.7155121620314078,3.8646628143674553,High,,4.248926075504768,0.7155121620314078,3.8646628143674553,5.491190791028823,4.99821081460972,0.11103235043497932,0.9208640488824943,-0.09418095480510487,0.03165183671689342
SUB00671,3,Light / occasional user,1.0381708720115548,3.5932380468875245,High,Data appetite growing,3.5932380468875245,5.133424177016406,5.4905000460829765,1.0381708720115548,5.800832439232088,0.23036020216784833,3.846704973641023,-0.09925017362784991,0.019011724989536533
SUB00672,2,Streaming & data-heavy,1.350790801360497,3.994129660789578,High,Data appetite growing|Voice declining → data migration,6.618421910626298,3.994129660789578,1.350790801360497,6.741021272941492,5.8462602483786705,0.5340414264265951,-7.060180841193257,0.1792683883664254,0.07195814082189565
SUB00673,3,Light / occasional user,0.6629403932214207,3.9073350206464705,High,,3.9073350206464705,5.599357257687846,5.791643779286456,0.6629403932214207,6.004043130139648,-0.03690462072623441,0.9771210361454262,-0.018853875938126572,0.0
SUB00674,2,Streaming & data-heavy,1.075795396431025,4.017285103548314,High,Data appetite shrinking,5.6508724749743635,4.017285103548314,1.075795396431025,5.06579826120644,6.034375661110597,-0.6234369200019847,0.08853107673782815,0.12908526126567355,-0.03515190746647615
SUB00675,4,Roaming / travel-heavy,2.0473468992467296,5.235316664464884,High,Data appetite shrinking|Voice declining → data migration,6.225708491244853,5.235316664464884,6.120789174545359,6.236223393174042,2.0473468992467296,-0.7190587301900759,-2.1355204275407056,0.19652342187205324,0.00541570409803191
SUB00676,0,Voice-centric,1.6030314471126899,4.062264039276504,High,Data appetite growing|Voice declining → data migration,1.6030314471126899,4.409312913813077,6.043926207362218,4.062264039276504,6.05526791254081,0.21861205915702445,-8.580368767108135,-0.0828374134628218,0.0
SUB00677,1,Underutilized / overspending,2.1113912100152548,3.993144236020401,High,Data appetite shrinking|Voice declining → data migration,4.272220303349344,2.1113912100152548,3.993144236020401,5.315924193740595,5.10785527164083,-0.8854800267130664,-10.90995000083308,-0.0770293162506464,0.03416770476570333
SUB00678,3,Light / occasional user,0.684336748287852,3.5588078847935445,High,Data appetite growing,3.5588078847935445,5.1195642590895485,5.462212269921582,0.684336748287852,5.644414318080399,0.5981594692874441,0.9876888086091062,0.18393977293921765,-0.01698368026550074
SUB00679,2,Streaming & data-heavy,1.3863604877135132,3.175240869255648,High,Data appetite shrinking,6.010724538652495,3.175240869255648,1.3863604877135132,6.169508758150746,5.308265344016062,-0.6407943248230927,11.048955720021944,0.014058194166327203,0.02833429400327309
SUB00680,3,Light / occasional user,1.656241196265768,4.139685375308627,High,Data appetite growing|Voice declining → data migration,4.139685375308627,5.7444462133364,5.931302723114946,1.656241196265768,6.188900391431107,0.22032443565535004,-0.4588665794134102,-0.006723606869646712,0.0
SUB00681,2,Streaming & data-heavy,1.4118077944575511,3.841534869550669,High,Data appetite growing|Voice declining → data migration,5.24638739341254,3.841534869550669,1.4118077944575511,4.543458544980317,5.8663142186354085,0.48090242942295697,-4.398486517173242,0.11821000816989881,-0.028742961387776853
SUB00682,4,Roaming / travel-heavy,0.8022466918694175,5.4990102672653025,High,Data appetite shrinking|Voice declining → data migration,6.307254004710042,5.4990102672653025,6.292483097153563,6.221047890134737,0.8022466918694175,-0.24269960519831116,-0.7545556746920218,-0.0818584088605711,0.02469816787749994
SUB00683,0,Voice-centric,0.548971057440738,3.616365909422317,High,Data appetite shrinking,0.548971057440738,4.066863516147198,5.807788033244311,3.616365909422317,5.757563936027765,-0.654181595899943,22.657842799968606,0.12120595682128707,0.0
SUB00684,1,Underutilized / overspending,2.3658894024364003,4.1980368779852855,High,Data appetite growing|Voice declining → data migration,4.667508302773698,2.3658894024364003,4.1980368779852855,5.63779206502742,5.478893496222377,0.5878500991959217,-10.151486824971089,0.03864401309528939,0.007741598704417813
SUB00685,3,Light / occasional user,1.1885058635728052,3.623369053788067,High,Data appetite shrinking|Voice declining → data migration,3.623369053788067,5.221979581195305,5.708950727035116,1.1885058635728052,5.8024197610057655,-0.42557542048724595,-3.1728806987877824,-0.10706583969512141,-0.0037905956852906696
SUB00686,2,Streaming & data-heavy,1.871570952934934,3.9388588732522414,High,Data appetite shrinking|Voice declining → data migration|Roaming increasing,6.511314665458817,3.9388588732522414,1.871570952934934,6.638047633189902,5.625917773632619,-0.4991906572701207,-10.312661079342622,0.23693466407360939,-0.011721264163130553
SUB00687,3,Light / occasional user,1.4621360839763364,4.143970821983942,High,Data appetite growing,4.143970821983942,5.698706309007862,5.8574076049848935,1.4621360839763364,6.082723193520113,0.7072792831513821,-0.1406020670920871,0.011675773083571431,0.0
SUB00688,2,Streaming & data-heavy,1.3492400781111753,4.313562965874635,High,Data appetite growing|Voice declining → data migration,5.813322920567743,4.313562965874635,1.3492400781111753,5.174027359754736,6.258779246077387,1.0890116299889214,-0.737789346034769,0.1503838949284699,0.019224493167912412
SUB00689,4,Roaming / travel-heavy,0.22911266248825346,4.720153109429609,High,Data appetite growing|Voice declining → data migration,5.734459243599436,4.720153109429609,5.5432405824989655,5.700610722417913,0.22911266248825346,0.6264750541136096,-2.188218615016947,-0.010158530386150104,-0.025599597398610254
SUB00690,0,Voice-centric,0.38664805305170896,3.677948954231163,High,Data appetite growing,0.38664805305170896,4.241770738219371,5.805397054153035,3.677948954231163,5.918907594349377,0.533064279050882,8.0351423318032,0.0038209852540213537,0.0
SUB00691,1,Underutilized / overspending,0.6281237538186706,3.97539117976124,High,Voice declining → data migration,4.443058286807069,0.6281237538186706,3.97539117976124,5.690338375564261,5.0615725159632055,-0.06263852143096517,-22.830475094661264,0.11922437649037529,0.01414733817234703
SUB00692,3,Light / occasional user,1.3620150923668009,3.816655191899199,High,Data appetite growing|Voice declining → data migration,3.816655191899199,5.265737107372055,5.590434955219396,1.3620150923668009,5.797737869189875,0.6503084966034205,-4.721410910212148,0.00524371364155985,-0.0001104506310165654
SUB00693,2,Streaming & data-heavy,1.2513155530841853,3.500858689740693,High,Data appetite growing,6.21420356688845,3.500858689740693,1.2513155530841853,6.315186107524762,5.323758294094403,1.9990293687853729,1.8502659076879497,0.1317446840742132,0.03530983841322316
SUB00694,3,Light / occasional user,1.9805394455539427,4.328052382783782,High,Data appetite growing,4.328052382783782,5.930024065935733,5.996869991175053,1.9805394455539427,6.307149839522813,0.8640373568317716,3.3016825527675446,-0.007916732453519057,0.0
SUB00695,2,Streaming & data-heavy,1.226074970794381,4.350432496063357,High,Data appetite growing|Voice declining → data migration,5.92901693618505,4.350432496063357,1.226074970794381,5.270362277629136,6.340177425638408,0.29284863905057035,-5.1284439118475085,-0.08050378727893483,-0.01565017565191366
SUB00696,4,Roaming / travel-heavy,1.132426926787185,5.209562226719359,High,Data appetite shrinking|Voice declining → data migration|Roaming increasing,6.202813543303057,5.209562226719359,5.984481440249529,6.18335668479263,1.132426926787185,-0.7447856034499909,-9.594591343237646,0.21039186106640087,-0.004144410304028002
SUB00697,0,Voice-centric,0.8399928039086214,3.6218275408215725,High,Data appetite shrinking|Voice declining → data migration,0.8399928039086214,4.26550336252373,5.854721169801026,3.6218275408215725,5.935407139411472,-0.2057316887346138,-0.5166830077100626,-0.09398523876313791,0.0
SUB00698,1,Underutilized / overspending,1.0756310592822818,4.349659782148669,High,Data appetite shrinking,4.463194239242364,1.0756310592822818,4.349659782148669,5.785783933063047,5.215327592774807,-1.3052475729121293,1.9671497596821723,-0.05011736254577325,-0.018765723304838985
SUB00699,3,Light / occasional user,0.5322653782511461,3.494869508544861,High,Data appetite shrinking,3.494869508544861,5.1515727771202755,5.567355776952726,0.5322653782511461,5.6120454555483095,-0.7630066020923844,3.265241909864446,0.026357361858442455,0.016733570826529234
SUB00700,2,Streaming & data-heavy,1.5840973069609836,3.403667065081167,High,Data appetite growing,6.197529672218844,3.403667065081167,1.5840973069609836,6.392209584517292,5.411597063291156,0.2167029803289032,4.051830400110049,-0.03868599041704873,-0.026790535289273307
SUB00701,3,Light / occasional user,0.8312493560408678,3.949922227459937,High,Data appetite growing,3.949922227459937,5.581479741640724,5.7380585414770655,0.8312493560408678,6.01344234313572,0.6820051091415532,-0.07304453110465128,-0.02132379063939693,0.0
SUB00702,2,Streaming & data-heavy,1.4236735645573286,4.164108624177261,High,Data appetite shrinking,5.584358785535665,4.164108624177261,1.4236735645573286,4.853516650452388,6.071240653021319,-1.1688331145917603,10.314423016909727,-0.030901755666058645,-0.061639277607653746
SUB00703,4,Roaming / travel-heavy,1.5298917158666114,5.0127429959824905,High,Data appetite shrinking|Voice declining → data migration,5.919256819716406,5.0127429959824905,5.844592608541363,5.899645871777307,1.5298917158666114,-0.7441370014809249,-4.594934268736525,0.01921891884702228,-0.007807199326525568
SUB00704,0,Voice-centric,0.3798014931553547,3.696674858790898,High,Data appetite shrinking,0.3798014931553547,4.048173031515747,5.833966073086733,3.696674858790898,5.815828842198297,-0.6225524871515616,31.047726638731238,-0.0662593111930891,0.0
SUB00705,1,Underutilized / overspending,2.0684540367990896,4.549346798888589,High,Data appetite shrinking,4.549346798888589,2.0684540367990896,4.650841034455477,5.786835280108551,5.308976789731106,-1.160587111782623,14.75410674606426,0.05976746971540671,-0.01747289704935571
SUB00706,3,Light / occasional user,0.653554168427611,3.631410939264195,High,Data appetite growing|Voice declining → data migration,3.631410939264195,5.178902126385414,5.469493198168049,0.653554168427611,5.695436894601879,0.4532203155538591,-0.4827271853703427,0.08556275158426455,-0.02046406706402749
SUB00707,2,Streaming & data-heavy,1.4837247850645017,3.5089834468311607,High,Data appetite shrinking,6.14495946377577,3.5089834468311607,1.4837247850645017,6.311341953151216,5.43262141169015,-0.5084641138681202,5.219458040350232,-0.24873714936513205,0.02630298732835898
SUB00708,3,Light / occasional user,1.214086088461817,4.004354777653246,High,,4.004354777653246,5.684171967052539,5.830078328129675,1.214086088461817,6.067235143637225,0.05354040517738167,1.136452537635307,-0.02518410746220544,0.0
SUB00709,2,Streaming & data-heavy,1.846037482761757,4.149181068108507,High,Data appetite shrinking|Voice declining → data migration,5.510655936727816,4.149181068108507,1.846037482761757,4.7856629055271664,6.045950711664152,-0.6451841957548142,-1.9294846508246517,-0.14242153672759764,0.009192774385343022
SUB00710,4,Roaming / travel-heavy,0.5498484286148769,5.107290334853355,High,Data appetite growing,5.984040688449039,5.107290334853355,5.861286161472145,5.9450823090083285,0.5498484286148769,0.3943497522026067,3.1190947139413203,0.12672084213439866,0.017609397863530732
SUB00711,0,Voice-centric,0.9926849002873098,3.824194216839683,High,Data appetite shrinking|Voice declining → data migration,0.9926849002873098,4.397306362674716,6.034676067832713,3.824194216839683,5.879441230887167,-0.34852942558819633,-20.951322776018557,0.1015073188735076,0.0
SUB00712,1,Underutilized / overspending,0.8117297985028521,3.724618058411247,High,Data appetite growing|Voice declining → data migration,4.193308848741356,0.8117297985028521,3.724618058411247,5.313664569804741,4.828656294970771,0.9100501713352265,-0.2283059926068925,0.09699083928209488,0.023278440172266244
SUB00713,3,Light / occasional user,1.2935942840440031,3.678560671522856,High,,3.678560671522856,5.299077515373961,5.645815777349869,1.2935942840440031,5.810466915974166,-0.14710764673284749,0.37696422899275434,0.061962156262384015,0.021323026368966328
SUB00714,2,Streaming & data-heavy,1.365768161100007,3.6047512026037345,High,Voice declining → data migration,6.399179548928279,3.6047512026037345,1.365768161100007,6.541800129037743,5.559550056927968,-0.004024382076524331,-13.204375804170008,0.19885162857805558,-0.00955461973892558
SUB00715,3,Light / occasional user,1.6073472827390094,4.122663801921459,High,Voice declining → data migration,4.122663801921459,5.744636459872581,5.932772907443311,1.6073472827390094,6.081785677191313,-0.10977027070139873,-0.7111916910542875,0.1374853023950629,0.0
SUB00716,2,Streaming & data-heavy,1.5665663608341314,4.058536819808743,High,Voice declining → data migration,5.517114424575778,4.058536819808743,1.5665663608341314,4.893699334343375,6.075073589605047,0.06247143653511924,-5.590657555652264,-0.009982737753790652,-0.009647378645355866
SUB00717,4,Roaming / travel-heavy,1.1203775877012665,4.81506015910436,High,Data appetite growing|Voice declining → data migration,5.88468446283087,4.81506015910436,5.782572066214757,5.935131983647521,1.1203775877012665,0.492692698079579,-1.5898371263141233,-0.08606614227187459,0.027545727696059334
SUB00718,0,Voice-centric,0.4518387745704842,3.4085469018021666,High,Data appetite shrinking,0.4518387745704842,4.147832182741592,5.718287895870966,3.4085469018021666,5.772514558395472,-0.4942318612278561,10.371193235814305,0.07248089359268675,0.0
SUB00719,1,Underutilized / overspending,0.8857627422140036,3.4194905664451096,High,Data appetite shrinking|Voice declining → data migration,4.1330789248961,0.8857627422140036,3.4194905664451096,5.178967493251716,4.8512826121541455,-0.18077944302395052,-9.863647102657778,0.009288389312505151,0.008014926262439265
SUB00720,3,Light / occasional user,0.5841545856422774,3.5830477736568507,High,Data appetite growing,3.5830477736568507,5.215546065569238,5.490471160335455,0.5841545856422774,5.7459656236212515,0.47244359652192486,5.343257430374816,-0.03609462830783624,0.01874866241027364
SUB00721,2,Streaming & data-heavy,2.6174655474631643,4.114670450112468,High,Data appetite shrinking|Voice declining → data migration,6.587833915547014,4.114670450112468,2.6174655474631643,6.709287179115976,5.939084975526593,-0.719338135048544,-3.0862149556193015,-0.16465161703663223,-0.02000837729193772
SUB00722,3,Light / occasional user,1.730854803114405,4.116776274352365,High,,4.116776274352365,5.73539388805774,5.972668584632419,1.730854803114405,6.179756443929347,0.011400047942808975,2.5013750911777595,-0.003292709678790052,0.0
SUB00723,2,Streaming & data-heavy,1.2684959496996955,4.366172514945953,High,Data appetite shrinking,5.90029453923236,4.366172514945953,1.2684959496996955,5.207794213091542,6.2287462216398835,-1.432282576457089,5.586882258748906,0.03777637120148344,-0.0007434442095610416
SUB00724,4,Roaming / travel-heavy,1.0150606327662355,4.975199523563399,High,Data appetite shrinking,5.855843550769523,4.975199523563399,5.85765030995474,5.8544214813603626,1.0150606327662355,-0.62377211381129,3.991305220487398,-0.07876186134972256,0.017704085939765832
SUB00725,0,Voice-centric,0.4033334203229976,3.736307647272034,High,Data appetite growing,0.4033334203229976,4.098024310710768,5.776170595509361,3.736307647272034,5.742853611713968,0.43901975877857896,9.01256841675059,0.10856667601707246,0.0
SUB00726,1,Underutilized / overspending,0.2530501678473321,3.6187036246911064,High,Data appetite growing|Voice declining → data migration,4.109850771232984,0.2530501678473321,3.6187036246911064,5.234323535534764,4.868809902394008,0.9151072801317609,-11.552889653459786,-0.022792426819946067,-0.020831442697442047
SUB00727,3,Light / occasional user,0.6477036602519984,3.5499708436934263,High,,3.5499708436934263,5.2034171809482075,5.5412773473564485,0.6477036602519984,5.758974008083847,-0.063416606569406,0.7731115491262532,-0.0526768079077993,0.009315799095042038
SUB00728,2,Streaming & data-heavy,1.359528935476532,3.765629856452839,High,Data appetite shrinking,6.406894782447761,3.765629856452839,1.359528935476532,6.540911166756833,5.717811341382169,-0.4299431579836103,6.524616642494373,-0.15102524115066532,-0.007899052239495665
SUB00729,3,Light / occasional user,3.10499426803593,4.910996319902995,High,Data appetite shrinking|Voice declining → data migration,4.910996319902995,6.379733512483319,6.520417292514575,3.10499426803593,6.726551466459738,-0.21584168763199119,-4.97960282476438,-0.011015378104600048,0.0
SUB00730,2,Streaming & data-heavy,1.4802559170084855,3.7953514374077963,High,Data appetite shrinking|Voice declining → data migration,5.295081382950783,3.7953514374077963,1.4802559170084855,4.720396766115266,5.900632558108837,-0.587951472611052,-1.2832667907676318,-0.08058488816720312,-0.027056304233989296
SUB00731,4,Roaming / travel-heavy,1.2258903688379228,5.15681624352309,High,Data appetite growing|Voice declining → data migration,6.231374824401328,5.15681624352309,5.8966918511815125,6.1545564973933375,1.2258903688379228,0.4326008018367338,-1.0338677501476097,0.11411077292152338,0.015543655803072346
SUB00732,0,Voice-centric,1.1793965888929128,3.8976202740045713,High,,1.1793965888929128,4.438766882902922,6.032390552838258,3.8976202740045713,5.891753937968861,-0.04800847966930613,1.1319146457603602,0.12424172747638042,0.0
SUB00733,1,Underutilized / overspending,0.6003299312146864,3.689804968979128,High,,4.235401128030321,0.6003299312146864,3.689804968979128,5.420223759399269,4.977296338938242,0.07750001055996689,5.190221434398922,-0.1699977276963039,0.010246987007677072
SUB00734,3,Light / occasional user,0.5733735750256631,3.4661503600802654,High,Data appetite shrinking|Voice declining → data migration,3.4661503600802654,5.108066856314692,5.550948615562955,0.5733735750256631,5.678780293936984,-0.5081715677156944,-1.9689597002509232,0.004789106124002987,-0.01135245462829426
SUB00735,2,Streaming & data-heavy,1.1204471725478873,3.870749951786286,High,Data appetite shrinking,6.431954088808077,3.870749951786286,1.1204471725478873,6.440977398505641,5.624724883145586,-0.4733506924709683,0.7309274133255175,-0.03189208118049479,0.018047119478624894
SUB00736,3,Light / occasional user,0.5526476305126314,3.889118127731696,High,Data appetite growing|Voice declining → data migration,3.889118127731696,5.550038808023864,5.7098779191125875,0.5526476305126314,5.966470330534802,0.4665850899780386,-1.9363992124199554,-0.02410429502200129,0.0
SUB00737,2,Streaming & data-heavy,1.5230701510208038,3.837861453353459,High,Data appetite shrinking|Voice declining → data migration,5.1706809653105905,3.837861453353459,1.5230701510208038,4.434832903570175,5.750590378318076,-0.6977898159379564,-4.898338722865572,0.055786957218942064,-0.006182946286191939
SUB00738,4,Roaming / travel-heavy,0.42666583347800374,4.88457109448067,High,Data appetite shrinking,5.731366458299425,4.88457109448067,5.7413718937732465,5.654030740800118,0.42666583347800374,-1.4444176879247783,3.219476978712907,0.14975768683381793,0.025379736054461446
SUB00739,0,Voice-centric,0.47642273238250604,3.4467328584293155,High,Data appetite growing,0.47642273238250604,4.36321719301934,5.783044420131258,3.4467328584293155,5.852459857513977,0.30354042632773803,9.030821501809527,-0.1039857715170463,0.0
SUB00740,1,Underutilized / overspending,0.5858341922654907,3.663469632038832,High,Data appetite growing,4.415384043194585,0.5858341922654907,3.663469632038832,5.508009735137341,5.120238720334597,0.8592708756245405,13.83303558096442,-0.06834608499895929,-0.013785614483216226
SUB00741,3,Light / occasional user,0.5362899724544123,3.527926437768667,High,Voice declining → data migration,3.527926437768667,5.128940098675027,5.534391377812844,0.5362899724544123,5.592792074687199,0.04245619981876033,-1.1855841094796182,0.18522042194414323,0.0010832759182747627
SUB00742,2,Streaming & data-heavy,1.6538091979449356,3.7004283078190956,High,Data appetite growing,6.538921540735841,3.7004283078190956,1.6538091979449356,6.698004965689997,5.608570582230363,1.0456652048728639,6.5771766492374875,-0.06240621867030077,-0.03658554776311906
SUB00743,3,Light / occasional user,0.5213858870123849,3.9053281715981156,High,Voice declining → data migration,3.9053281715981156,5.592623206620372,5.765996887908734,0.5213858870123849,5.9393586027955205,-0.06605098589368166,-1.6575519580497278,0.038988291389627415,0.0
SUB00744,2,Streaming & data-heavy,2.0304649540799007,4.58363755629633,High,Data appetite growing|Voice declining → data migration|Roaming increasing,5.987355182330082,4.58363755629633,2.0304649540799007,5.339103905544879,6.282487232191072,0.7415228541842542,-3.3346812700191535,0.22654064075541505,-0.0357634387118497
SUB00745,4,Roaming / travel-heavy,0.4456468840361488,4.905013969344711,High,Data appetite growing,5.879510424974741,4.905013969344711,5.539347487012548,5.7268588173184165,0.4456468840361488,0.36148338836202293,4.750169403832388,-0.37079196775884343,-0.004298849597585061
SUB00746,0,Voice-centric,2.456679056653693,4.323325651527402,High,Data appetite growing,2.456679056653693,4.770884528272073,6.26119332852364,4.323325651527402,6.24718139946721,0.15843854640922136,6.932134960380725,0.023225459154036444,0.0
SUB00747,1,Underutilized / overspending,0.9589316616594092,3.716096168573211,High,Data appetite shrinking,4.195326051749907,0.9589316616594092,3.716096168573211,5.2699141188319345,4.9434546703611995,-1.3766588202965053,9.726023644225059,-0.05839398103442669,0.0061834922876098704
SUB00748,3,Light / occasional user,0.7584908057010269,3.514574769541245,High,Data appetite growing,3.514574769541245,5.141222087413715,5.480800908696375,0.7584908057010269,5.625320413305123,0.6376658204056994,1.300516176182645,0.15635010569934238,-0.0005228187893616313
SUB00749,2,Streaming & data-heavy,1.0869808280336242,3.7105910615978646,High,Data appetite growing|Voice declining → data migration,6.28646966206278,3.7105910615978646,1.0869808280336242,6.395696071591411,5.604475320022781,0.47963103234044396,-1.6987999696156182,0.1578621937243184,-0.03960681748368845
SUB00750,3,Light / occasional user,1.0884601800006395,4.012526556441737,High,Data appetite growing,4.012526556441737,5.685521517589262,5.794726197527007,1.0884601800006395,6.031439524506119,0.4189413746609529,4.595755882553657,0.008245170424545985,0.0
SUB00751,2,Streaming & data-heavy,1.6144213300779133,4.51148024588843,High,Data appetite growing|Voice declining → data migration,5.938032533461721,4.51148024588843,1.6144213300779133,5.370098906910712,6.416998963878024,2.1186025483676327,-1.6064356756414826,0.052143524403444726,-0.012007841964316875
SUB00752,4,Roaming / travel-heavy,0.4215655447297221,5.067188479530659,High,Data appetite shrinking,5.99802754142354,5.067188479530659,5.923851680507796,5.962605772226274,0.4215655447297221,-0.29491765837592,6.080379360853136,-0.029811534140490682,-0.0023615984493416146
SUB00753,0,Voice-centric,0.34902703360381093,3.522328430242402,High,Data appetite growing|Voice declining → data migration,0.34902703360381093,4.0028101919873995,5.669828978649005,3.522328430242402,5.635660699362142,0.3719182076002299,-3.1637149616294593,0.13940333747038133,0.0
SUB00754,1,Underutilized / overspending,0.3496701414354905,3.6047125075027795,High,Data appetite shrinking,3.966939486261364,0.3496701414354905,3.6047125075027795,5.077100475822793,4.737618087555403,-1.595149831883043,6.521731361473041,-0.12048114977094504,-0.027768194094588333
SUB00755,3,Light / occasional user,0.9051252267203796,3.516017903310151,High,Data appetite growing|Voice declining → data migration,3.516017903310151,5.066612432386052,5.467558031397017,0.9051252267203796,5.691463960530016,0.308382095570567,-1.1980851247683293,-0.06494036901067395,-0.013418355425898287
SUB00756,2,Streaming & data-heavy,1.8109105273867092,4.215095051680355,High,Data appetite shrinking,6.9329654077945415,4.215095051680355,1.8109105273867092,7.09362945519489,6.0163593187107685,-0.7166549035850049,9.672755348530897,0.007709689151156867,0.01759578927092471
SUB00757,3,Light / occasional user,0.41690064996700754,3.8762746599974673,High,Data appetite growing|Voice declining → data migration,3.8762746599974673,5.544595537915139,5.687967750594262,0.41690064996700754,5.956258111785386,0.4539289183660497,-0.20308852739108624,-0.00466656469550156,0.0
SUB00758,2,Streaming & data-heavy,1.2289645246337513,3.7735638634555473,High,Data appetite growing|Voice declining → data migration,5.36995569609717,3.7735638634555473,1.2289645246337513,4.79186815275907,5.9705336270103535,0.8923353418609072,-5.73631504530575,-0.06459279302767108,0.0028479530741369317
SUB00759,4,Roaming / travel-heavy,0.9136141882793213,5.353055346078238,High,Data appetite growing|Roaming increasing,6.219062081874159,5.353055346078238,6.02237494248282,6.1346596260366315,0.9136141882793213,0.6432415632159506,6.113647631030929,0.3648354509898451,-0.013783813613497842
SUB00760,0,Voice-centric,0.24386300075591322,3.6652258025510736,High,Data appetite shrinking|Voice declining → data migration,0.24386300075591322,4.173491508589846,5.855873127422549,3.6652258025510736,5.826642521992217,-0.48097476394557476,-9.813346125298535,-0.062106750590859953,0.0
SUB00761,1,Underutilized / overspending,1.249954943298089,3.9747610301292653,High,Data appetite shrinking|Voice declining → data migration,4.38067085798003,1.249954943298089,3.9747610301292653,5.5394223925284365,5.087193121637296,-0.3994039275149236,-8.02811813466881,0.06139439640064424,-0.04043557359941424
SUB00762,3,Light / occasional user,1.0081168067578734,3.5738595233945807,High,Data appetite shrinking,3.5738595233945807,5.163631500446994,5.632770246884134,1.0081168067578734,5.768760889632595,-0.3608654936676656,3.0403779419841106,-0.025787379173175216,-0.007837671079830409
SUB00763,2,Streaming & data-heavy,1.3012793804235059,3.5091919381191023,High,Data appetite growing|Voice declining → data migration,6.139257033680157,3.5091919381191023,1.3012793804235059,6.29219583651556,5.489912713568079,0.18713618237543833,-0.6973665871238937,-0.216059823998104,-0.018095211734297897
SUB00764,3,Light / occasional user,0.8193017314608783,3.9487547388167425,High,,3.9487547388167425,5.647921814676762,5.811762430182658,0.8193017314608783,6.013631403194679,-0.14843337613982022,2.4184139405785907,0.0351676946299305,0.0
SUB00765,2,Streaming & data-heavy,2.494452759478548,4.665252001078987,High,Data appetite growing|Voice declining → data migration,5.8728626137946085,4.665252001078987,2.494452759478548,5.227839407243678,6.436837959562545,0.2989835024835135,-4.522146451384616,-0.05720054353086686,-0.02548622195785287
SUB00766,4,Roaming / travel-heavy,0.5124172976424961,4.940930720377642,High,Data appetite shrinking,5.912558703636642,4.940930720377642,5.746252018426143,5.857319505955626,0.5124172976424961,-0.5939755875258286,4.9174402485902835,-0.06838771750571915,0.008359301789232812
SUB00767,0,Voice-centric,0.37474063451606515,3.614553653091574,High,Data appetite shrinking,0.37474063451606515,4.333163250941025,5.968447935945742,3.614553653091574,5.897959359304312,-0.5753084167164602,1.7944912418844634,-0.06950824152400785,0.0
SUB00768,1,Underutilized / overspending,0.3006898353096662,3.7856883748992995,High,Data appetite shrinking|Voice declining → data migration,4.267405666897399,0.3006898353096662,3.7856883748992995,5.447569085337572,5.002378420524296,-0.5470788639841092,-15.392465759667882,-0.017625618747862448,-0.029664718292400607
SUB00769,3,Light / occasional user,1.1409753006755012,3.7047954884486725,High,Data appetite growing,3.7047954884486725,5.247370559156447,5.512320156417107,1.1409753006755012,5.852849593474453,0.977713012068105,2.5274222689625225,-0.08040121006814563,0.003792896135482414
SUB00770,2,Streaming & data-heavy,1.4127632621505282,3.8972196773096766,High,Data appetite growing,6.537886997689281,3.8972196773096766,1.4127632621505282,6.700710238604642,5.734594576758831,0.6153212679939043,-0.04844092839383074,-0.016782497243466938,0.03977557121992374
SUB00771,3,Light / occasional user,0.9700198002169732,3.953415102704091,High,,3.953415102704091,5.6560096574849394,5.8308881140922635,0.9700198002169732,6.043043668390243,-0.13482981475965458,5.29302943047629,-0.025291428471100143,0.0
SUB00772,2,Streaming & data-heavy,1.806721206425793,3.7918010572602694,High,Data appetite shrinking|Voice declining → data migration,5.115498170287036,3.7918010572602694,1.806721206425793,4.449883073146603,5.773623488641086,-0.22383041876163737,-3.717063715438477,0.01074447062035088,0.030251205423995065
SUB00773,4,Roaming / travel-heavy,0.5592887839775135,4.474211227804423,High,Data appetite shrinking,5.502083250376655,4.474211227804423,5.451588310652838,5.544331814264162,0.5592887839775135,-0.6849346084155998,-0.12066535717309852,0.0118545857016414,-0.04854562270091002
SUB00774,0,Voice-centric,1.378586440514058,3.952788437967996,High,Data appetite shrinking,1.378586440514058,4.456200752521758,6.083058424166924,3.952788437967996,5.951006818007215,-0.573726258132319,6.314904457769443,0.08125413205796293,0.0
SUB00775,1,Underutilized / overspending,1.1357422259190726,3.5979052627600447,High,,4.374387174980885,1.1357422259190726,3.5979052627600447,5.485240195086732,4.832330213817233,-0.05663288125534896,4.2487169612342734,0.020454667781603878,0.015290665272215035
SUB00776,3,Light / occasional user,1.2923386848682792,3.7248987714635486,High,Data appetite growing|Voice declining → data migration,3.7248987714635486,5.3378282161644375,5.624076164713628,1.2923386848682792,5.937593653667476,0.3394228196458605,-2.3193834990684965,-0.1249413376618854,0.005184927129004815
SUB00777,2,Streaming & data-heavy,1.694001150151421,4.039403365669664,High,Data appetite shrinking|Voice declining → data migration,6.683202397435588,4.039403365669664,1.694001150151421,6.817641541677421,5.89329894612663,-1.1948070153624502,-5.714363944565579,-0.0767111733480707,0.03457989395697382
SUB00778,3,Light / occasional user,1.5725177499557406,4.179174265326381,High,Data appetite growing|Voice declining → data migration,4.179174265326381,5.735747688837578,5.930729815882948,1.5725177499557406,6.156805406758448,0.21042957794121947,-1.9401484086918752,-0.028991063535539346,0.0
SUB00779,2,Streaming & data-heavy,2.000355102605967,4.289628403985325,High,Data appetite growing|Voice declining → data migration,5.548591384623703,4.289628403985325,2.000355102605967,4.798239516730613,6.213761234216997,1.6924774133940876,-4.584543382865199,-0.07408420063583263,-0.011312061767436713
SUB00780,4,Roaming / travel-heavy,1.245169545923515,4.752575842055794,High,Data appetite growing|Voice declining → data migration,5.78539511901834,4.752575842055794,5.52245724754496,5.6984079523587345,1.245169545923515,0.45238106115919996,-4.026589724922804,-0.15163160799445716,0.021075116302581815
SUB00781,0,Voice-centric,0.6701434400673834,3.748389651011118,High,Data appetite growing|Voice declining → data migration,0.6701434400673834,4.352265875774269,5.961348814874796,3.748389651011118,6.0664964466639075,0.46497890232624745,-10.67929247485481,-0.09348989692957257,0.0
SUB00782,1,Underutilized / overspending,0.3984553598466466,3.643563337583816,High,Data appetite growing,4.306782113745072,0.3984553598466466,3.643563337583816,5.515053300817773,4.8682478178766715,0.4465376385453985,2.2840724174628937,0.029562354013686662,-0.004415994391853219
SUB00783,3,Light / occasional user,1.031207877409844,3.6343923899144692,High,Data appetite growing,3.6343923899144692,5.161230412055171,5.542516220514133,1.031207877409844,5.73838966586997,0.19323979303936606,0.891896163337408,0.0032626165127269194,0.017269200774890095
SUB00784,2,Streaming & data-heavy,1.6663969300332577,3.4119592867659145,High,Data appetite growing,6.255503750095397,3.4119592867659145,1.6663969300332577,6.410544484434176,5.384703632233021,0.4587239325278908,0.23151872298049325,0.017207109313386544,-0.0020143530651658853
SUB00785,3,Light / occasional user,1.8532627241677724,4.173472785271587,High,,4.173472785271587,5.800776742663729,6.010787474397134,1.8532627241677724,6.1447093382136115,-0.06089280286158444,0.16077467257712405,0.08782696703665567,0.0
SUB00786,2,Streaming & data-heavy,1.6995046071950073,4.47771712548215,High,Data appetite growing|Voice declining → data migration,5.907505956191494,4.47771712548215,1.6995046071950073,5.197982338176485,6.381141099710999,0.7953751535081718,-7.181017428526687,-0.07996775710746953,-0.03723930282053979
SUB00787,4,Roaming / travel-heavy,1.0761877224039966,5.019778855350324,High,Data appetite growing,6.053925235480557,5.019778855350324,5.844564985634661,6.124338268000517,1.0761877224039966,0.2888716718526026,5.978778186002633,0.12571896460113832,0.011624172925130212
SUB00788,0,Voice-centric,2.5097221411902186,4.53698746848475,High,Voice declining → data migration,2.5097221411902186,4.853558307728649,6.45191873325753,4.53698746848475,6.328179080064951,-0.11233133868781807,-15.902090626075172,0.048023823297838525,0.0
SUB00789,1,Underutilized / overspending,1.1853316425097393,3.5829197212855775,High,Data appetite shrinking,4.416645043210974,1.1853316425097393,3.5829197212855775,5.3851021869835485,4.891146162821046,-0.1514471869950788,8.343583296731987,0.12178324959989757,-0.012060237790392286
SUB00790,3,Light / occasional user,0.48764222087422676,3.550920564129742,High,Data appetite growing|Voice declining → data migration,3.550920564129742,5.141846357374943,5.4583761350741185,0.48764222087422676,5.737936177138505,0.7504622049203135,-2.2203589510700956,-0.0630802601261384,-0.010198534650499321
SUB00791,2,Streaming & data-heavy,1.4274235021195403,3.7296189278284118,High,Data appetite shrinking,6.376359723358834,3.7296189278284118,1.4274235021195403,6.477362550158376,5.525676744988112,-1.2119153039493504,0.7544428102512479,0.012822180358694115,0.0015015132097026566
SUB00792,3,Light / occasional user,0.6444693647883861,3.8947809645283185,High,Data appetite growing|Voice declining → data migration,3.8947809645283185,5.543933959551947,5.7158778277587645,0.6444693647883861,5.882699483482374,0.21224087033582406,-1.2974208260533684,0.11429924745175522,0.0
SUB00793,2,Streaming & data-heavy,1.6872130416167994,4.116640537776995,High,Data appetite shrinking,5.653459133264591,4.116640537776995,1.6872130416167994,5.048321323896373,6.1765107992478905,-0.1636396931136454,3.0882376791951414,-0.012949426420843232,0.02961360118365304
SUB00794,4,Roaming / travel-heavy,0.8863224107993203,4.784166553709734,High,Data appetite growing|Voice declining → data migration,5.805557562669593,4.784166553709734,5.540072417847028,5.756857212519297,0.8863224107993203,0.7186211046360295,-9.245359480924908,0.08288355954856216,5.093540657988583e-05
SUB00795,0,Voice-centric,0.4481045318834726,3.724899036991166,High,Data appetite shrinking,0.4481045318834726,4.0120838637458895,5.845019609896954,3.724899036991166,5.8194641027298015,-0.4734802479928832,8.538290382536768,-0.04931363829135667,0.0
SUB00796,1,Underutilized / overspending,0.6142449651106562,3.5902999452960764,High,Data appetite growing,4.214227706839934,0.6142449651106562,3.5902999452960764,5.376534056972086,4.899400087772434,0.7496850756377343,22.276081941257612,-0.15469130217705349,-0.014286193276486631
SUB00797,3,Light / occasional user,0.9017506821786097,3.562137228477941,High,,3.562137228477941,5.125486167546425,5.5588287896502235,0.9017506821786097,5.671146468129715,0.09199510597561897,2.3225469888633556,0.09127322426027304,0.006429774941591598
SUB00798,2,Streaming & data-heavy,1.5795638635082931,3.983463338320266,High,Data appetite growing|Voice declining → data migration,6.713111188965198,3.983463338320266,1.5795638635082931,6.9156714065449325,5.956380456804438,1.2740301294724488,-1.907583015147342,0.037121720534795545,0.03511662976363524
SUB00799,3,Light / occasional user,0.9459045963156822,3.9502224131952395,High,Data appetite growing|Voice declining → data migration,3.9502224131952395,5.559818827879512,5.741016200673738,0.9459045963156822,6.02067024076329,0.82819124351849,-1.006221112510658,-0.01179102469312887,0.0
SUB00800,2,Streaming & data-heavy,1.4191381034150066,4.121431335854376,High,Data appetite shrinking|Voice declining → data migration,5.6041644536918165,4.121431335854376,1.4191381034150066,5.003128602595568,6.096656181148901,-0.6297760348717458,-2.222362298961287,0.014073849978335207,-0.004248330430278873
SUB00801,4,Roaming / travel-heavy,0.6395602256059985,4.763291504945053,High,Data appetite growing,5.846541717128521,4.763291504945053,5.541827591504405,5.85058835507446,0.6395602256059985,0.4681456947472206,0.9621305628406065,-0.20122780477657443,0.027703575945224254
SUB00802,0,Voice-centric,0.8500762182394196,3.876022652357826,High,Data appetite shrinking,0.8500762182394196,4.266377129547305,6.014878840757619,3.876022652357826,5.881526333400241,-0.30384725292229964,7.424856637984781,0.15495141551234085,0.0
SUB00803,1,Underutilized / overspending,0.3361369484240337,3.7314910465422857,High,Data appetite shrinking,4.020407822638233,0.3361369484240337,3.7314910465422857,5.110123817574462,4.665857450568119,-0.7425801750733815,0.537485448943471,0.003301567526642831,-0.01704825022348568
SUB00804,3,Light / occasional user,0.9936400901974815,3.6940213852115944,High,,3.6940213852115944,5.259833969199768,5.509992132721683,0.9936400901974815,5.706354239485225,-0.11788502857088226,1.6984835192110157,0.0889182312109547,0.009817135267572706
SUB00805,2,Streaming & data-heavy,1.530064508624834,3.7799240865770543,High,Data appetite growing,6.423715152365542,3.7799240865770543,1.530064508624834,6.610245805262673,5.5542645151235375,2.016101905455385,0.8867537236868145,0.08174424392583382,0.0052418133039248424
SUB00806,3,Light / occasional user,1.2788828597810313,4.002481775066158,High,,4.002481775066158,5.69726211996638,5.869722706885467,1.2788828597810313,6.096996061294156,0.0513615222886089,3.4725308429676462,-0.025558577264080184,0.0
SUB00807,2,Streaming & data-heavy,1.2387335120227811,4.230084185692737,High,Data appetite growing|Voice declining → data migration,5.657507445454951,4.230084185692737,1.2387335120227811,4.933393327557055,6.115629413061805,0.8251733875652651,-5.74797507537175,0.08056529047078387,-0.03741086052503108
SUB00808,4,Roaming / travel-heavy,0.9560509978379876,4.943883437771464,High,Data appetite shrinking,5.9657612474538455,4.943883437771464,5.804672537004963,5.960024065104189,0.9560509978379876,-1.2618673816035217,6.859648471783336,-0.08988951688175248,0.020808889181718783
SUB00809,0,Voice-centric,0.973805486969199,3.6754834985846614,High,,0.973805486969199,4.275419692680079,5.835923624306497,3.6754834985846614,5.793285861927284,-0.04962806231586361,13.499052969927742,0.12708966805185276,0.0
SUB00810,1,Underutilized / overspending,0.594863319897195,3.3385403501001316,High,Data appetite growing|Voice declining → data migration,3.9118967076186504,0.594863319897195,3.3385403501001316,4.819447911158372,4.648860362910559,0.8043521323925708,-1.6935251021573656,-0.02312823891173123,-0.01666052712514408
SUB00811,3,Light / occasional user,0.704788826233545,3.472376199372251,High,Data appetite shrinking,3.472376199372251,5.130421274671245,5.566852550544569,0.704788826233545,5.725431375766196,-0.28407718906103363,0.5215763868334949,-0.08070126315954534,-0.013015999135112002
SUB00812,2,Streaming & data-heavy,1.0294731297524842,3.8125880092746796,High,Data appetite growing|Voice declining → data migration,6.3830667079501335,3.8125880092746796,1.0294731297524842,6.434909076856136,5.699166719857331,1.1483371492903374,-0.7331365890162093,-0.17335287293212073,-0.021913506920427105
SUB00813,3,Light / occasional user,1.6552759422774939,4.155583008494893,High,Voice declining → data migration,4.155583008494893,5.785243416495262,5.962979776978523,1.6552759422774939,6.116761512816745,-0.10704070117909803,-1.026652005281726,0.0781098725600701,0.0
SUB00814,2,Streaming & data-heavy,1.3391733013544265,4.022202445235852,High,,5.544433556508709,4.022202445235852,1.3391733013544265,4.870199429645536,6.037171644467439,-0.003549935406871122,4.43600130758768,-0.08140067919711427,-0.013768708239386182
SUB00815,4,Roaming / travel-heavy,0.7614616509533226,4.401097592018529,High,Data appetite shrinking|Voice declining → data migration,5.4786323841720845,4.401097592018529,5.497355999383628,5.527255878241869,0.7614616509533226,-0.749893255294251,-2.719380450778273,-0.34565997761027806,0.005946138362316514
SUB00816,0,Voice-centric,0.4636329652359937,3.645282207736904,High,Data appetite shrinking|Voice declining → data migration,0.4636329652359937,4.228606350181349,5.853319125103483,3.645282207736904,5.858953532447946,-0.15151809480040115,-15.041563305534122,-0.12862332465044393,0.0
SUB00817,1,Underutilized / overspending,0.3296554198805948,3.7090408436099636,High,Data appetite shrinking|Voice declining → data migration,4.1059116034263505,0.3296554198805948,3.7090408436099636,5.299620970452353,4.681050269870311,-0.23529162016176483,-2.061389589830985,-0.03423506798646047,0.006648312733173032
SUB00818,3,Light / occasional user,0.7659775119332545,3.571570112164186,High,,3.571570112164186,5.174985364071454,5.553038817370412,0.7659775119332545,5.6769025841062675,-0.05362984918976159,3.763952266473054,0.023429589426191225,-0.018222100032977587
SUB00819,2,Streaming & data-heavy,1.3839832383839017,3.2536425481788633,High,Data appetite shrinking,6.06933715678164,3.2536425481788633,1.3839832383839017,6.237332261755456,5.364069838878566,-1.1272660747785723,1.6744363186859683,-0.10697822206668038,0.03507705380226359
SUB00820,3,Light / occasional user,1.0560408442176759,3.954805003341071,High,Data appetite shrinking|Voice declining → data migration,3.954805003341071,5.626746481757119,5.8312789296994065,1.0560408442176759,6.039595418833638,-0.20923688660882922,-4.208277600304435,-0.02107073312512546,0.0
SUB00821,2,Streaming & data-heavy,1.3497572768355692,3.8404825304372823,High,Data appetite growing|Voice declining → data migration,5.3905850641854505,3.8404825304372823,1.3497572768355692,4.771298082410174,5.857227432344651,0.215933662894302,-5.467292494337098,0.10208036612762328,0.07075746531735982
SUB00822,4,Roaming / travel-heavy,0.2764938859135783,4.64432644391382,High,Data appetite shrinking|Voice declining → data migration,5.745742570374842,4.64432644391382,5.562855574334134,5.784166946399567,0.2764938859135783,-0.31833145583459227,-5.145890546778341,0.01624021252759835,-0.018305112642672813
SUB00823,0,Voice-centric,0.7377939654643915,3.6848215966713176,High,Data appetite growing,0.7377939654643915,4.179645490722486,5.756555105749239,3.6848215966713176,5.779470235288389,0.5978029322258407,14.898899609432464,-0.09569577555201005,0.0
SUB00824,1,Underutilized / overspending,0.40888661118287095,3.6930755519614427,High,Data appetite shrinking,4.282151249194293,0.40888661118287095,3.6930755519614427,5.4106561627509215,4.988352042044956,-1.1285847477201496,9.128800584434545,-0.19970287720745994,-0.002052455382441024
SUB00825,3,Light / occasional user,0.7305665528675463,3.5297070970047146,High,Voice declining → data migration,3.5297070970047146,5.086432489881627,5.479053102057269,0.7305665528675463,5.521842245829071,0.08287441657374617,-1.1865784780258153,0.11828109905691427,0.005276064815824624
SUB00826,2,Streaming & data-heavy,2.383531336773607,4.241828746705008,High,Data appetite growing|Voice declining → data migration,6.652640592031979,4.241828746705008,2.383531336773607,6.788815341253138,5.809652160347456,0.2522834323164341,-5.984404605397439,0.12768840217830482,0.04074967394995762
SUB00827,3,Light / occasional user,1.9923034550174472,4.334024631697068,High,Data appetite growing,4.334024631697068,5.818222948367808,6.00852634236346,1.9923034550174472,6.220911454643414,0.6656551852008353,2.572890677031024,-0.0015019691969897215,0.0
SUB00828,2,Streaming & data-heavy,2.108919382337288,4.4199941274446735,High,,5.66025819234741,4.4199941274446735,2.108919382337288,4.953188197683277,6.205695585027296,0.03465858376067232,3.520581313847311,-0.05039725966695465,0.019358821340419635
SUB00829,4,Roaming / travel-heavy,2.1484625495077183,5.271378040688905,High,Data appetite shrinking,6.162578511150313,5.271378040688905,6.06832134270751,6.049676115844528,2.1484625495077183,-0.6163642563820856,2.6686023477338883,-0.14978172221012984,-0.01909370664459835
SUB00830,0,Voice-centric,1.5018109707522775,4.017186878249341,High,Data appetite shrinking|Voice declining → data migration,1.5018109707522775,4.429668270319335,6.079231879463859,4.017186878249341,6.034621475029999,-0.16907341569774284,-7.599565624371436,-0.01094254534816983,0.0
SUB00831,1,Underutilized / overspending,0.45000115124460854,3.7142662209955715,High,Data appetite growing|Voice declining → data migration,4.23240776176105,0.45000115124460854,3.7142662209955715,5.380031760664372,4.9691152483073,0.18311344498630672,-8.746818801433138,-0.10076671489683739,-0.026114240302820037
SUB00832,3,Light / occasional user,1.2606891723157863,3.6733445182145927,High,Data appetite shrinking,3.6733445182145927,5.216830720806122,5.667935610397496,1.2606891723157863,5.818717947533811,-0.815668103735921,3.7206946497969353,-0.07815073569385408,-0.011306926869056105
SUB00833,2,Streaming & data-heavy,2.2454451741776276,4.279376377493944,High,Data appetite shrinking|Voice declining → data migration,6.73555108849442,4.279376377493944,2.2454451741776276,6.8602201489281605,5.872837129751906,-0.8780644242447165,-0.838830001803756,0.19430983641115646,-0.008454981258113326
SUB00834,3,Light / occasional user,1.9584772093928358,4.2922121039910754,High,Data appetite growing,4.2922121039910754,5.906341457688657,6.026743865844768,1.9584772093928358,6.290535733564062,0.40292997958564863,2.1986779477125906,-0.024816724473044643,0.0
SUB00835,2,Streaming & data-heavy,1.2228645027818497,4.143351878835566,High,Data appetite growing,5.714336779605352,4.143351878835566,1.2228645027818497,5.121023150727678,6.225729436006132,1.4495185361317668,0.24919941814496216,-0.09974707133711613,-0.054222315437340074
SUB00836,4,Roaming / travel-heavy,0.6414919528456913,5.035976916085786,High,Data appetite shrinking|Voice declining → data migration,6.133222210530487,5.035976916085786,6.004429584792601,6.222461314829476,0.6414919528456913,-0.32952610609616667,-1.7259967063953912,0.005922082862318804,0.006320689993429116
SUB00837,0,Voice-centric,0.4354562237690701,3.6617592820113423,High,Data appetite shrinking|Voice declining → data migration,0.4354562237690701,3.965321123276447,5.764284163712282,3.6617592820113423,5.682965088994153,-0.3663526633432722,-12.159170363732056,0.1785131219900293,0.0
SUB00838,1,Underutilized / overspending,1.7025310951944643,4.005673484086786,High,Voice declining → data migration,4.849054798259441,1.7025310951944643,4.005673484086786,5.882800550268986,5.347563555262308,-0.12707046394539687,-8.502990790644985,0.04097655763533713,0.014329282436951299
SUB00839,3,Light / occasional user,0.5894991579738484,3.4902410004776967,High,Data appetite growing,3.4902410004776967,5.066751408285295,5.414728542186945,0.5894991579738484,5.727851936024857,0.8589939859488661,2.9387336989717756,-0.07395529993165316,-0.016380594955437994
SUB00840,2,Streaming & data-heavy,2.2475376198107906,4.491071587622563,High,Data appetite growing|Voice declining → data migration,7.076972675254206,4.491071587622563,2.2475376198107906,7.141460486070897,6.277804781763079,2.2073414883995435,-8.015692183341981,-0.03047566141636269,0.03656058895086387
SUB00841,3,Light / occasional user,0.45575787836156095,3.812410484859948,High,Data appetite shrinking|Voice declining → data migration,3.812410484859948,5.505110053402122,5.755146098827216,0.45575787836156095,5.958415279091384,-0.15958826173647897,-1.9614779916680076,0.0038919261928984377,0.0
SUB00842,2,Streaming & data-heavy,1.7563470558086163,4.618595316925564,High,Data appetite growing|Voice declining → data migration,5.803387158278032,4.618595316925564,1.7563470558086163,5.011844606263694,6.382166558711453,0.7054449073847252,-5.45871675723844,-0.08542510344360088,0.022654571108218228
SUB00843,4,Roaming / travel-heavy,1.9782920351989208,4.73303981961115,High,Data appetite shrinking|Voice declining → data migration,5.6940213871812,4.73303981961115,5.47811339206342,5.704352672420157,1.9782920351989208,-0.2918940428575547,-2.9213486647156786,-0.355072586427319,0.03318206227051361
SUB00844,0,Voice-centric,0.3262776484301249,3.678436943222956,High,Data appetite growing|Voice declining → data migration,0.3262776484301249,4.1297631694291175,5.855472429312564,3.678436943222956,5.900613212742896,0.38610965876343595,-3.194556443298541,-0.10426006857903775,0.0
SUB00845,1,Underutilized / overspending,0.7108427122487448,3.6211084947665904,High,Data appetite shrinking|Voice declining → data migration,4.375263246081018,0.7108427122487448,3.6211084947665904,5.557415077561359,5.006179500738873,-0.965009247866518,-9.313904328848498,0.16770939960892242,0.011925078201568436
SUB00846,3,Light / occasional user,1.6833916265258615,3.9175801363723504,High,Voice declining → data migration,3.9175801363723504,5.368028231776472,5.7573388282350875,1.6833916265258615,5.9330344242221384,0.09939112633939086,-1.681416341024597,-0.008580028112437237,0.006628554451041357
SUB00847,2,Streaming & data-heavy,1.3239745280942217,3.881260915927241,High,Data appetite shrinking|Voice declining → data migration,6.500675318016798,3.881260915927241,1.3239745280942217,6.590863666397546,5.730596682895487,-0.6765342270510021,-1.77910123907115,-0.1706782860120002,-0.00042125698490149094
SUB00848,3,Light / occasional user,1.071975465839514,4.0069834317307205,High,Data appetite growing|Voice declining → data migration,4.0069834317307205,5.654149377638259,5.810610221160211,1.071975465839514,6.057280108240965,0.37324527549205666,-0.4890204272718753,-0.017739728764557067,0.0
SUB00849,2,Streaming & data-heavy,1.4354038877076318,4.004460383895021,High,Data appetite shrinking|Voice declining → data migration,5.420898466745835,4.004460383895021,1.4354038877076318,4.698919680525982,5.853232728249671,-1.5260503668386887,-4.077001615147226,0.1018507566354333,-0.06524752459306452
SUB00850,4,Roaming / travel-heavy,0.6197778746208152,4.854348585006923,High,Data appetite growing|Voice declining → data migration|Roaming increasing,5.867885468448884,4.854348585006923,5.811503028455647,5.935842094486169,0.6197778746208152,0.20552002852784654,-6.865697286594592,0.30218153126274727,-0.03808102360123103
SUB00851,0,Voice-centric,2.34655602711759,4.265878173852903,High,Data appetite growing,2.34655602711759,4.630971359424399,6.129357078910592,4.265878173852903,6.289495852015859,0.453403320712078,20.633003746318355,-0.11514454289141836,0.0
SUB00852,1,Underutilized / overspending,1.4237123184063105,3.9572896203651764,High,Data appetite shrinking|Voice declining → data migration,4.166043042234853,1.4237123184063105,3.9572896203651764,5.262163423888355,4.64927645768528,-1.1030233652519963,-10.944725196811836,0.10161007568903961,-0.006774497909063938
SUB00853,3,Light / occasional user,0.9898507562601095,3.714524596413395,High,Data appetite shrinking|Voice declining → data migration,3.714524596413395,5.361498252785597,5.600297631308823,0.9898507562601095,5.768440896292746,-0.15604509618281076,-1.907633220948241,-0.01164991718737036,-0.0066469137160310885
SUB00854,2,Streaming & data-heavy,1.587381674834015,3.624199371233497,High,Data appetite shrinking|Voice declining → data migration|Roaming increasing,6.2673254092964275,3.624199371233497,1.587381674834015,6.432003855340307,5.422648131080215,-1.279488746154447,-3.750363081965989,0.21338702623276598,0.01790818832366621
SUB00855,3,Light / occasional user,0.4182330755388367,3.902872954582514,High,Data appetite growing,3.902872954582514,5.589454491791799,5.706814385517983,0.4182330755388367,5.985634815322305,0.46530669382210993,1.0747742857951803,-0.04460022097246688,0.0
SUB00856,2,Streaming & data-heavy,1.9051849547699178,4.484856249384225,High,Data appetite shrinking,5.761352750867075,4.484856249384225,1.9051849547699178,4.978540444706657,6.319518674363646,-0.274696460193285,0.5102657560287677,-0.15747540111425862,0.014432291410073572
SUB00857,4,Roaming / travel-heavy,0.6336100945261397,4.611136810880005,High,Data appetite shrinking,5.735536917253709,4.611136810880005,5.559439259691287,5.786004003743562,0.6336100945261397,-0.2747338681901369,4.039835098303223,-0.24700194807584938,0.00043910829996056123
SUB00858,0,Voice-centric,0.8646886910655123,3.6944956098245165,High,,0.8646886910655123,4.167272418085914,5.8083826498571725,3.6944956098245165,5.903084998976891,0.10145916541299169,7.264556489382693,-0.04204172069701032,0.0
SUB00859,1,Underutilized / overspending,0.5177876591447034,3.703210751218044,High,Data appetite growing,4.274030957551148,0.5177876591447034,3.703210751218044,5.292055003796541,4.7861088281854585,1.24200188503788,5.0925206090337545,-0.18524437519640244,-0.015009786788950413
SUB00860,3,Light / occasional user,0.9955578489894242,3.721810642095445,High,Data appetite growing|Voice declining → data migration,3.721810642095445,5.265771754598445,5.562245469552473,0.9955578489894242,5.717288497891401,0.29133012430813965,-0.8595485463126659,0.01946036825093039,-0.01320810862739168
SUB00861,2,Streaming & data-heavy,1.2134973621129117,3.3863911205884096,High,Voice declining → data migration,6.0783530813861635,3.3863911205884096,1.2134973621129117,6.2099241391733475,5.471559645851615,-0.09942938369402463,-6.159074459356489,-0.03413747655525714,0.0009396908374924378
SUB00862,3,Light / occasional user,0.6758881020140812,3.9490538961403368,High,Data appetite growing|Voice declining → data migration,3.9490538961403368,5.613687349687419,5.731897764863235,0.6758881020140812,5.929301854916737,0.40608630946086427,-1.023814536031545,0.11903942671852037,0.0
SUB00863,2,Streaming & data-heavy,1.3176539764672388,4.448018923314664,High,,6.019314117356901,4.448018923314664,1.3176539764672388,5.402978708175038,6.429552428323386,0.12510590101724692,2.5541745328670427,-0.024212933781419244,-0.028291316880231038
SUB00864,4,Roaming / travel-heavy,2.957481168107481,5.944400611030588,High,Data appetite shrinking,6.897287077209556,5.944400611030588,6.718796207310159,6.885072770479434,2.957481168107481,-0.28203592546335793,14.106528105830089,-0.037416257050105005,-0.020943320363325454
SUB00865,0,Voice-centric,2.7262054253600985,4.301538603495127,High,,2.7262054253600985,5.0407791110285105,6.422899362876083,4.301538603495127,6.357120876008215,0.053506137906045255,4.896623821156713,-0.0025875875301240455,0.0
SUB00866,1,Underutilized / overspending,1.0941490400483982,3.640969096595401,High,Data appetite growing,4.230423192918517,1.0941490400483982,3.640969096595401,5.310799466160299,4.748248571578841,0.6787688223955286,0.6163507587513349,0.012609643180057207,-0.021764842354725717
SUB00867,3,Light / occasional user,0.6307816078548812,3.588959163244536,High,Data appetite growing,3.588959163244536,5.174046273357852,5.48319916320916,0.6307816078548812,5.757300237203809,0.6407685249016997,1.0069860931480912,-0.12206137083220757,-0.011399021047565303
SUB00868,2,Streaming & data-heavy,1.2098521558571502,3.6666573557914037,High,Data appetite growing,6.271479263352843,3.6666573557914037,1.2098521558571502,6.353459200438075,5.526528705683774,0.42610101126587846,10.80163816796666,0.07712230934539298,0.017736765377440823
SUB00869,3,Light / occasional user,1.4744217159443245,4.147303817120219,High,Data appetite growing|Voice declining → data migration,4.147303817120219,5.709627696369632,5.884817129870208,1.4744217159443245,6.115801778594214,0.3390877916870253,-4.011680309870077,-0.040539761715926347,0.0
SUB00870,2,Streaming & data-heavy,1.5372281784989381,4.295510735042421,High,Data appetite growing|Voice declining → data migration,5.789714557718276,4.295510735042421,1.5372281784989381,5.132399277162958,6.290719497257302,2.05856884803089,-2.542977978299873,-0.10259814704371102,0.03276854361576931
SUB00871,4,Roaming / travel-heavy,0.5285478181899657,4.755455463848081,High,Data appetite growing,5.815826812402191,4.755455463848081,5.837556617092535,5.913303736059231,0.5285478181899657,0.2232702289072243,13.350026735190726,-0.03356839331915382,-0.021234677585217864
SUB00872,0,Voice-centric,2.104852990622144,4.1497459316245005,High,Data appetite growing,2.104852990622144,4.665393006145404,6.1831674764171884,4.1497459316245005,6.248230286975885,0.89339232592705,1.870973126654308,-0.10227953023236384,0.0
SUB00873,1,Underutilized / overspending,0.5997143101193049,3.866412611825513,High,Data appetite shrinking,3.866412611825513,0.5997143101193049,3.9272125717671766,5.0051773205723125,4.666976050864919,-0.22884717311157501,6.046198997441897,0.04924224847754194,-0.0025605707293816808
SUB00874,3,Light / occasional user,0.5901251508613519,3.5630261674542556,High,Voice declining → data migration,3.5630261674542556,5.151151108700783,5.445453591577051,0.5901251508613519,5.752832896972568,-0.014857234044623345,-0.8955878166324173,-0.0977632450705402,-0.0017716356309929549
SUB00875,2,Streaming & data-heavy,1.429092401591013,3.806439147008401,High,Data appetite shrinking|Voice declining → data migration,6.5377544968199865,3.806439147008401,1.429092401591013,6.684211827528425,5.605633153739125,-0.6816167877135266,-4.3560872586657355,0.16327054652350467,0.027615276966905793
SUB00876,3,Light / occasional user,1.7713122714029026,4.1677115907764275,High,,4.1677115907764275,5.807078472494188,5.99131579002843,1.7713122714029026,6.182990724048504,-0.14972165699985987,4.334754175928013,0.021815002008622728,0.0
SUB00877,2,Streaming & data-heavy,1.2661655881479057,4.258216905728882,High,Data appetite growing,5.747471427983028,4.258216905728882,1.2661655881479057,5.076589193320643,6.1466285856016665,0.8298936327127409,2.0303238059262876,0.08418368444420189,0.011050550438342277
SUB00878,4,Roaming / travel-heavy,0.44663260426320617,4.846831808900622,High,Data appetite shrinking,5.801832553509657,4.846831808900622,5.550940093372221,5.722483967209772,0.44663260426320617,-0.5491756640928698,8.049433514006376,-0.10459719000300274,0.011801117463910894
SUB00879,0,Voice-centric,0.7048819843181262,3.8619421967168055,High,Data appetite shrinking,0.7048819843181262,4.10952699654387,5.940678996271521,3.8619421967168055,5.915750790530996,-0.30777148712496755,2.134875425786438,-0.012604320696381429,0.0
SUB00880,1,Underutilized / overspending,1.8706750396173404,4.189756510483919,High,Data appetite shrinking,4.534734069758244,1.8706750396173404,4.189756510483919,5.68331722781733,5.227616883959689,-0.3256432329674902,14.235573030374143,-0.008802473075147758,-0.016989474756528924
SUB00881,3,Light / occasional user,2.0224951107429536,4.035141261972972,High,Data appetite growing,4.035141261972972,5.432745219178098,5.803228376143913,2.0224951107429536,5.943101195486939,0.8880403121449909,2.768219896170064,0.13378704276568815,0.010109287753808956
SUB00882,2,Streaming & data-heavy,2.563762039727834,4.425197075585,High,Data appetite shrinking,6.9742899667003595,4.425197075585,2.563762039727834,7.126101953841363,6.077132365844885,-0.8047055055495813,0.01076496437118539,0.023724721743367518,-0.03553274740008477
SUB00883,3,Light / occasional user,1.3547991279262575,4.073221468321532,High,,4.073221468321532,5.6611543411026375,5.878488625482657,1.3547991279262575,5.991353622749378,-0.07248768614644102,0.29311047683894115,0.0964755386835859,0.0
SUB00884,2,Streaming & data-heavy,1.5616390747511213,4.000301200231864,High,Data appetite growing|Voice declining → data migration,5.588510875202027,4.000301200231864,1.5616390747511213,5.0175288402514795,6.0711836027604615,1.732452605731584,-3.267160002030008,-0.009414587101014577,-0.019064986726235956
SUB00885,4,Roaming / travel-heavy,0.6925352172928928,5.179341180821429,High,Voice declining → data migration|Roaming increasing,6.255487757392945,5.179341180821429,6.096364112526625,6.320050075321884,0.6925352172928928,-0.09724599853261823,-11.764562483223889,0.25069320699904685,-0.061654408806730905
SUB00886,0,Voice-centric,0.7002888582087762,3.5748022970451583,High,Data appetite shrinking,0.7002888582087762,4.062658989645859,5.828159243521952,3.5748022970451583,5.685959641040314,-0.4607235416960047,0.7861254207389082,0.05593181587494702,0.0
SUB00887,1,Underutilized / overspending,0.8110358700239357,3.68547993115793,High,Data appetite shrinking,4.215592562869875,0.8110358700239357,3.68547993115793,5.32496771829746,5.01634725281247,-0.22056502867914313,0.38498717078538264,0.008968122270374497,0.038519341296784367
SUB00888,3,Light / occasional user,0.41450589792178366,3.458229741894669,High,Data appetite shrinking,3.458229741894669,5.086994195761337,5.566843704378518,0.41450589792178366,5.624282871563997,-0.8908705906796357,0.5515663877546272,0.06144120669608965,-0.01531035643710844
SUB00889,2,Streaming & data-heavy,1.4735868458016208,3.77682201613269,High,Data appetite growing|Voice declining → data migration,6.495209455786669,3.77682201613269,1.4735868458016208,6.628949045180479,5.610712728764339,1.2843175185422457,-4.323609419831462,-0.0724048462666599,-0.00317406790935866
SUB00890,3,Light / occasional user,0.3552885244128494,3.8401865023066386,High,,3.8401865023066386,5.503267591514357,5.717580020238655,0.3552885244128494,5.888255283394845,-0.08766161316339449,3.1682999474763567,-0.0033425214876234774,0.0
SUB00891,2,Streaming & data-heavy,1.7751002517149856,4.063138441896469,High,Data appetite growing,5.376907469384891,4.063138441896469,1.7751002517149856,4.69591859900046,6.014444860509997,0.346120448961317,3.7489573644822873,0.10928169614034153,0.0198968074067842
SUB00892,4,Roaming / travel-heavy,0.8880878521832288,4.783980826826636,High,Data appetite growing,5.769294137590863,4.783980826826636,5.639385371079119,5.753279277539539,0.8880878521832288,0.38868705955938554,3.7340498104845152,-0.07279873383986155,0.03302681349177619
SUB00893,0,Voice-centric,0.7251795774197309,3.711792833195596,High,Data appetite shrinking|Voice declining → data migration,0.7251795774197309,4.464324105040184,6.046602861633916,3.711792833195596,6.047632415822707,-0.30039583289730987,-10.007436694553618,-0.022834756252503984,0.0
SUB00894,1,Underutilized / overspending,0.5018239550626803,3.667667851393378,High,Data appetite growing|Voice declining → data migration,4.049748587448886,0.5018239550626803,3.667667851393378,5.1868960893207,4.838867523528976,0.6902708178051024,-8.270386467310713,-0.10038877922193376,0.019178197784175708
SUB00895,3,Light / occasional user,0.44139338272833467,3.46473955156823,High,Data appetite shrinking|Voice declining → data migration,3.46473955156823,5.08682641748059,5.513865499012256,0.44139338272833467,5.7177591408537305,-0.41056177275341443,-3.7607040456997907,-0.0815449630031448,0.009042742022180968
SUB00896,2,Streaming & data-heavy,1.4809966006773192,3.6956457715399273,High,Data appetite shrinking|Voice declining → data migration,6.476208460368436,3.6956457715399273,1.4809966006773192,6.589338195318709,5.644072248924754,-1.6500558781230774,-5.516893247139933,-0.08063393221689191,-0.028039365321472578
SUB00897,3,Light / occasional user,1.498390002887662,4.178445725477881,High,Data appetite growing,4.178445725477881,5.779179398030162,5.895479395126735,1.498390002887662,6.159835586438269,0.6126644159744539,2.101596980922078,-0.009194951650123902,0.0
SUB00898,2,Streaming & data-heavy,1.1300622373121965,4.1301138385030765,High,Data appetite growing|Voice declining → data migration,5.662292231849062,4.1301138385030765,1.1300622373121965,5.004665528212672,5.990010672093288,0.7194508384787149,-6.713812768426068,0.03244156174725325,0.02491540580475635
SUB00899,4,Roaming / travel-heavy,0.5578758723160945,4.833441985969287,High,,5.82271307883506,4.833441985969287,5.529514224975691,5.715641486163142,0.5578758723160945,0.10374311807067459,0.06145337502959402,0.17576851223154552,-0.05257563876145937
SUB00900,0,Voice-centric,1.087684676236382,3.782222178951696,High,Voice declining → data migration,1.087684676236382,4.186290520531199,5.83187614933524,3.782222178951696,5.932326181823152,0.04963237364028055,-11.91525765789455,-0.04664610548219077,0.0
SUB00901,1,Underutilized / overspending,1.2803802558198114,3.9136347657147503,High,Data appetite growing,4.228471412931813,1.2803802558198114,3.9136347657147503,5.34327908655949,5.038046729593302,0.5148494299597102,8.71323415963466,-0.033653588508978184,-9.817130568535898e-05
SUB00902,3,Light / occasional user,0.5001807789534665,3.4127364492323697,High,Voice declining → data migration,3.4127364492323697,5.0172517373714065,5.484224158012601,0.5001807789534665,5.555977626779261,0.08512135308640549,-0.8077372254618598,0.06286188014351808,0.004704227146039678
SUB00903,2,Streaming & data-heavy,1.5068229656560286,4.149105787518985,High,Data appetite shrinking|Voice declining → data migration,6.8144405749576205,4.149105787518985,1.5068229656560286,6.920055721415623,6.071744777719613,-0.46953059255635254,-2.237087515034716,-0.1322740994767306,0.019945621905581235
SUB00904,3,Light / occasional user,1.2870362584556576,4.071983632416031,High,Data appetite growing|Voice declining → data migration,4.071983632416031,5.716326177748326,5.804975428288131,1.2870362584556576,6.1125427986569045,0.681804892167639,-1.2856842520561396,-0.021932187556067538,0.0
SUB00905,2,Streaming & data-heavy,1.594925004929661,4.283887378295235,High,Data appetite growing|Voice declining → data migration,5.676603057742175,4.283887378295235,1.594925004929661,5.002016905333266,6.191652689719033,1.657515913994135,-7.672290973937075,-0.05587004441353543,0.054167362716986064
SUB00906,4,Roaming / travel-heavy,1.7531650092042146,4.753738693538091,High,Data appetite shrinking,5.609865001731127,4.753738693538091,5.697559608894743,5.629950521499013,1.7531650092042146,-1.4884398963966554,6.534132613208479,-0.10520491390143129,-0.03958952207900438
SUB00907,0,Voice-centric,0.7802372561502614,3.49018259619267,High,Data appetite shrinking,0.7802372561502614,4.322653041501149,5.758830899510432,3.49018259619267,5.897364337473421,-0.4042032153460771,21.65836081525354,-0.19046013647519044,0.0
SUB00908,1,Underutilized / overspending,0.7930587918958734,4.248021080680537,High,Data appetite shrinking,4.443254986353926,0.7930587918958734,4.248021080680537,5.747102976830123,5.249945566628799,-1.160095444450302,0.0976815561419619,-0.2061724810505128,0.02221377888812876
SUB00909,3,Light / occasional user,1.0540469894729854,3.711267748571058,High,,3.711267748571058,5.256236440617111,5.57637004365586,1.0540469894729854,5.741737244315213,-0.09857408206605055,2.055703891421422,0.07773479529327629,0.01944895074706877
SUB00910,2,Streaming & data-heavy,1.51316807988443,4.077237007164435,High,Voice declining → data migration,6.734990267255354,4.077237007164435,1.51316807988443,6.840244036873256,5.850584680825484,-0.13830624471509748,-5.954140011679982,-0.02259983055923355,-0.0035336466767003183
SUB00911,3,Light / occasional user,0.8249163932249796,3.95027266017353,High,Data appetite shrinking|Voice declining → data migration,3.95027266017353,5.637035707962499,5.808547434579125,0.8249163932249796,6.020157170467911,-0.1794567519578605,-2.077203710172612,-0.015566359649537597,0.0
SUB00912,2,Streaming & data-heavy,2.1715492459313754,4.3927299709442895,High,,5.722819432762782,4.3927299709442895,2.1715492459313754,5.007102616135852,6.242989002361745,0.09226984126244302,9.8886331859192,-0.027174336250882735,-0.022724248816310962
SUB00913,4,Roaming / travel-heavy,0.5626902680160399,5.098890150985329,High,Data appetite growing|Roaming increasing,5.989331664871584,5.098890150985329,5.796403586228335,5.933195196629829,0.5626902680160399,0.3978724089740477,3.348974888640898,0.26309639396159057,-0.04966461819965369
SUB00914,0,Voice-centric,0.9173038463673798,3.8166027218858996,High,Data appetite shrinking|Voice declining → data migration,0.9173038463673798,4.535286658435474,6.0956603087959875,3.8166027218858996,6.100781022914811,-0.4756075962137517,-6.250028450756127,-0.03163397396775069,0.0
SUB00915,1,Underutilized / overspending,0.6085162221640564,3.918778868555437,High,Data appetite shrinking,4.046837703377618,0.6085162221640564,3.918778868555437,5.165621510476417,4.93339500146088,-1.1176234471006918,12.926379259956411,-0.12411930471079782,0.0026505194713481706
SUB00916,3,Light / occasional user,1.3189773446128417,3.7376016101381433,High,Data appetite growing|Voice declining → data migration,3.7376016101381433,5.275984397112919,5.6737932214531295,1.3189773446128417,5.856768528627385,0.4280802253801551,-5.455944523591132,0.035686861521630496,0.007465053589495349
SUB00917,2,Streaming & data-heavy,1.7383055836704662,4.4002275896042065,High,Data appetite growing|Voice declining → data migration,6.936629981701248,4.4002275896042065,1.7383055836704662,7.041353921515397,6.121499280622612,0.9092516444001648,-2.858462611097223,-0.1507636355224532,-0.01420122597934675
SUB00918,3,Light / occasional user,0.29172217757358126,3.8515946174981592,High,Data appetite growing,3.8515946174981592,5.496329080687084,5.64916441903579,0.29172217757358126,5.855982497515504,0.6502310946928856,-0.01920777454285002,0.1307771663590994,0.0
SUB00919,2,Streaming & data-heavy,1.406034774784653,4.40947348132514,High,Data appetite shrinking|Voice declining → data migration,5.923276833506678,4.40947348132514,1.406034774784653,5.2902359603627875,6.36245307512362,-0.9410607249867105,-1.6632184858735786,-0.06278021800502022,-0.08217896534438476
SUB00920,4,Roaming / travel-heavy,0.3743659400682867,4.7960357314036886,High,Voice declining → data migration,5.729527704006631,4.7960357314036886,5.571320095784111,5.627825167380049,0.3743659400682867,0.003589939675677712,-0.7975308198799749,-0.10960975469207437,-0.017235359346885686
SUB00921,0,Voice-centric,1.4552837110320218,4.100285846102739,High,Voice declining → data migration,1.4552837110320218,4.110976833847052,5.96957366899476,4.100285846102739,5.819770714640024,-0.13239526650660396,-3.7957207229279097,0.08464027060382671,0.0
SUB00922,1,Underutilized / overspending,1.899273275379699,4.457837543186201,High,Data appetite shrinking|Voice declining → data migration,4.502005594161593,1.899273275379699,4.457837543186201,5.6581635849920495,5.048486713069915,-0.39678713023994583,-6.134095639554809,0.17631576442653205,-0.0014433305479659223
SUB00923,3,Light / occasional user,0.6348272218065978,3.4381160585067563,High,Data appetite growing|Voice declining → data migration,3.4381160585067563,5.028583297210258,5.460759423741005,0.6348272218065978,5.66374325382341,0.2681139361258572,-1.317088165773114,0.004298568068833968,0.0029033322919384983
SUB00924,2,Streaming & data-heavy,1.4716111446345586,3.3900751823579145,High,Data appetite growing|Voice declining → data migration|Roaming increasing,6.13758638080846,3.3900751823579145,1.4716111446345586,6.31627471420438,5.1700358858604725,0.34359744759965793,-5.102203728432873,0.2103862127077705,-0.02168530603535298
SUB00925,3,Light / occasional user,1.1508744460678064,3.964260635631533,High,Data appetite growing,3.964260635631533,5.632973667879317,5.788220312226908,1.1508744460678064,6.065405421988639,0.6015986338056427,0.5558695096400502,-0.01388881874734726,0.0
SUB00926,2,Streaming & data-heavy,1.173172850437546,3.7586798488381725,High,Data appetite shrinking,5.335799641991887,3.7586798488381725,1.173172850437546,4.690635363049093,5.804463766310751,-0.5836505041236246,2.2180456847012087,0.10461662072849726,0.024039657804479624
SUB00927,4,Roaming / travel-heavy,0.3532774625224053,4.92279951719896,High,Data appetite shrinking|Voice declining → data migration,5.939533262460772,4.92279951719896,5.886210220294341,5.987289457505907,0.3532774625224053,-0.9868621090562026,-1.3075180547900924,-0.07251120306635213,-0.024681301257915435
SUB00928,0,Voice-centric,0.7286601567328973,3.6458123771247446,High,Data appetite shrinking|Voice declining → data migration,0.7286601567328973,4.104932040552311,5.846186413412405,3.6458123771247446,5.936794519333383,-0.3608700893211971,-28.69587331376114,-0.014272838782953531,0.0
SUB00929,1,Underutilized / overspending,0.4171160516373145,3.6892661737769936,High,Voice declining → data migration|Roaming increasing,4.336624703858156,0.4171160516373145,3.6892661737769936,5.497411415124073,4.828360013425679,-0.09353016277469589,-14.246793364724944,0.20929319563577667,0.021266150760591147
SUB00930,3,Light / occasional user,0.4369430065270686,3.4797083159763216,High,Data appetite shrinking,3.4797083159763216,5.133057742741866,5.572528492448229,0.4369430065270686,5.7115919435333495,-0.9695181281993067,2.2742621868686177,-0.08932820165464435,-0.00822074538173961
SUB00931,2,Streaming & data-heavy,1.2145247503146983,3.5725056740825947,High,Voice declining → data migration,6.317057237237656,3.5725056740825947,1.2145247503146983,6.450011359136579,5.528038042543219,0.08994299076558554,-3.3341210368857523,0.06529213021561124,-0.009715741241476224
SUB00932,3,Light / occasional user,0.7944343875613086,3.8837458210985245,High,,3.8837458210985245,5.590912368952052,5.798149275191236,0.7944343875613086,6.000259519953038,-0.0703474026041576,5.375344997902385,-0.025766470186994923,0.0
SUB00933,2,Streaming & data-heavy,1.5874168833737181,4.525460240129231,High,Data appetite growing|Voice declining → data migration,5.946065657468718,4.525460240129231,1.5874168833737181,5.24549385522028,6.4109178190753715,0.4392269118049041,-4.684633426494034,-0.1293370484664327,-0.03442042804023344
SUB00934,4,Roaming / travel-heavy,0.3963626384763181,4.994046116715252,High,Data appetite growing|Voice declining → data migration,5.946729937694138,4.994046116715252,5.681006724225658,5.828561554968023,0.3963626384763181,0.1980683237227838,-2.6485270896053996,-0.4780874960075063,0.02937765087131738
SUB00935,0,Voice-centric,1.1640512190254466,3.9250898552223696,High,Data appetite shrinking|Voice declining → data migration,1.1640512190254466,4.248281535084515,5.93741896791449,3.9250898552223696,5.918497957821887,-0.15842122883512205,-10.536729850003505,0.10046779385760667,0.0
SUB00936,1,Underutilized / overspending,0.40605981371033295,3.468702885375715,High,Data appetite growing|Voice declining → data migration,4.191165009436384,0.40605981371033295,3.468702885375715,5.250954645865509,4.730163718684531,0.4778558207393031,-2.6590912337725325,0.008815970739786173,-0.03627132840605537
SUB00937,3,Light / occasional user,1.2913902334475147,3.6569868983323,High,Data appetite growing,3.6569868983323,5.202953527881483,5.625205533570525,1.2913902334475147,5.780714310050971,0.4293312841577067,2.108934621087923,0.07276893709147521,0.022866907077812176
SUB00938,2,Streaming & data-heavy,1.3687927692824062,3.936578523187913,High,Data appetite growing|Voice declining → data migration,6.565761132793795,3.936578523187913,1.3687927692824062,6.672429433301578,5.610135102295108,0.7406059518022919,-13.694174183572786,0.10526064403761136,0.013607345417022958
SUB00939,3,Light / occasional user,1.5411818509189483,4.135985690460135,High,Voice declining → data migration,4.135985690460135,5.714266417517853,5.931798881715092,1.5411818509189483,6.12304829454203,-0.037272709337946686,-0.757927806782297,-0.01846056308150635,0.0
SUB00940,2,Streaming & data-heavy,1.403573629010797,3.897769588932825,High,Data appetite growing|Voice declining → data migration,5.273037329980367,3.897769588932825,1.403573629010797,4.544318472440167,5.8416175887368995,0.7572159345702244,-7.772682130093359,0.12297409978549435,-0.056416513263125356
SUB00941,4,Roaming / travel-heavy,0.6393272555579593,4.956392128654618,High,Data appetite growing,5.8997193652150886,4.956392128654618,5.604419632870796,5.7920203378158535,0.6393272555579593,0.8313408075788731,3.6116059664430726,-0.09185146979548442,-0.0022570924170044566
SUB00942,0,Voice-centric,0.707357933816039,3.7247382735279717,High,Data appetite growing,0.707357933816039,4.344118482554434,5.867564685463414,3.7247382735279717,5.911952209277475,1.059453957827273,-0.05429192202893981,-0.0286580454257365,0.0
SUB00943,1,Underutilized / overspending,1.9487875232651972,3.7281571196361467,High,Data appetite growing,4.5047062408423715,1.9487875232651972,3.7281571196361467,5.488195740052822,5.089774700383928,1.2078821790410017,9.260519707511213,0.012598728173228843,0.0018560156263719815
SUB00944,3,Light / occasional user,1.067911558506455,3.6342137793084417,High,Data appetite growing|Voice declining → data migration,3.6342137793084417,5.215578396288304,5.536770322491873,1.067911558506455,5.737395818363286,0.7454258705533297,-2.0866389383990605,0.08656480941535213,-0.003559614699704912
SUB00945,2,Streaming & data-heavy,1.5221195304894946,3.854725868463601,High,Data appetite shrinking,6.53202479375499,3.854725868463601,1.5221195304894946,6.63074454126652,5.748335127998026,-0.7766172472460758,3.0367788425284146,-0.24363423990432267,0.008697655418592236
SUB00946,3,Light / occasional user,0.6210153747994226,3.9460451912007897,High,Data appetite growing,3.9460451912007897,5.619667544650848,5.7114894444745685,0.6210153747994226,5.967314951835463,0.5706310200337774,0.12725839294958077,-0.03112939085618432,0.0
SUB00947,2,Streaming & data-heavy,1.0553185593254424,3.946814156876136,High,Data appetite shrinking|Voice declining → data migration,5.5710697470633415,3.946814156876136,1.0553185593254424,4.941166820349075,5.976527511454323,-0.8403520143874238,-11.035827340093086,0.13121464718996467,-0.010653070136358972
SUB00948,4,Roaming / travel-heavy,1.0859225057473991,4.849055120895159,High,,5.860842131195799,4.849055120895159,5.6477214857747065,5.810840929321795,1.0859225057473991,0.11848503753533655,5.2631253660135435,-0.05994948022986805,0.01895953715674476
SUB00949,0,Voice-centric,0.8339641825368922,3.816712469329175,High,Data appetite shrinking|Voice declining → data migration|Roaming increasing,0.8339641825368922,4.278445625012599,5.958942612478116,3.816712469329175,5.877566143736988,-0.2317176442524811,-13.070251451450764,0.2081252941353942,0.0
SUB00950,1,Underutilized / overspending,0.27178458438097725,3.8668133328814407,High,,4.237037732002598,0.27178458438097725,3.8668133328814407,5.416290003408251,4.907621036473981,-0.02506232964952748,2.1670408170735174,-0.02655493866134842,-0.02578911645207305
SUB00951,3,Light / occasional user,0.9196776186873008,3.69322443218006,High,Data appetite shrinking|Voice declining → data migration,3.69322443218006,5.275132613300698,5.5519631827044496,0.9196776186873008,5.718327146591423,-0.5404606605227112,-2.572455790854594,-0.04317295193091791,-0.0013186907551272756
SUB00952,2,Streaming & data-heavy,2.37324779111257,3.7521210360436013,High,Data appetite shrinking,6.381633604741384,3.7521210360436013,2.37324779111257,6.529332553049115,5.710718439796442,-0.819714111949952,6.8486070535403885,-0.2634288232607926,-0.0024797773883557545
SUB00953,3,Light / occasional user,1.0970935468060357,3.9905822549731473,High,Data appetite growing|Voice declining → data migration,3.9905822549731473,5.652607759992044,5.801264070498711,1.0970935468060357,6.087030644854055,0.37090530452343623,-2.4495595062132858,-0.012067288579622231,0.0
SUB00954,2,Streaming & data-heavy,1.3221290549764353,3.6711413323862314,High,Data appetite growing|Voice declining → data migration,5.22670922241261,3.6711413323862314,1.3221290549764353,4.566385603798167,5.774014206424183,1.5678329690415196,-5.141609056125069,0.006351906560728627,0.007433294664995054
SUB00955,4,Roaming / travel-heavy,0.4550704536988894,4.952044321221229,High,Data appetite shrinking|Voice declining → data migration,5.78742444848105,4.952044321221229,5.720393381853757,5.685252594423004,0.4550704536988894,-0.44471709451325786,-1.3330015366536991,-0.18706182218245784,0.0020921196220182016
SUB00956,0,Voice-centric,1.314043328069192,4.000952883139574,High,Data appetite shrinking,1.314043328069192,4.402516114524846,6.1062412234236385,4.000952883139574,6.070880647335238,-0.551112717427004,16.556866305680824,0.03906979567211664,0.0
SUB00957,1,Underutilized / overspending,0.43433172845368917,3.6787763652429657,High,Data appetite shrinking,4.017086274926737,0.43433172845368917,3.6787763652429657,5.109616900371019,4.8068464529712225,-0.4246299433672024,3.152705328482031,-0.02110316108577823,0.0101017201537578
SUB00958,3,Light / occasional user,1.4949771406640753,3.7425701776087803,High,Data appetite growing,3.7425701776087803,5.272892096607208,5.610968279766767,1.4949771406640753,5.749506965765819,0.614478682049848,2.859387877030134,0.1334260387544864,-0.022126132982246884
SUB00959,2,Streaming & data-heavy,1.4746216671030699,3.7878100972849342,High,Data appetite growing|Voice declining → data migration,6.4447721263601165,3.7878100972849342,1.4746216671030699,6.548571794300435,5.651890408087927,0.514478831401848,-12.028485008570017,-0.1580396887950367,0.03284066044835514
SUB00960,3,Light / occasional user,0.9687495071234502,4.047330456065835,High,,4.047330456065835,5.719105013311287,5.84145879968089,0.9687495071234502,6.020378594066155,-0.13126977952023053,0.8419678032694973,0.031150798956284677,0.0
SUB00961,2,Streaming & data-heavy,1.5798545630286625,4.475174286993475,High,Data appetite growing,5.769537795810959,4.475174286993475,1.5798545630286625,5.021850407720473,6.231544703103399,0.2628927076529629,6.119799250881333,0.11682538903511246,0.021215104544391513
SUB00962,4,Roaming / travel-heavy,0.7791531616944474,4.5257279398567105,High,Data appetite growing,5.462897272085291,4.5257279398567105,5.339442345350323,5.366287490694305,0.7791531616944474,0.3593587383358821,2.473711640217983,-0.2181918661390204,-0.04556860952693524
SUB00963,0,Voice-centric,0.44405757816948144,3.5654773774963835,High,Data appetite growing|Roaming increasing,0.44405757816948144,4.0860467542757775,5.7385822816876075,3.5654773774963835,5.686799737699797,0.3731640464684879,22.224994539752394,0.23024948300935444,0.0
SUB00964,1,Underutilized / overspending,0.5466483409984357,3.8084249109651616,High,Data appetite growing,4.08908346303465,0.5466483409984357,3.8084249109651616,5.335549868623293,4.813933091163757,0.21644572451462885,2.080508537122107,-0.030771430954246896,0.029047546257429516
SUB00965,3,Light / occasional user,0.7381782229201588,3.5634983864150738,High,Data appetite growing,3.5634983864150738,5.202566928475095,5.53484680749625,0.7381782229201588,5.732100977218742,0.15423211748212773,1.6166826595118802,-0.06908545124171012,0.015999822228680727
SUB00966,2,Streaming & data-heavy,1.3794646623218902,3.759899575959009,High,Data appetite growing|Voice declining → data migration,6.41178939250684,3.759899575959009,1.3794646623218902,6.485033242953763,5.3269278921234395,1.2661551384783436,-4.986376852973885,0.11382536770861154,-0.017094722407410362
SUB00967,3,Light / occasional user,1.4050260108161186,4.016170230143405,High,,4.016170230143405,5.603083716554762,5.896527264862336,1.4050260108161186,6.0557198509113555,-0.08148545717390238,3.216107321867197,0.004793051318253161,0.0
SUB00968,2,Streaming & data-heavy,1.9904148610202277,4.059908654854369,High,Data appetite shrinking|Voice declining → data migration,5.344353014224673,4.059908654854369,1.9904148610202277,4.677004415311314,5.986513878056692,-0.8894905334306226,-0.3209502106681686,0.02319102408918764,0.01123557947267959
SUB00969,4,Roaming / travel-heavy,0.8409922440808545,4.78680203837992,High,Data appetite growing,5.796322747841982,4.78680203837992,5.599387922481764,5.803607755036182,0.8409922440808545,0.5844645442204284,3.200304447101071,-0.06318600421736542,0.01742946003360663
SUB00970,0,Voice-centric,1.6694535174935246,4.084548201502124,High,Data appetite shrinking,1.6694535174935246,4.497945455815073,6.064486720945114,4.084548201502124,6.101724569917738,-0.15844946267611082,1.5621611975197962,-0.042227223039067084,0.0
SUB00971,1,Underutilized / overspending,0.4469081246066947,3.311038838713177,High,Data appetite growing|Voice declining → data migration,4.194156080700232,0.4469081246066947,3.311038838713177,5.278233313956336,4.809979370494686,0.983024246089114,-1.851420611502714,0.03425980949759128,0.012076506172576605
SUB00972,3,Light / occasional user,0.8592776529231048,3.6218256448398285,High,Data appetite growing,3.6218256448398285,5.26385777951779,5.586706133905589,0.8592776529231048,5.821418252205752,0.35613868653466735,-0.14760502431498587,0.00760356183935507,0.0068223019255066655
SUB00973,2,Streaming & data-heavy,1.2946513176475043,3.6857189970177533,High,Data appetite growing|Voice declining → data migration,6.260425064027356,3.6857189970177533,1.2946513176475043,6.3350176020531626,5.3482374788069125,0.28763502581346384,-6.07529479879841,-0.0469367112984792,0.013547209447497701
SUB00974,3,Light / occasional user,1.829204565432292,4.3417864188567865,High,Data appetite growing|Voice declining → data migration,4.3417864188567865,5.88451524209975,6.025615085905764,1.829204565432292,6.238862370392848,0.17189945801075562,-0.9242851669372372,-0.0008092412035879782,0.0
SUB00975,2,Streaming & data-heavy,1.412494784677577,4.554483433010536,High,Data appetite growing|Voice declining → data migration,6.1398403427867665,4.554483433010536,1.412494784677577,5.513336798268146,6.487752379910081,0.6936392791944421,-11.85467047957719,-0.10724446120517048,0.05318400657091755
SUB00976,4,Roaming / travel-heavy,1.1588024774286843,4.6993966356282,High,Data appetite shrinking,5.663919854122453,4.6993966356282,5.754890419077818,5.723059210472096,1.1588024774286843,-0.9730345464649232,5.475216699311201,-0.10532825974164105,-0.0006043025635871111
SUB00977,0,Voice-centric,0.9460755811079038,3.953762393992297,High,,0.9460755811079038,4.245176411686595,5.989929526548249,3.953762393992297,5.872995119732571,0.08447685840254267,2.96355801428696,-0.028802344586373724,0.0
SUB00978,1,Underutilized / overspending,0.5992060989743945,3.689633266322299,High,Data appetite growing,4.333320925449427,0.5992060989743945,3.689633266322299,5.480866416771105,4.862955439404403,0.5294458479160589,21.26630708035511,-0.03901694110042147,0.0032155993932637935
SUB00979,3,Light / occasional user,0.8420151840501094,3.5966306965467854,High,Data appetite growing|Voice declining → data migration,3.5966306965467854,5.209639447846922,5.520900382113011,0.8420151840501094,5.749247672734812,0.24555063026171545,-3.4731132239478955,0.03703162798456242,-0.02230784447887028
SUB00980,2,Streaming & data-heavy,1.8070562173141569,4.026483709381055,High,,6.63684957860506,4.026483709381055,1.8070562173141569,6.763316618644408,5.574339145022136,-0.09480489605401142,1.1017101674627243,0.030625415503014928,-0.0503761744617219
SUB00981,3,Light / occasional user,1.8551121565742499,4.235238432343485,High,Data appetite growing,4.235238432343485,5.874204222067068,6.003855674425507,1.8551121565742499,6.204852279078939,0.15100977732452806,1.151076192846831,0.08859970229863999,0.0
SUB00982,2,Streaming & data-heavy,1.2808313996348508,4.370488729197934,High,Data appetite growing,5.963859819998744,4.370488729197934,1.2808313996348508,5.318542996061996,6.321706945680311,0.7377226388154637,7.403155028790177,-0.027897273018541384,7.864547190402526e-06
SUB00983,4,Roaming / travel-heavy,0.34092254465303273,4.710764983557555,High,Voice declining → data migration,5.735491498180862,4.710764983557555,5.600416140889917,5.724251635645743,0.34092254465303273,0.08232149607002885,-3.5847209613799667,-0.17083452674013472,0.018758231454895906
SUB00984,0,Voice-centric,2.6486960448967825,4.614709465988493,High,Data appetite shrinking|Voice declining → data migration,2.6486960448967825,4.961904164049633,6.47656092150167,4.614709465988493,6.4750567078876475,-0.46750295742024034,-22.66846170516438,-0.0641181888851014,0.0
SUB00985,1,Underutilized / overspending,1.8885309821893523,4.120014115352872,High,Data appetite growing|Voice declining → data migration,4.5799682946383005,1.8885309821893523,4.120014115352872,5.625455771570633,5.2386663316391235,0.46477067266953176,-13.55747381430673,-0.06196031122760133,0.02642202268889195
SUB00986,3,Light / occasional user,0.516000100408585,3.539705009507688,High,Voice declining → data migration,3.539705009507688,5.133315736558253,5.507914839200727,0.516000100408585,5.694835778653236,0.06673178201022156,-4.196444748737866,0.0033056732996399668,-0.0015038249740054151
SUB00987,2,Streaming & data-heavy,1.578482213717515,3.2142527011477764,High,Voice declining → data migration,6.010818347477295,3.2142527011477764,1.578482213717515,6.195502716973866,5.083494965523707,0.005410704399864511,-4.580628824348961,0.1708769175853333,0.01239977656986498
SUB00988,3,Light / occasional user,0.5490262948471519,3.8537511093203323,High,Data appetite shrinking,3.8537511093203323,5.550518570606502,5.76925662941647,0.5490262948471519,5.979191019961434,-0.16007390095789112,3.1950215294736326,-0.01197955792858235,0.0
SUB00989,2,Streaming & data-heavy,1.523327224704142,4.03055059435336,High,Data appetite growing,5.408097993509985,4.03055059435336,1.523327224704142,4.713254665839984,5.926124062229004,0.31010205416142494,3.0212599297140583,0.02251074047656218,-0.03703009953844606
SUB00990,4,Roaming / travel-heavy,0.27789615407681245,4.8389368408105025,High,Data appetite growing,5.873534329269616,4.8389368408105025,5.534930158144424,5.781524101883352,0.27789615407681245,0.3591656886547986,1.0470552525330625,0.047476787033073266,-0.02673382325438043
SUB00991,0,Voice-centric,0.29590559310050246,3.7841549663021983,High,Data appetite shrinking|Voice declining → data migration,0.29590559310050246,4.1222126502101295,5.882976224630846,3.7841549663021983,5.790869720085336,-0.6205507465784326,-17.71749194551936,-0.05805197782416124,0.0
SUB00992,1,Underutilized / overspending,0.5219343029580074,3.873051347416035,High,Data appetite growing|Voice declining → data migration,4.09377208707101,0.5219343029580074,3.873051347416035,5.332036917571135,4.791756419629681,0.4896607569750102,-1.824380171802454,0.09672760983772824,-0.012966194456257582
SUB00993,3,Light / occasional user,0.6546374374085604,3.567668578492099,High,,3.567668578492099,5.185036939147104,5.505821333227823,0.6546374374085604,5.751670042408117,0.02102241036409776,2.0122818029426783,-0.12211423640791853,-0.00508796015977653
SUB00994,2,Streaming & data-heavy,2.1519731764209697,4.2739953214662405,High,Data appetite growing|Voice declining → data migration,6.83219092055026,4.2739953214662405,2.1519731764209697,6.951017262030373,5.996242895522548,1.0190899214093292,-2.335747415801863,-0.10421045192672183,0.008331133341252645
SUB00995,3,Light / occasional user,1.249865283237304,4.062612806125109,High,Voice declining → data migration,4.062612806125109,5.675246517160896,5.856017397590157,1.249865283237304,6.068163936542839,-0.05265194605596784,-1.976901707223345,-0.03322331363227082,0.0
SUB00996,2,Streaming & data-heavy,3.428903427147093,5.15704045476053,High,Data appetite growing|Voice declining → data migration,6.182150824725831,5.15704045476053,3.428903427147093,5.392856676099953,6.679451583287352,0.8168961682935639,-1.771662036522923,-0.038761041998977674,-0.007266843483548975
SUB00997,4,Roaming / travel-heavy,0.522405320930286,4.714589250899656,High,Data appetite growing|Voice declining → data migration,5.764290710805085,4.714589250899656,5.46539561151915,5.769180892154636,0.522405320930286,1.3449974878030748,-3.4358850142422317,-0.11044153641738189,0.03207744625922125
SUB00998,0,Voice-centric,0.8687195004884598,3.7316980924886,High,Data appetite shrinking,0.8687195004884598,4.203727255162157,5.832326445689698,3.7316980924886,5.735266074465357,-0.18822832395011127,10.237114443237976,0.09301903418475363,0.0
SUB00999,1,Underutilized / overspending,1.249474633745597,3.600442653490859,High,Data appetite growing|Voice declining → data migration,4.133583579722452,1.249474633745597,3.600442653490859,5.203267460555902,5.1102615986715,0.6879013699348642,-13.614294027136964,-0.05328263333673712,-0.0016738173864033815
SUB01000,3,Light / occasional user,1.0283230156744567,3.6215987728450334,High,Data appetite growing|Voice declining → data migration,3.6215987728450334,5.146872114254838,5.502693581333425,1.0283230156744567,5.721509239867497,0.6769824086099583,-2.3769440903687973,-0.10810318375328079,0.015391784653329514
