subscriber_id,data_gb_mean,voice_min_mean,sms_count_mean,roaming_days_mean,countries_visited_mean,night_usage_ratio_mean,weekend_usage_ratio_mean,avg_session_mb_mean,active_days_mean,plan_tier_mean,lines_total_mean,lines_active_mean,data_trend,voice_trend,roaming_trend,lines_trend,active_line_ratio,roaming_days_ratio,roaming_intensity,data_per_active_line,pct_idle_lines,sms_per_gb,voice_per_active_day,data_per_active_day,session_intensity,evening_peak_share,weekend_share,plan_usage_gap,device_smartphone_share
SUB00001,3.969023624356588,49.76709046837561,17.12726247962034,0.6898057306776689,0.23507594696430942,0.34709675448547794,0.4469387153953652,23.670407179026483,14.60597661422459,1.0,1.0,1.0,0.46580025645790235,0.2778737085749438,0.1048726629852936,0.0,1.0,0.022993524355922296,0.005405224512015347,3.969023624356588,0.0,4.31523319098329,3.407310019920751,0.2717396945912677,93.94840529169589,0.34709675448547794,0.4469387153953652,0.9206195275128682,1.0
SUB00002,111.26180880594681,219.18825302190513,27.751366129549215,0.5636268457774649,0.8367339655454441,0.48229547528424793,0.4434782689472277,616.7929365776428,19.08824090288795,3.5008769833897784,1.6666666666666667,1.283106966346005,0.8107372570234225,5.747570822124259,0.017994238429191078,0.0032849116498798415,0.769864179807603,0.018787561525915496,0.015720190858508287,144.52134769246217,0.23013582019239698,0.24942400656051475,11.482894318917733,5.828814156945887,68625.49778236017,0.48229547528424793,0.4434782689472277,1.2756408072708423,1.0
SUB00003,40.62007735705532,301.3432142153652,48.16390635868245,13.820102825733295,7.239799134801571,0.347337250185945,0.4395836027107709,228.25799273116942,16.575114661693885,2.2735880433335702,1.5,1.2558884976942293,-0.83970130079352,-6.910341864082437,-0.10485512523964027,-0.014142620947679293,0.8372589984628195,0.4606700941911098,3.3351589493537555,48.515545884406706,0.1627410015371805,1.1857167561576993,18.180460308476057,2.4506664470280155,9271.857322106274,0.347337250185945,0.4395836027107709,1.4611864961924637,1.0
SUB00004,8.491548461399196,1570.3812211580605,57.30531284844265,0.9094242397635277,0.8837080393529918,0.3012572954716071,0.4425121553721498,37.23400310775998,21.150699643674674,1.5531549257558794,1.0,1.0,0.11148903356644735,-7.145616186353406,-0.054186457652813734,0.0,1.0,0.030314141325450922,0.02678885039538374,8.491548461399196,0.0,6.748511547562923,74.2472470232302,0.4014783720849006,316.17434180143215,0.3012572954716071,0.4425121553721498,1.3833239565278954,1.0
SUB00005,66.11733526294067,624.5791420898618,97.31071332614432,3.397475205171452,2.6714120522244915,0.4947915925531947,0.3595071551777278,380.90666684642616,17.93400588641627,3.330065061253191,3.5,2.8587541949079793,0.6934104511222737,-2.8276684507691714,-0.0944262717109698,0.01186740623490744,0.8167869128308513,0.11324917350571506,0.30253520700762976,80.9480835506885,0.18321308716914878,1.471788191994601,34.82652710418345,3.6867019940603365,25184.533795774405,0.4947915925531947,0.3595071551777278,2.0077183559943776,1.0
SUB00006,10.739355005331001,119.10233989732251,27.007925691682487,0.7543389809196688,0.6315105065151793,0.305015972388526,0.4269745047633886,55.60387018809282,14.798025858899075,1.0,1.75,0.7143856503186806,0.7731349351453131,1.9357579658753374,-0.016728146264207253,-0.021703895230909265,0.40822037161067465,0.025144632697322294,0.01587909973082414,26.307739035555215,0.5917796283893253,2.5148554711410314,8.048528974944185,0.7257288984173984,597.1497016202699,0.305015972388526,0.4269745047633886,0.78521289989338,1.0
SUB00007,129.8912309206771,416.06273764868865,41.59004058065805,6.126836510895832,2.794446539689049,0.3612624907851198,0.39344360167232817,609.4113711181594,17.509653703148953,4.566871615249342,1.4166666666666667,1.2023403746467192,-0.11665356248629881,3.411591721630256,0.1436503086423575,0.0135498287331455,0.8487108526918017,0.20422788369652775,0.5707039029037796,153.04532810993217,0.15128914730819829,0.3201912884023445,23.761905558067294,7.418263840210463,79157.19313159528,0.3612624907851198,0.39344360167232817,1.9690469968358002,1.0
SUB00008,2.0779038950523616,32.43896793245973,18.07456094756804,0.5860155924488595,0.3037674220917587,0.40222736427591865,0.43751449232943074,10.548238132140723,18.92233625039115,1.0,1.0,1.0,0.1130944498479827,-0.0559693707105123,0.07703013980221579,0.0,1.0,0.01953385308162865,0.005933748194125492,2.0779038950523616,0.0,8.698458571931488,1.7143215036034027,0.10981222760003582,21.918225100715055,0.40222736427591865,0.43751449232943074,0.9584419220989527,1.0
SUB00009,112.80718122526464,216.14539169250077,30.368170442720224,2.0695028378754246,1.0778986796997523,0.4450225679160696,0.42410298267331953,588.9199653350873,19.7060101783868,3.4708012897337426,1.25,1.0856508282278312,0.4252545046566446,-2.750125893197967,0.1953697984476074,0.02708779788506844,0.868520662582265,0.06898342792918082,0.07435714588602702,129.88428034615666,0.13147933741773504,0.2692042307313577,10.96850096675405,5.724506391912328,66434.40125673177,0.4450225679160696,0.42410298267331953,1.2146576652284495,1.0
SUB00010,43.58229920534868,282.18122347715286,49.091136446127365,14.11822238678347,7.326730201568419,0.3495004989711621,0.49910987419585046,204.40317309947645,17.18874590822389,2.4296245023399576,1.5833333333333333,1.225105625769888,0.15029221506000365,-1.4896953081620083,-0.08196795965537029,-0.04693481767823078,0.7737509215388767,0.47060741289278235,3.4480135451235276,56.326006201931115,0.22624907846112333,1.1264007943872454,16.416626610446567,2.5355136109433616,8908.360248544062,0.3495004989711621,0.49910987419585046,1.557978518232984,1.0
SUB00011,3.210446768557901,1503.031793447434,52.22514192074298,1.7718332476617282,0.7441102371091545,0.358171339390808,0.4287928635851243,15.919948120840433,18.1190707149013,1.4263121330973674,1.0,1.0,-0.09758538108590774,-3.3018837303051747,0.12433530725696483,0.0,1.0,0.05906110825539094,0.04394797526784839,3.210446768557901,0.0,16.26725053728331,82.95302872300873,0.1771860609781493,51.11014600016159,0.358171339390808,0.4287928635851243,1.3621031977262095,1.0
SUB00012,65.2021828916078,572.8932688762151,83.90457453472756,3.331631855436156,2.5898038282606604,0.4881150492745317,0.4651472323630028,351.4219387902117,15.480184724076684,3.4262292134596777,3.9166666666666665,2.874582300308194,0.7623454938396863,-0.740036697202773,-0.02062483496370596,-0.012654240004914536,0.7339359064616666,0.1110543951812052,0.28760909778545746,88.83906934864387,0.2660640935383334,1.2868368943139623,37.00816747911161,4.211977056720606,22913.477525122787,0.4881150492745317,0.4651472323630028,2.1221855556275218,1.0
SUB00013,5.960225514812904,115.02711817487825,27.190834449870312,1.7739629809740238,0.5558585496124365,0.3492090644755856,0.40371399717648426,31.011150201593225,20.64414505634127,1.0,1.5,0.7282668759693457,-0.2934612691847639,-1.3571406085359294,0.08968354225526379,0.012925040632651562,0.48551125064623046,0.05913209936580079,0.032869082989012505,12.276184139666505,0.5144887493537695,4.5620479262560005,5.571900306888482,0.28871263491641175,184.83344867523127,0.3492090644755856,0.40371399717648426,0.8807954897037419,1.0
SUB00014,122.18374310238188,434.3184712493109,43.60758017959714,5.407366495608502,3.1507029561991544,0.44580599793460496,0.40548709549489886,581.3516019104478,18.140197688310632,4.504685123125135,1.5,1.2316112135012165,-0.27922785495008967,11.40761265642119,-0.02433450666332086,0.03145236636311373,0.8210741423341443,0.18024554985361674,0.5679001867655323,148.80963460259352,0.17892585766585567,0.3569016554277346,23.94232294001854,6.735524342224556,71031.71477998434,0.44580599793460496,0.40548709549489886,2.0610102610774974,1.0
SUB00015,5.3952405248609905,36.649726098533904,15.287046166948585,0.3003072546778101,0.2673439733252379,0.3711158856736003,0.45995845133486996,25.956144283966832,19.381030793957724,1.0,1.0,1.0,0.651574237633806,2.3555867265232098,-0.016783612862125236,0.0,1.0,0.01001024182259367,0.002676177822798663,5.3952405248609905,0.0,2.8334318176375386,1.8910101577239076,0.278377377458325,140.0396415099968,0.3711158856736003,0.45995845133486996,0.8920951895027802,1.0
SUB00016,110.82809076309489,249.6293579671977,24.404798393312863,1.2912053549194877,0.8974872343849766,0.4158457810265161,0.38030052520437224,544.1107874628718,15.925137093855064,3.4520647485523663,1.5,1.1236512789612216,0.8107201470333583,5.230492334842831,0.05655577823792815,0.025806583881697452,0.7491008526408144,0.043040178497316256,0.038628010766992106,147.94815727734291,0.25089914735918556,0.2202040856724703,15.675177958971586,6.959317845110386,60302.75973811419,0.4158457810265161,0.38030052520437224,1.2355029332904683,1.0
SUB00017,36.055947175996685,269.2927998990302,52.69713780785711,13.225691503664876,7.285075544002988,0.3634574432615483,0.4562171358377128,179.2189928774233,15.425226048027591,2.4641304446561345,1.5,1.3007904648032267,-0.6644896411771141,-7.206637337429215,-0.003997764990819123,0.0023100413049108783,0.8671936432021511,0.4408563834554959,3.2116720575292366,41.577734637051186,0.13280635679784888,1.4615380245214822,17.457948367211408,2.337466372533784,6461.9105401237,0.3634574432615483,0.4562171358377128,1.7430115011362008,1.0
SUB00018,2.5912314179254228,1484.871534446722,56.53259014229153,2.471639705825307,0.7253136578275705,0.3416520383077197,0.41771435232215354,12.714932162252062,16.30588168896391,1.6520929710212495,1.0,1.0,-0.7612102926269139,-2.0561959811065837,0.21152926088559848,0.0,1.0,0.08238799019417689,0.05975713452880045,2.5912314179254228,0.0,21.81688202420467,91.06355380044904,0.15891391016771642,32.94733169561797,0.3416520383077197,0.41771435232215354,1.600268342662741,1.0
SUB00019,64.5111849532502,684.7379756562419,99.05614069765046,4.423833721047785,2.3793088142554852,0.44463921302401815,0.4213532945046799,313.94638593383803,18.535703172118875,3.5843589301162417,3.8333333333333335,2.87880059291772,-0.16126648875590982,-2.4624365175059792,0.10655263179805773,0.013442126066209042,0.7509914590220138,0.14746112403492617,0.35085555217632125,85.90135637129687,0.24900854097798616,1.5354878501989109,36.94156996893511,3.480374300031247,20253.05336838229,0.44463921302401815,0.4213532945046799,2.294135231051238,1.0
SUB00020,9.115027287612492,106.86762112797999,28.942281181038137,0.4375483007815724,0.5583088970638194,0.3824012075842398,0.3855447384932875,50.49706267169561,17.800153287087788,1.0,1.4166666666666667,0.7879853026100686,0.6290374012373474,1.020594828952486,-0.06773742519560422,-0.01659245609912208,0.5562249194894602,0.014584943359385748,0.008142903640716933,16.387304790261577,0.4437750805105398,3.1752270473585185,6.003747237699444,0.512075774888103,460.2821041967836,0.3824012075842398,0.3855447384932875,0.8176994542477501,1.0
SUB00021,123.35200294517979,419.59369733917265,42.089635591888815,4.414398201056003,2.832774174183287,0.41410878157221304,0.45018932529062994,636.8406809193112,17.911821611021477,4.494690796123086,1.5833333333333333,1.2138435993435106,-0.7866184275562952,3.1906107562171964,-0.22290881309759547,0.030481172399705478,0.7666380627432698,0.14714660670186677,0.41683310728375356,160.89991997499823,0.2333619372567301,0.341215664009885,23.425517875914355,6.8866252480584675,78555.57354836918,0.41410878157221304,0.45018932529062994,2.0276507372194903,1.0
SUB00022,5.379202400589162,61.85190172493325,14.78937553895017,0.036644168431565045,0.2530244596185252,0.34888546431715883,0.44725462616621964,22.709487845539986,17.25702998577815,1.0,1.0,1.0,0.7297742323173161,-1.5497932287218272,-0.013005964269443974,0.0,1.0,0.0012214722810521682,0.00030906236385223223,5.379202400589162,0.0,2.749362161448015,3.5841568204903504,0.31171078714137174,122.15893153487909,0.34888546431715883,0.44725462616621964,0.8924159519882168,1.0
SUB00023,107.33403336178331,230.89387409403773,26.643065456653392,1.7143262278916953,0.7644371432417612,0.37216751007857146,0.39312451583512126,538.3701949085531,17.257807826466458,3.5180842322188037,1.5833333333333333,1.350831223068413,-0.6494154452898558,-2.802788238966732,0.20566995317177403,-0.0158182113790682,0.8531565619379451,0.05714420759638984,0.0436831548077984,125.80813200097067,0.14684343806205494,0.2482256989900815,13.379096372827865,6.219447709759322,57785.444461304425,0.37216751007857146,0.39312451583512126,1.3714035649831375,1.0
SUB00024,37.492495337128425,316.9059608712536,45.08707089716241,12.977773951546402,6.543952772776475,0.2906569945645549,0.43461321113998236,206.51539440704187,17.916753883973676,2.3577345609705067,1.6666666666666667,1.4051259264067877,-1.601593513341185,-8.376601054062643,0.10153954064538318,-0.05937246285168084,0.8430755558440726,0.43259246505154675,2.8308646611562795,44.47109761068994,0.15692444415592743,1.2025625526320507,17.687688457601812,2.0925942042807777,7742.777461851255,0.2906569945645549,0.43461321113998236,1.6078846542279384,1.0
SUB00025,3.9950147375192793,1488.5495391201075,56.867554553956886,1.1215626862082342,0.7697734782554909,0.40068873048554404,0.41705162472308555,19.766575173214356,17.229792660742554,1.3557555435332853,1.0,1.0,-0.35379123432696574,15.802443078629198,-0.1754763031589589,0.0,1.0,0.037385422873607806,0.02877830700146947,3.9950147375192793,0.0,14.234629479557071,86.39393220974229,0.23186667513543402,78.96775912727405,0.40068873048554404,0.41705162472308555,1.2758552487828998,1.0
SUB00026,69.90780022783126,622.8124245041491,87.25069711979977,2.8092689826406008,2.399004427721482,0.46599276668162326,0.38200637182664193,336.74137250603354,19.59549161195063,3.600285666100156,4.0,2.8726242511177937,0.600773692166495,-4.063175781038008,-0.09210385575819693,0.02109903753498802,0.7181560627794484,0.09364229942135335,0.22464829093384747,97.34346592754521,0.28184393722055157,1.2480824290772643,31.78345493125147,3.567545107426488,23540.8485975975,0.46599276668162326,0.38200637182664193,2.2021296615435304,1.0
SUB00027,4.716321688433763,115.80913286033825,32.10579491903242,0.762063913021831,0.4882553353285552,0.3412736435578044,0.39344224866037664,26.352064358407926,16.37818697303923,1.0,1.5833333333333333,0.6907133847896203,-0.3684523163864767,-0.0823027506524345,-0.15567000136033474,-0.018332009136108107,0.4362400324987076,0.025402130434061032,0.012402725713142167,10.811299599029201,0.5637599675012924,6.807380208557061,7.0709372808465405,0.2879636003788138,124.28481266856166,0.3412736435578044,0.39344224866037664,0.9056735662313248,1.0
SUB00028,126.02702975196023,408.481130370587,42.86160533589802,4.135221550957198,3.0011783502059703,0.4307350190035657,0.4350783302597341,734.9424473109651,17.88233735973765,4.3208194027730435,1.5,1.2073298122019713,-0.9574062103970595,-5.717967339290643,-0.013155740380830831,0.014075166470687009,0.8048865414679809,0.13784071836523992,0.41368457973459655,156.57738483501987,0.1951134585320191,0.34009851236084815,22.842714694013566,7.047570304523611,92622.61367323746,0.4307350190035657,0.4350783302597341,1.800278807733839,1.0
SUB00029,4.935814146233243,67.47562860756263,15.186251250932976,0.8971823713266392,0.22376232954022998,0.31659125096997115,0.42130857676577493,26.691740394363105,16.013101355437914,1.0,1.0,1.0,0.684669633813524,0.7435455503820612,0.12382878129331612,0.0,1.0,0.02990607904422131,0.006691853914349215,4.935814146233243,0.0,3.0767469764886375,4.213776401574356,0.30823598981074846,131.74546982608268,0.31659125096997115,0.42130857676577493,0.9012837170753352,1.0
SUB00030,111.23557181350647,224.0094799231599,29.659487100273576,0.37177785201968677,0.7542821597365995,0.41380295244794835,0.3904033637925888,477.8901543621777,18.769655229501833,3.66442760144454,1.5833333333333333,1.2996983312546067,0.3818644121590641,0.46712503143337275,-0.07203443882693086,0.04850223558480399,0.8208621039502779,0.012392595067322893,0.009347513372121441,135.51066772141345,0.17913789604972208,0.26663671177058,11.934661408754355,5.926351360927943,53158.384584521715,0.41380295244794835,0.3904033637925888,1.4397161651744104,1.0
SUB00031,38.23321525718593,285.26803391607433,46.70794855757083,13.150820199840252,7.18400124949207,0.36295984226269984,0.4333179533485225,207.9084475970267,18.425058568717173,2.574808744892306,1.4166666666666667,1.3027287806770078,-1.2465629156443974,1.366646619636041,0.11548300089075077,-0.03712099089375639,0.919573256948476,0.43836067332800843,3.149183624916598,41.577128269323026,0.08042674305152395,1.2216589225723586,15.482612055324166,2.0750661450867716,7949.008430764484,0.36295984226269984,0.4333179533485225,1.8101444397485875,1.0
SUB00032,4.0895229367191615,1531.2861331365232,63.53269107899799,1.4307586632074882,0.7668623729266263,0.3580148999622266,0.46433025146467877,15.471851812449264,18.009552647341966,1.371611409903049,1.0,1.0,0.14848871559387286,1.9853892406236355,-0.010679512005329425,0.0,1.0,0.04769195544024961,0.036573166118420736,4.0895229367191615,0.0,15.535477380148254,85.02632814494291,0.22707520929581418,63.272492860531194,0.3580148999622266,0.46433025146467877,1.2898209511686658,1.0
SUB00033,68.00657282012178,612.6995617828147,87.81024191867418,3.462203897554177,2.158338839734182,0.43688558683309003,0.40942656372841024,318.1589787674116,16.586150505005442,3.418832561321192,3.5833333333333335,2.9901079323767807,0.8187884994821207,-6.808379681677683,0.1799577497055263,-0.0008568362856482346,0.8344487253144504,0.11540679658513923,0.24908697143900815,81.49880364967235,0.1655512746855496,1.2912022805638708,36.94043181375398,4.1002023223893005,21636.901757921554,0.43688558683309003,0.40942656372841024,2.0587011049187565,1.0
SUB00034,4.731103753050735,103.4449891793724,33.35129604881354,1.4574276450630705,0.5200896865971985,0.27918285356522193,0.48937115343027854,25.08705096047663,17.461165231322187,1.0,1.3333333333333333,0.7147205982278977,-0.25479871596649223,1.4363581234355705,0.09338031277535262,0.0023946581260397607,0.5360404486709233,0.04858092150210235,0.02526643623863151,8.82602006020477,0.4639595513290767,7.049368982303079,5.924289004138779,0.27095005919559056,118.68944095208603,0.27918285356522193,0.48937115343027854,0.9053779249389853,1.0
SUB00035,126.24062374068298,458.45224219799985,40.40105518911352,5.095098399025884,3.2015378370120167,0.45128348476782604,0.4277937324500664,830.6346505074398,20.276907160044093,4.4364163153003595,1.5,1.3125682439537927,1.4195534938701835,-5.43845411213919,0.0181211246753166,0.0009516141576245325,0.8750454959691951,0.16983661330086278,0.5437383435926905,144.2674973155077,0.12495450403080488,0.3200321258876485,22.6095744572617,6.225832309842684,104859.83638068341,0.45128348476782604,0.4277937324500664,1.9116038404867002,1.0
SUB00036,0.5528361287468703,34.2896435389517,16.249657383790876,0.08196582378141906,0.21108360942200424,0.30376830982890873,0.40029348773912443,3.4406175320238197,21.851590913313228,1.0,1.0,1.0,-0.10951542623610806,0.23975277692484984,-0.021193925485060185,0.0,1.0,0.0027321941260473022,0.000576721397767663,0.5528361287468703,0.0,29.393262377088934,1.5692058154933015,0.02529958257684804,1.9020976769026594,0.30376830982890873,0.40029348773912443,0.9889432774250626,1.0
SUB00037,107.68357293841213,210.63355016261164,27.92750403216236,0.6730137400212111,0.9293936051830638,0.4761869095858555,0.4367968946121798,533.6980275134773,20.127343809196418,3.5886950394712063,1.6666666666666667,1.3558828205550348,0.6605928578354542,5.866564163464197,-0.02940283810155266,0.01571819169156246,0.8135296923330209,0.02243379133404037,0.020849822205868354,132.36587914769254,0.18647030766697914,0.2593478584531648,10.46504457614376,5.350113455567358,57470.51047283422,0.4761869095858555,0.4367968946121798,1.4350235807029637,1.0
SUB00038,39.604712541206226,296.82416553263664,46.977381862347066,12.835634831505262,6.780828183910085,0.3562167414965556,0.46937523164998757,209.30369661080195,16.451728026922112,2.434375870526231,1.3333333333333333,1.2179336579723528,0.15935979920410268,5.171894062144496,0.09788684492819075,-0.04369992778387254,0.9134502434792646,0.4278544943835087,2.901207814128295,43.35727405398109,0.08654975652073538,1.1861563649394005,18.042126945382545,2.407328426314601,8289.41273808265,0.3562167414965556,0.46937523164998757,1.6422816197021062,1.0
SUB00039,8.478827779927881,1444.8928945721336,61.54528427089826,1.3421340253321992,0.8709563115418164,0.35167277865069807,0.40107984726335766,43.29702728417257,16.66371908409846,1.4372046570538686,1.0,1.0,0.8799808695240173,19.039506922568403,-0.15077790953858078,0.0,1.0,0.044737800844406636,0.03896467000993677,8.478827779927881,0.0,7.258702012629126,86.70890857437334,0.5088196540722352,367.10803772533785,0.35167277865069807,0.40107984726335766,1.267628101455311,1.0
SUB00040,67.71588212276582,589.8895172134888,97.85845276254271,3.1240284558872546,2.1280351404106965,0.4269629124326159,0.4570667494969772,361.7041307420691,14.09366312178014,3.5904670370022806,4.0,3.1559126105054767,0.4438619127216193,4.460987172923956,-0.14535179602741038,0.004786089412250455,0.7889781526263692,0.10413428186290849,0.2216014111257015,85.82732221082622,0.21102184737363083,1.4451329539668372,41.8549465895692,4.804704180712159,24493.114280647427,0.4269629124326159,0.4570667494969772,2.236149394546964,1.0
SUB00041,4.593097040057661,104.66066616204809,27.460950697499246,0.44835224735508444,0.583481710458583,0.3323350730260751,0.48709616103561215,17.52118729541213,17.361227240280407,1.0,1.5,0.7674001320894202,0.2662008353792429,2.056169832785578,-0.09284862896402152,0.013995465870055675,0.5116000880596134,0.014945074911836147,0.008720177872489812,8.977905100599704,0.48839991194038657,5.978743853657946,6.028414046630362,0.2645606198507126,80.47651350485336,0.3323350730260751,0.48709616103561215,0.9081380591988468,1.0
SUB00042,124.22702592466563,420.1022809567009,40.62808332650859,4.937860212333202,2.999259033090459,0.420151606394959,0.4047262473144373,620.8690561484094,20.631313645168003,4.600228558109434,1.4166666666666667,1.1679299251460156,0.4386302426180343,9.45814095323052,0.0964352106935865,-0.011889660043812627,0.8244211236324815,0.16459534041110674,0.493664061532611,150.68394339207248,0.17557887636751845,0.3270470577887494,20.362362192825845,6.021285317125721,77128.71633397114,0.420151606394959,0.4047262473144373,2.115688039616121,1.0
SUB00043,1.414559672208357,29.44171848441556,15.527144508132364,1.1326375713317305,0.28311340384889017,0.42168516253366634,0.3953745168154794,6.84886487874853,17.100081022910246,1.0,1.0,1.0,0.05830543732708257,-0.7892499780250108,0.12502101372789282,0.0,1.0,0.037754585711057685,0.010688829271562212,1.414559672208357,0.0,10.976662782908248,1.7217297651964518,0.08272239589468416,9.68812805788185,0.42168516253366634,0.3953745168154794,0.9717088065558328,1.0
SUB00044,112.45140760304601,227.53547742124945,29.50488282562257,1.5932840915842996,0.7823536689807051,0.513458599731894,0.4607625172168947,520.686942885848,16.656280528410814,3.452795775348827,1.5,1.236964020962669,0.5235775768376829,1.2907349472637903,0.13925870512890134,0.05699916220373303,0.8246426806417794,0.05310946971947665,0.04155038849265222,136.363797609324,0.1753573193582206,0.2623789550929851,13.660641523966861,6.751291647089896,58551.97964804043,0.513458599731894,0.4607625172168947,1.2037676232879067,1.0
SUB00045,36.679144899241315,298.93504987775606,44.619769956942356,13.277766338088462,7.117427125506552,0.40647981223339374,0.46132557396753326,163.94511971846302,17.719994867806463,2.4143330793968123,1.5833333333333333,1.2628746714978543,-0.6586093865285694,4.978081863670349,0.018444981258630002,0.004789555279283995,0.7976050556828553,0.4425922112696154,3.1501178100282874,45.98660030789188,0.20239494431714464,1.2164888270845509,16.869928693989564,2.06992976989399,6013.36680167697,0.40647981223339374,0.46132557396753326,1.680750181411986,1.0
SUB00046,3.674040819557091,1456.6500037276062,63.79207342439246,1.886463598039364,0.6134352960462733,0.3272523202315378,0.4270691841755349,17.69042922179725,17.745740508610506,1.4281142217378948,1.0,1.0,-0.45901030235083645,14.265970711601327,-0.05927016105566561,0.0,1.0,0.06288211993464547,0.03857411185812651,3.674040819557091,0.0,17.36291907395919,82.08448686719031,0.2070378983494315,64.99535907636867,0.3272523202315378,0.4270691841755349,1.354633405346753,1.0
SUB00047,64.25909037255664,588.7930045147398,87.07027414558299,3.0963194585579052,2.615909908788858,0.5048924242545687,0.4196563487541816,331.5987156472721,15.34320650605227,3.3873238012193325,4.0,3.003601300519976,-0.2114949972261739,10.728421339792844,-0.05362220637184462,0.00738954508011072,0.750900325129994,0.10321064861859684,0.26998975841391254,85.57605879506346,0.24909967487000595,1.3549876545213033,38.374834118440944,4.188113504645137,21308.231836201772,0.5048924242545687,0.4196563487541816,2.1021419937681998,1.0
SUB00048,8.576715315054381,122.4883671353823,31.642801148807695,1.004030059238247,0.3324591329547082,0.35439989246985726,0.3879806486145996,32.28661654339073,20.489491555269364,1.0,1.4166666666666667,0.8255801769857327,0.5881621397156769,2.1996003364315655,0.0016205734940008308,0.0085749879745749,0.5827624778722819,0.0334676686412749,0.01112663209849373,14.717343069802192,0.4172375221277181,3.6893845704854273,5.9781067189967185,0.4185909294976465,276.9131185789874,0.35439989246985726,0.3879806486145996,0.8284656936989123,1.0
SUB00049,122.6498561244674,419.25792116286493,44.45004511182203,4.390820078816159,2.8299852932750897,0.461830556835022,0.43452445887756047,603.8168304717622,17.69295934041311,4.349051185084219,1.5,1.2119471091149796,-0.303846519377848,-4.57615577111496,0.017156009416513903,0.03376672130488791,0.8079647394099864,0.14636066929387195,0.41419854161555664,151.80100088777644,0.1920352605900136,0.36241416432411694,23.696314058961473,6.932127846149432,74058.04738289355,0.461830556835022,0.43452445887756047,1.896054062594871,1.0
SUB00050,3.891724704881076,52.298107831186776,15.347699566178838,0.13170531926290585,0.31208173507947906,0.38816613293557306,0.4159458743571424,20.188306148406536,15.65840087914551,1.0,1.0,1.0,0.4489485067063695,1.0291482106060639,-0.0173172247183733,0.0,1.0,0.004390177308763528,0.0013700941518254798,3.891724704881076,0.0,3.9436755500535425,3.3399392591129473,0.24853908996954038,78.56732978745625,0.38816613293557306,0.4159458743571424,0.9221655059023784,1.0
SUB00051,111.21835099690095,203.4626965274456,32.94823548557121,0.5747722951271453,0.7721375406593493,0.43620020353517686,0.4023511871256325,537.348821719157,21.041163541200778,3.4924637354858183,1.6666666666666667,1.3254059840680892,-2.168808323943873,-6.32354920972757,-0.09525418479080194,0.010409505787915293,0.7952435904408535,0.01915907650423818,0.01479344221328679,139.85444502010463,0.20475640955914653,0.296248192768919,9.669745502858934,5.285750988966171,59763.049861732354,0.43620020353517686,0.4023511871256325,1.2680967155477991,1.0
SUB00052,41.20319298900202,290.1722985690756,50.90893263611719,12.457075964859223,7.026398043842718,0.36772618475355984,0.4169525516162929,191.45656620871236,18.123005945369265,2.4966668303894193,1.5833333333333333,1.3100386798126284,-0.15953630072667302,10.139350027750197,-0.19710037418605364,-0.010986279868796002,0.8273928504079759,0.41523586549530744,2.9176124730495663,49.79882648089755,0.1726071495920241,1.2355579493488729,16.0112676364938,2.2735297396693803,7888.621846509218,0.36772618475355984,0.4169525516162929,1.672602970609379,1.0
SUB00053,2.949704635121504,1450.652863713287,52.55188105875917,1.0633742657993823,0.6894326536935279,0.4025935670710179,0.4313914899625824,16.238684322170815,14.168942046280613,1.426867587397428,1.0,1.0,-0.368591169093811,10.222758467127075,-0.12869410985049443,0.0,1.0,0.03544580885997941,0.024437498064649166,2.949704635121504,0.0,17.815980770764344,102.3825814923202,0.20818100783296023,47.89932241338215,0.4025935670710179,0.4313914899625824,1.3678734946949977,1.0
SUB00054,66.8738131824211,574.4373095584795,94.77160865847706,2.870306153925471,2.2743502508134394,0.43841109803848166,0.4914999424607747,320.30550575841244,15.764354038927161,3.530432784182532,4.0,2.8736353696691004,0.16679154778019142,3.2840556472029556,-0.21635097680768411,-0.007922441764270734,0.7184088424172751,0.09567687179751569,0.21760271736972508,93.08601068634763,0.2815911575827249,1.4171707002852554,36.43900080777256,4.242090289097071,21420.05055338898,0.43841109803848166,0.4914999424607747,2.1929565205341097,1.0
SUB00055,9.809586992967196,116.8440442044294,28.66056849971852,0.7088344564601908,0.47515871671322674,0.3945209376004224,0.4271818370889902,39.33145050030663,15.352963563458443,1.0,1.4166666666666667,0.6806798892909774,0.9459806919412413,1.4211965384038985,0.040677365647059066,0.02087155061123993,0.48047992185245464,0.023627815215339694,0.011226962356458063,20.416226665928228,0.5195200781475453,2.921689620599337,7.610520517519475,0.6389376847291538,385.825285242341,0.3945209376004224,0.4271818370889902,0.8038082601406561,1.0
SUB00056,122.35222727927983,417.4592006326134,42.92381262267556,5.402606980102594,3.2306812434176884,0.415724604189019,0.40264323434183363,760.850476621064,17.02828869617174,4.471996061816877,1.5833333333333333,1.2987563825462027,-0.58179765052654,0.5214147437508653,0.17229681568707084,0.020591201980118424,0.8202671889765492,0.18008689933675315,0.5818033678724978,149.1614304747935,0.17973281102345087,0.3508216693489212,24.51562855675953,7.1852333174728695,93091.7504410888,0.415724604189019,0.40264323434183363,2.02495151623128,1.0
SUB00057,0.7196093803567639,56.33549180571878,18.364401546831555,0.31808022744838793,0.3009711833552246,0.385944468994621,0.48206691402413765,3.5109833667191706,18.977477367835593,1.0,1.0,1.0,-0.1827966277554993,-1.931108660869558,0.0005958618802049309,0.0,1.0,0.010602674248279598,0.003191099415234677,0.7196093803567639,0.0,25.51995853323501,2.968544802545794,0.03791912731122052,2.526536564967687,0.385944468994621,0.48206691402413765,0.9856078123928648,1.0
SUB00058,112.12499132499458,237.104762293243,30.34985115028586,1.4713966118938908,0.7826856689594871,0.436438444204478,0.41280226946204346,590.2528412498023,18.33759826627441,3.616320395440012,1.5,1.286078098686531,0.5318065841039037,5.374340936277496,0.04508637086959298,-0.016379421420297795,0.857385399124354,0.04904655372979636,0.038388034716163096,130.77548490971228,0.142614600875646,0.27067873800156417,12.929979098152357,6.1144861882599555,66182.09470468748,0.436438444204478,0.41280226946204346,1.3738205689401202,1.0
SUB00059,40.2200928261221,336.7606416323184,49.00401829217788,13.258955044497212,7.115942699238023,0.36089232112712333,0.4112858890141377,221.8330279421523,20.640836872597976,2.5481608284916706,1.5,1.2671670466992797,0.2436894040612701,-5.676812287958566,-0.21514384918907598,-0.018728019983515407,0.8447780311328531,0.44196516814990705,3.1449988116138363,47.61024949025566,0.15522196886714687,1.2183964493575412,16.315261038634997,1.9485689012695424,8922.144975733103,0.36089232112712333,0.4112858890141377,1.7437589719692286,1.0
SUB00060,2.0752579290978805,1398.3900904543618,57.44086972374982,1.9404724464461214,0.7863472796695437,0.3675665604280174,0.4167745126729707,6.599582315721823,16.8329081429025,1.3038875716357603,1.0,1.0,-0.32438417664004504,-5.338327625902587,0.027501606305297428,0.0,1.0,0.06468241488153738,0.05086284098455372,2.0752579290978805,0.0,27.67890627875808,83.07477701314404,0.12328576330839786,13.695835529435865,0.3675665604280174,0.4167745126729707,1.2623824130538026,1.0
SUB00061,67.57013535479093,592.284634395318,85.9593076095962,3.2961924585831777,2.5484493778551913,0.5048544877154221,0.3746344325001776,308.8618427887559,19.108504305503782,3.4736120698349264,3.8333333333333335,2.942274804125374,0.4120435723425567,-9.945524858570998,-0.01354539447573539,0.048109464816345975,0.7675499489022715,0.1098730819527726,0.28000598734557575,88.03353508319277,0.2324500510977285,1.272149406808927,30.99586576353459,3.536128954652346,20869.836523166396,0.5048544877154221,0.3746344325001776,2.122209362739108,1.0
SUB00062,8.316244743592202,118.21073755070277,28.89310156704364,1.4795435444778304,0.5913547287644957,0.30150190117573494,0.3759758172550122,43.35820669640051,16.228466207363223,1.0,1.5,0.7748052956801607,0.10536346981423819,3.3254820410175214,0.19651937968414193,0.007834698893145545,0.5165368637867738,0.049318118149261014,0.0291645023813316,16.100002394069488,0.48346313621322623,3.474296687733515,7.28415957738926,0.5124479810555932,360.57745853052495,0.30150190117573494,0.3759758172550122,0.8336751051281559,1.0
SUB00063,120.0957767825073,433.74463407189745,44.42545613916791,6.328673137411795,3.082311574672877,0.45840837171206483,0.4480883167204161,526.7427217768263,16.956877389057308,4.469146621494854,1.5833333333333333,1.364980352337751,-0.9664178915739902,1.5910783977030079,-0.05740307849359471,0.03484981652594709,0.8620928541080534,0.21095577124705983,0.6502314154588562,139.30724075744942,0.13790714589194666,0.36991688908113846,25.579275247446418,7.082422902934244,63259.57633632008,0.45840837171206483,0.4480883167204161,2.0672310858447083,1.0
SUB00064,0.9468311471101738,45.53287717200872,13.737587946042169,0.12116972501723826,0.2309435871688351,0.328222598456693,0.4008222070434877,4.6181833970459545,18.90996768680417,1.0,1.0,1.0,-0.177858064899062,-1.0198445484236904,-0.017774332606775564,0.0,1.0,0.004038990833907942,0.0009327790317247447,0.9468311471101738,0.0,14.509015665539417,2.4078770480280967,0.050070479378497054,4.37263988339018,0.328222598456693,0.4008222070434877,0.9810633770577966,1.0
SUB00065,110.31209983364215,211.3339804250611,31.02713378814966,1.0771188759408978,0.6923538257742702,0.469882992883047,0.4464295427973068,557.327347537782,18.30882748255622,3.534462741103041,1.5,1.3064510168044412,0.9229472037974576,-0.8704215006340191,0.028258255438106922,-0.02676975050330866,0.8709673445362941,0.035903962531363263,0.024858245819045405,126.65469093146389,0.12903265546370588,0.28126682236074374,11.54273700084891,6.0250772442278056,61479.95000160678,0.469882992883047,0.4464295427973068,1.3282207444301983,1.0
SUB00066,37.37559041637763,289.4357537702966,49.22884418959381,13.21597114212905,7.01814234874627,0.3242269478265569,0.4044397757189336,188.43490453002406,22.207518907954192,2.360547736164851,1.4166666666666667,1.1688496814574416,-1.028683016763584,7.338584907507296,-0.08840949027813015,-0.007571374601189917,0.8250703633817235,0.4405323714043016,3.0917188917461496,45.29988237995357,0.17492963661827654,1.317138903791663,13.033232346663805,1.6830151342566504,7042.8658118634,0.3242269478265569,0.4044397757189336,1.6130359278372983,1.0
SUB00067,4.686454783996762,1577.8341531826775,59.208280199626074,1.5984240331591995,0.6124347578785236,0.32919632640049573,0.40178965630917246,23.159862880327065,17.34215383226666,1.5038216481394888,1.0,1.0,0.15716347690137206,-5.92559742468813,0.23385332890368377,0.0,1.0,0.05328080110530665,0.032631014524502254,4.686454783996762,0.0,12.633916879302806,90.98259469057257,0.27023487562872295,108.5376501922178,0.32919632640049573,0.40178965630917246,1.4100925524595536,1.0
SUB00068,60.691004393608864,615.7676843626789,89.90021456192203,2.6305070059831865,2.648032155082174,0.44676109449437523,0.3956306612385225,318.6784849431463,17.967343208984996,3.436145730966921,4.25,2.95426162873143,-0.9698850031695846,6.205439996214578,-0.20109404157028793,-0.02673215666565153,0.6951203832309246,0.08768356686610622,0.23218890453374716,87.31006291531351,0.3048796167690753,1.4812774225794338,34.27149340892813,3.3778507867128007,19340.917329833108,0.44676109449437523,0.3956306612385225,2.222325643094744,1.0
SUB00069,4.037989393567088,139.63221360318963,31.9343274581208,0.7186004123770058,0.38512802603788215,0.3427656908266293,0.41774748068354356,17.715438126589735,18.27392698607136,1.0,1.3333333333333333,0.7721228609857579,-0.4132258882382231,-1.8100895071963512,-0.1086972900039021,-0.0035679724269510405,0.5790921457393184,0.023953347079233526,0.009225105277625477,6.972965223715556,0.42090785426068156,7.908472347400245,7.6410622473001695,0.22096998618003122,71.53475125756336,0.3427656908266293,0.41774748068354356,0.9192402121286583,1.0
SUB00070,123.98250445654726,421.8254934970896,46.72180785327967,5.808243841091461,2.752199011032861,0.4646376040753442,0.3995289831651505,606.7011126729384,15.351140914785141,4.362623618640174,1.5833333333333333,1.3191401189418583,0.3523113873438471,-1.6438552534509534,0.11335772540554685,-0.04717656184470482,0.8331411277527527,0.19360812803638205,0.5328480985096542,148.8133286505344,0.16685887224724733,0.3768419428053616,27.478445793616352,8.07643582615648,75220.32340576476,0.4646376040753442,0.3995289831651505,1.8829735295092287,1.0
SUB00071,5.370615452023647,40.14892069162055,14.828224650324806,0.055834774183898234,0.2138313555936795,0.3137555216129125,0.4448974007613935,32.12351936246199,16.545670571224772,1.0,1.0,1.0,0.6406137292137882,2.0404275181294853,-0.022991229750856566,0.0,1.0,0.0018611591394632745,0.000397974181766998,5.370615452023647,0.0,2.7609916931843506,2.4265514364491896,0.32459339915566165,172.52306946141917,0.3137555216129125,0.4448974007613935,0.8925876909595271,1.0
SUB00072,105.96498036755104,232.88931125032548,27.042903006716767,0.7216307976096793,0.7960052820818571,0.4687508566364755,0.4335031296337614,589.3855125653796,17.57418878561762,3.404932450828181,1.6666666666666667,1.247408154753132,0.105879195102594,-3.3472496448586853,-0.018543792553601186,0.00694982132874895,0.7484448928518791,0.024054359920322642,0.019147397553674943,141.58020367241923,0.25155510714812085,0.25520603989087265,13.251781581003481,6.029580179215484,62454.224267909456,0.4687508566364755,0.4335031296337614,1.2856328434771602,1.0
SUB00073,36.53672540740479,312.0961609392227,44.530550900187734,14.4213752307675,6.896850804043011,0.34900508864673047,0.3837473918000543,179.79574443374898,18.0747024690498,2.6272527322140005,1.5,1.2275682723804182,-0.8630831545694482,0.3615084944854794,0.1777510069697932,0.055032102434041184,0.8183788482536122,0.48071250769225,3.3154024451908266,44.64524649601184,0.18162115174638785,1.218788777692783,17.267015126453135,2.0214288710958543,6569.147743795815,0.34900508864673047,0.3837473918000543,1.8965182240659049,1.0
SUB00074,5.72170671009319,1544.9675230196578,63.16152233375775,2.537937900712464,0.7378763643384593,0.3684074568499515,0.42479043247138976,29.747828791505796,17.43824366274021,1.4450326790991985,1.0,1.0,0.203851916818245,7.943207542445245,0.09817502692025433,0.0,1.0,0.0845979300237488,0.06242281303648315,5.72170671009319,0.0,11.03893043352602,88.59650965428045,0.32811255655972943,170.2083516070621,0.3684074568499515,0.42479043247138976,1.3305985448973348,1.0
SUB00075,65.4637750717027,681.733794918185,93.21053628534868,3.976728348929146,2.5849140315698733,0.45131991487721573,0.45049952125711945,323.58413759000854,19.594364073942383,3.430222912544806,4.25,2.9604606723471023,-1.4388236161411205,-5.043042284656909,0.00856036553656756,-0.0065398171604115875,0.69657898172873,0.13255761163097154,0.3426500302962882,93.9789697777536,0.30342101827127005,1.4238490857463515,34.7923409172942,3.340949204815474,21183.039199963216,0.45131991487721573,0.45049952125711945,2.120947411110752,1.0
SUB00076,9.795587899393624,118.93529655559242,31.465551445594965,1.3570827595144486,0.5646915082438442,0.3854747619219892,0.45160211723689453,46.639103772819745,18.473669062778715,1.0,1.5833333333333333,0.7778964787991773,0.8777518871496844,-0.1732864728970226,0.024174185866905958,0.003035265247217307,0.4913030392415857,0.04523609198381495,0.025544437009397736,19.937975377711624,0.5086969607584143,3.212216741737653,6.43809825494962,0.5302459336099107,456.8574405555966,0.3854747619219892,0.45160211723689453,0.8040882420121276,1.0
SUB00077,129.6429293800053,414.7623310688789,44.089415182303874,4.434105391166274,2.753863595677769,0.49858104887631316,0.4574694479364488,664.3679808302846,20.077847810980895,4.487182400286147,1.3333333333333333,1.1686327542720816,1.5446647558723154,-12.772837272989628,-0.07315242023901951,-0.02280088178287674,0.8764745657040612,0.14780351303887582,0.40703071387104456,147.9140803998856,0.12352543429593876,0.34008345378458976,20.65770868339976,6.457013251644508,86130.61122111732,0.49858104887631316,0.4574694479364488,1.8943238126860407,1.0
SUB00078,5.681230538072422,42.774420545408354,14.46768422207487,0.26920339166716883,0.23635042525337324,0.38240078069816846,0.4421123590322829,34.457822245421966,18.72134184091423,1.0,1.0,1.0,0.8421197693495999,-1.463234875655065,-0.02336643692480937,0.0,1.0,0.008973446388905628,0.0021208778700061914,5.681230538072422,0.0,2.5465758034497212,2.28479458945233,0.30346278521855075,195.76283201616252,0.38240078069816846,0.4421123590322829,0.8863753892385515,1.0
SUB00079,111.64924849585809,216.7613008358402,31.59551194182089,1.3737051938097666,0.7881975975647966,0.48067583991733276,0.422941452326709,552.1675096169257,19.444985007628002,3.4988030950376614,1.4166666666666667,1.2097629882712353,-0.5362551083515822,-1.1089116641067114,0.11044756799143475,0.005829841356012073,0.8539503446620484,0.04579017312699222,0.036091704450771374,130.74442699597876,0.1460496553379516,0.28298902471334597,11.14741414049986,5.7418017268750585,61649.08749255925,0.48067583991733276,0.422941452326709,1.2658181251204996,1.0
SUB00080,45.56768133893846,317.75851559415395,45.01876761852589,13.859867164764502,6.955733495659547,0.42310832995777053,0.4007667575719959,273.5668104343012,17.948901018018315,2.567747998782738,1.3333333333333333,1.1882193296307189,0.5927570025975236,-0.34206379619179794,0.062339907011754035,0.03810597452123014,0.8911644972230391,0.46199557215881676,3.213518076111479,51.132738659284655,0.1088355027769608,0.9879538808145695,17.703508157695367,2.5387449233351145,12465.805242780023,0.42310832995777053,0.4007667575719959,1.6563943720039687,1.0
SUB00081,3.8110837049918707,1521.8447665547892,60.59879555054332,1.650716885324442,0.7189070153203184,0.36182061560061,0.41179845085399136,20.001058057759643,16.9826994350302,1.405494799301226,1.0,1.0,-0.3984921129328529,-7.727713220990174,-0.026594182374207177,0.0,1.0,0.0550238961774814,0.03955706497224823,3.8110837049918707,0.0,15.90067294275621,89.61147621889141,0.22440977181346988,76.22570644652413,0.36182061560061,0.41179845085399136,1.3292731252013885,1.0
SUB00082,68.56738464373852,591.0982450294483,91.1337049475642,3.7024793109745793,2.661382580544096,0.4171438412478539,0.4783392286396409,292.0589474692843,18.581832403819416,3.421379603826033,4.333333333333333,3.042254229667964,0.5332567684881212,4.235368344905812,0.20453343478517808,0.03366242955067902,0.7020586683849148,0.12341597703248598,0.3284571314350884,97.66617482478738,0.2979413316150852,1.3291115801058397,31.810546569559556,3.690022768133717,20025.71818977184,0.4171438412478539,0.4783392286396409,2.0500319109512626,1.0
SUB00083,6.371323616349238,113.56347102902481,28.48088086728947,1.064005731223643,0.5055987319176652,0.36124563620608235,0.44155354483000103,27.95014453148883,15.877625300724413,1.0,1.5833333333333333,0.6878899177908266,-0.19803911950037173,-1.7639962173977908,0.017770999799032905,-0.010738867796204215,0.43445679018368,0.035466857707454766,0.017931998281993402,14.665034038610754,0.56554320981632,4.470167045699209,7.152421654883335,0.4012768594594903,178.0794159338493,0.36124563620608235,0.44155354483000103,0.8725735276730152,1.0
SUB00084,122.31684533011703,425.45488815019706,43.852645153514175,5.379184728242479,3.090052013628475,0.3967375627215028,0.41411399603640536,645.9060165709371,17.60879878383781,4.467944325165367,1.5,1.26624228514276,0.05380182450528059,0.8600787186862032,0.062172649218051955,-0.03817179124969237,0.8441615234285066,0.17930615760808263,0.5540653533728405,144.8974419413659,0.15583847657149338,0.3585168096443435,24.161494112857927,6.9463480633548516,79005.18632669933,0.3967375627215028,0.41411399603640536,2.021607418563026,1.0
SUB00085,4.086177989603021,61.01822295884,14.285143597497965,0.18862807392327677,0.23107667285857422,0.40387710407486216,0.37723817055049014,20.759700002185152,17.32043121385813,1.0,1.0,1.0,0.39687660683671705,1.9909462334610448,-0.03560778258347595,0.0,1.0,0.006287602464109226,0.0014529182576637327,4.086177989603021,0.0,3.4959670464295636,3.5229043783863268,0.235916643133784,84.82782921969076,0.40387710407486216,0.37723817055049014,0.9182764402079395,1.0
SUB00086,116.44698408187934,245.2233513691813,28.166289640068626,0.6669950588779628,0.763381628358367,0.43976188138322736,0.40945910686688425,605.88916787767,18.269046932353756,3.463319018289013,1.5,1.14892599751044,1.2536368742663189,-9.743907411533502,-0.07094456990438558,-0.010112418842467582,0.76595066500696,0.02223316862926543,0.016972392471774806,152.02935306652057,0.23404933499304,0.2418807997660428,13.422886934233032,6.374004320699202,70553.96628723416,0.43976188138322736,0.40945910686688425,1.1343793366514259,1.0
SUB00087,42.157591540090195,288.1097365608142,47.340416561516086,11.637441950540918,7.159240196167964,0.37388346884213125,0.41679514640235776,190.72919559160655,18.002076495157493,2.6230710454740342,1.4166666666666667,1.2073619255208008,-0.771872842822086,-5.637714232091178,0.06433566543429493,-0.00026807128178377805,0.8522554768382122,0.38791473168469726,2.777174739762795,49.46590862224893,0.1477445231617877,1.1229393054035648,16.00425021181945,2.341818264766871,8040.683522520921,0.37388346884213125,0.41679514640235776,1.7799192146722302,1.0
SUB00088,2.5009183647112145,1443.8314560606098,59.42228094198358,2.229259839371701,0.554033737978985,0.3498262605961626,0.404628763353494,12.514224933243307,16.721300262526675,1.5570079605200293,1.0,1.0,-0.4237550234733764,6.471875744133767,0.2827827858398251,0.0,1.0,0.07430866131239003,0.04116950539111784,2.5009183647112145,0.0,23.76018417092362,86.34684105854572,0.14956482602707075,31.297054955675158,0.3498262605961626,0.404628763353494,1.506989593225805,1.0
SUB00089,62.31934233806597,635.5226333180227,84.25212372762519,4.334204863636432,2.402642804495697,0.42607505063161605,0.4292204545186939,277.9615303986124,16.708763289069626,3.3724441875114626,4.083333333333333,3.0276782104350723,-0.8978274562872154,2.182539909053411,0.10486018215920118,-0.015654166477484147,0.7414722148004259,0.14447349545454774,0.3471182042942109,84.04811548446195,0.2585277851995741,1.3519417979506214,38.0352885682307,3.7297399729657683,17322.37976972386,0.42607505063161605,0.4292204545186939,2.126057340750143,1.0
SUB00090,7.782408531423187,109.1587551015431,32.24675805601158,1.2313401351596422,0.42126702564291857,0.35570506385752343,0.4492454664333021,31.154896337406694,18.29074950688309,1.0,1.75,0.75875754534346,0.31445024351465045,-0.15026802600310982,-0.04196544190098301,-0.015020186308948276,0.4335757401962628,0.041044671171988074,0.017290766543115062,17.949363421256905,0.5664242598037371,4.143544755560981,5.967976055900005,0.42548330392336015,242.46013105183883,0.35570506385752343,0.4492454664333021,0.8443518293715363,1.0
SUB00091,126.39871380284315,430.88441388849174,44.1481660514227,5.5517341168676735,3.2747783645582804,0.46666822761821786,0.420475246764026,641.907597881889,17.905042481576896,4.474477575609595,1.6666666666666667,1.4084557111200555,0.21632407326564607,-7.232698541627953,0.022515923234788345,-0.02147331078736528,0.8450734266720332,0.18505780389558912,0.6060232923899443,149.57127962313453,0.15492657332796672,0.3492770197035791,24.064975792816092,7.059392008307105,81136.29475254341,0.46666822761821786,0.420475246764026,1.9465032995527318,1.0
SUB00092,5.055011112530704,54.98870046594195,13.486052908805947,1.0324255372850404,0.2748726015859953,0.35701349384054865,0.4598485735007933,25.873127718997125,16.526102158493615,1.0,1.0,1.0,0.7263421067644658,-4.311992725115067,0.1362203642950347,0.0,1.0,0.03441418457616801,0.009459516445911934,5.055011112530704,0.0,2.6678582120968644,3.3273847600948314,0.305880422621778,130.78894813545665,0.35701349384054865,0.4598485735007933,0.8988997777493859,1.0
SUB00093,110.159605261548,246.74145936762739,27.60475119908418,1.4411364381200926,0.6825007292243764,0.49142120062470335,0.40137568712648175,602.6452197070306,17.32250473744999,3.3028285382608185,1.6666666666666667,1.3053675690608653,0.10994163659935319,-4.065551906408657,0.039604581267166504,-0.009966651669042391,0.7832205414365191,0.048037881270669755,0.03278588899762612,140.64953539076268,0.21677945856348088,0.25058869023307784,14.243982790444292,6.359334688094556,66387.15951568536,0.49142120062470335,0.40137568712648175,1.0996364330298585,1.0
SUB00094,41.35650366019655,296.2039818318727,46.46576556446886,12.718296703586999,7.263976140132204,0.31878612740003726,0.398717790796586,197.4780499566015,19.17389382458771,2.504339183551233,1.3333333333333333,1.1278015211184542,-0.2854860488690272,-7.937200489308202,0.06800629432399935,-0.01960882933913702,0.8458511408388407,0.4239432234529,3.079513459932601,48.89335920169454,0.15414885916115928,1.123541920909279,15.448295716128063,2.1569173188579405,8167.001695838667,0.31878612740003726,0.398717790796586,1.6772091103473021,1.0
SUB00095,6.5808534268238175,1425.769588340642,60.18400448851889,1.5685968489552813,0.8510323709107829,0.3418685832936353,0.43450983735520726,34.41581118608917,15.98134916241272,1.547032782394564,1.0,1.0,-0.26225156259050475,-9.765538232002507,0.028790101037148873,0.0,1.0,0.05228656163184271,0.044497556512319875,6.5808534268238175,0.0,9.145319092384966,89.21459470355457,0.4117833456953455,226.4854089808964,0.3418685832936353,0.43450983735520726,1.4154157138580876,1.0
SUB00096,63.031396439689594,654.2661962712097,102.24417834596493,2.69935525911343,2.506845283347624,0.48771199036255375,0.4385735012369831,383.09765363821685,18.104905121108203,3.4788123670798936,3.8333333333333335,3.1252022443844036,-0.9005546023610889,9.77561572684732,-0.1327307328186301,-0.009331830714975543,0.8152701507089748,0.08997850863711433,0.2255621999796035,77.31350937462419,0.18472984929102518,1.622115074727804,36.13751035394335,3.481454115227721,24147.18008158534,0.48771199036255375,0.4385735012369831,2.2181844382861016,1.0
SUB00097,11.844012287462524,112.93340497373697,31.291125528731694,0.9570174023856572,0.5886832311527587,0.3250872593176696,0.4083588208876243,58.74711893129012,16.175060715575153,1.0,1.3333333333333333,0.7336962617181716,0.829772427238857,2.4744002827876455,-0.03228517915822899,-0.013788560472370724,0.5502721962886288,0.03190058007952191,0.018779336556860284,21.52391555914648,0.4497278037113713,2.641936260219428,6.981946278878081,0.7322391239037382,695.8015984752225,0.3250872593176696,0.4083588208876243,0.7631197542507495,1.0
SUB00098,125.23254195264109,394.0452435879634,43.37247079844999,4.718491078146974,2.606972823066128,0.46175562604866044,0.3888730677147247,559.2498432039405,17.467692744812236,4.466131266280783,1.5833333333333333,1.3064746935596627,0.5155182129158319,-5.525497368797939,0.10488785109517222,0.019152048016446054,0.8251419117218923,0.15728303593823248,0.4100326002203052,151.7709137950682,0.17485808827810773,0.3463354661829995,22.558516991603923,7.169380855398555,70036.27945104543,0.46175562604866044,0.3888730677147247,1.9614804272279613,1.0
SUB00099,2.818652588651922,46.81633958793724,14.4211516033104,0.8956495196542414,0.18918313379142174,0.29622687447914575,0.4061272040376185,14.045269241445013,18.892501050750088,1.0,1.0,1.0,0.054704250951832865,-2.1224057933412728,0.12289483275271632,0.0,1.0,0.029854983988474713,0.005648059430232366,2.818652588651922,0.0,5.116328156712498,2.4780382153837963,0.14919425337493963,39.5887345057122,0.29622687447914575,0.4061272040376185,0.9436269482269616,1.0
SUB00100,112.6656946767872,260.7079591614476,26.200328245809402,1.5496236878152925,0.6537244622177945,0.44519214473876584,0.4195778346121262,622.9198212799312,19.05665619511352,3.578191246367443,1.75,1.3234769305496523,0.3907920198619563,2.9417659673149728,0.12937774067365082,-0.048906413217093055,0.7562725317426585,0.051654122927176416,0.03376756373190025,148.97499241070497,0.24372746825734154,0.23254929835538948,13.680677055416362,5.912143952393746,70181.69439244358,0.44519214473876584,0.4195778346121262,1.3248773528316988,1.0
SUB00101,35.601910865542095,276.0877467348703,48.254785781915636,12.935982339385971,7.114030936742176,0.3254028278490024,0.4308228390309949,192.79780691707285,20.319570706006633,2.4823255941487097,1.5,1.2318135406486372,-0.18147469022537707,-4.202319274938201,-0.3983817103679811,0.00360999062103527,0.8212090270990915,0.4311994113128657,3.067565951984741,43.35304373273308,0.1787909729009085,1.3553987583464189,13.587282464252873,1.7520995586298422,6863.970336933623,0.3254028278490024,0.4308228390309949,1.7702873768378677,1.0
SUB00102,8.37400591667984,1498.4264978725448,65.7333664268158,1.475533451742826,0.6933865426882507,0.35253900316393416,0.4251103412444754,36.30102435336855,17.923762934001346,1.5957637478428361,1.0,1.0,0.2606224521881686,1.4729729849758246,0.14955475147438432,0.0,1.0,0.049184448391427535,0.03410383462416063,8.37400591667984,0.0,7.849691901445185,83.59999534640309,0.4672013319699942,303.9849927166472,0.35253900316393416,0.4251103412444754,1.4282836295092394,1.0
SUB00103,64.43799719360257,601.6468682952088,94.27020378712338,3.871744822543375,2.5421817297862774,0.4011509200845264,0.426815640826151,328.4813953287773,15.671809796512287,3.6450695430438045,4.083333333333333,2.94953256772825,-0.058182611520353957,-7.818108490852343,0.15601260894115476,-0.01270869994893258,0.7223345063824286,0.12905816075144583,0.328089298342146,89.20797307097897,0.2776654936175714,1.462959866736556,38.39038860904906,4.111713837156386,21166.683230346407,0.4011509200845264,0.426815640826151,2.356309599171753,1.0
SUB00104,10.505059042636658,132.62946678502115,29.25965864802613,1.016365606427745,0.5888940885620962,0.36914758295642525,0.4184776584591243,52.62812336290663,20.875767311203287,1.0,1.4166666666666667,0.7649302131011863,0.3619859699264687,-1.151118417664066,-0.030666780153883553,-0.009807606953650417,0.5399507386596608,0.0338788535475915,0.019951056581437636,19.455587872170977,0.46004926134033913,2.785292165352958,6.353273860925035,0.5032178643320556,552.8615432304998,0.36914758295642525,0.4184776584591243,0.7898988191472669,1.0
SUB00105,123.49013546033775,416.7626862756192,43.13477486787375,5.3206514559441755,2.87428419068674,0.4742928069353604,0.3906923435389702,733.7688750672947,19.45709614949686,4.481971803180241,1.4166666666666667,1.0890069473343191,0.20609742515743432,1.1579041921615896,0.05311838515814878,0.0005466436497848392,0.768710786353637,0.17735504853147252,0.509768812132491,160.64576906239412,0.231289213646363,0.3492973321883485,21.41957273960412,6.3467916543924305,90613.21777863988,0.4742928069353604,0.3906923435389702,2.012169093973486,1.0
SUB00106,4.771439198651921,43.726549266521765,16.934298347582658,0.17020918114757347,0.26769420614561584,0.30703943108969,0.4174341961775671,25.97938211689447,18.809154529107303,1.0,1.0,1.0,0.6347972909721437,1.6258522730231968,-0.03181280980700549,0.0,1.0,0.005673639371585782,0.0015188003875331669,4.771439198651921,0.0,3.5490965393349496,2.324748260154629,0.25367643140302154,123.95904218930698,0.30703943108969,0.4174341961775671,0.9045712160269616,1.0
SUB00107,105.39605369744419,231.5053839650935,35.00467094444402,1.3510927461770954,0.673804287612029,0.48246918996585114,0.43784396349365756,492.47069583943244,20.04468598310075,3.4854064531630105,1.3333333333333333,1.1743005805148812,0.19961999913128367,-2.5086225762541616,0.03238267603332807,-0.002811368477955425,0.8807254353861609,0.04503642487256985,0.030345736177854594,119.66959220523985,0.11927456461383906,0.332125062717532,11.549464240061969,5.258054617882334,51904.467903110526,0.48246918996585114,0.43784396349365756,1.3774853792141268,1.0
SUB00108,42.569912372719145,330.33112798032073,50.23030722686712,13.118990395199342,7.071153583117993,0.3250981297561439,0.4303115660614596,210.73826074939143,17.538029954809073,2.538157239616346,1.6666666666666667,1.452209558104786,0.11028734864781504,0.7461668844086097,-0.02410085272777678,0.040007456155345573,0.8713257348628716,0.4372996798399781,3.092213197996812,48.85648462961875,0.12867426513712843,1.1799485699448402,18.83513306976313,2.4272915762152705,8971.10929368083,0.3250981297561439,0.4303115660614596,1.686758992161963,1.0
SUB00109,7.078480523112006,1540.424107467127,54.55197312927646,2.707767991889003,0.6027091290636263,0.37657405427365437,0.4282876018064461,37.22965603593649,18.312223861399172,1.5137262966734164,1.0,1.0,0.5475392903438034,-22.91717171611322,0.11637286435905297,0.0,1.0,0.09025893306296677,0.05439988293659284,7.078480523112006,0.0,7.706734934306644,84.11999105767968,0.38654401435278024,263.5293951325358,0.37657405427365437,0.4282876018064461,1.3721566862111763,1.0
SUB00110,59.71159998600538,640.3204652474592,97.00634300227904,3.8801575118598737,2.6046485546640716,0.4058069401625774,0.4354318524710092,315.1317124430695,20.19108527010374,3.476790917140661,4.0,3.0029364595462362,-1.3410500419846882,8.966364782453738,-0.07263293202528033,0.030298282497887068,0.7507341148865591,0.12933858372866244,0.33688155517115864,79.53761365304173,0.24926588511344094,1.6245812040711425,31.71302863029161,2.957324937576205,18817.01875630544,0.4058069401625774,0.4354318524710092,2.2825589174205536,1.0
SUB00111,8.731802451959068,119.63395770084294,31.800774889175177,1.6260226406456975,0.5494950943503805,0.4225786958272451,0.4405500967778438,37.15983967505854,18.531292080143743,1.0,1.5,0.7579174094159248,-0.20486676921897984,0.1988344861271262,0.16675669102146015,0.0107641529736224,0.5052782729439499,0.05420075468818992,0.029783048811248745,17.28117538299075,0.49472172705605016,3.6419485053787897,6.4557806969666505,0.47119231698447966,324.472379189082,0.4225786958272451,0.4405500967778438,0.8253639509608186,1.0
SUB00112,131.11258763981493,418.54837283124374,45.99730471433356,4.140133471510185,3.1803764453350567,0.47382537676140074,0.46134399793417247,594.2697247401887,17.74771754870454,4.5346540344559045,1.6666666666666667,1.4450265723992066,-0.8438967813073526,-11.809986522328156,-0.1064769025068016,0.018911915374397768,0.8670159434395239,0.1380044490503395,0.4389060991111417,151.22281041301324,0.13298405656047607,0.3508229495149218,23.5832225570772,7.387574615158626,77916.24136668669,0.47382537676140074,0.46134399793417247,1.912402281659606,1.0
SUB00113,1.546321958139351,36.76150276454299,14.108555390002758,0.647673331713332,0.18387744466303999,0.3392000724437705,0.43171429581278975,7.417694569841469,19.487331358951153,1.0,1.0,1.0,0.05823978487340854,-4.609030638207097,0.08037426121727313,0.0,1.0,0.021589111057111067,0.003969750573728165,1.546321958139351,0.0,9.12394428323272,1.886430834854012,0.07935011365366228,11.470143992116892,0.3392000724437705,0.43171429581278975,0.969073560837213,1.0
SUB00114,109.50529511260642,234.84171471696254,33.88183546512689,1.7700544032027974,0.6696040818200643,0.506276791024089,0.4129481282814076,562.7738224513874,18.18335221327008,3.4819770371877046,1.25,1.1772393316619938,0.13176752819666476,9.16597284047064,0.09287282338789925,0.03703678021882757,0.941791465329595,0.05900181344009325,0.039507855114272364,116.27339930743935,0.05820853467040497,0.30940819282104615,12.915204631276776,6.022283120748782,61626.71350918875,0.506276791024089,0.4129481282814076,1.291871134935576,1.0
SUB00115,43.7173113319602,305.9636339738834,47.317882220252045,14.397232868405837,6.404748508126455,0.3744362509388641,0.43947293459499903,201.29503077122158,19.522116853314767,2.611324779063849,1.5,1.2108264746368491,0.6965085053989792,7.303856282136075,-0.06594082546006486,-0.05558905552477617,0.8072176497578994,0.47990776228019455,3.0736885245023817,54.158022120888816,0.19278235024210058,1.082360300269875,15.672666866653458,2.2393735095657514,8800.077529802002,0.3744362509388641,0.43947293459499903,1.7369785524246453,1.0
SUB00116,5.316236784318362,1477.5060866712913,64.60943967288686,1.732164330631232,0.7722146975483525,0.3552073574505347,0.43043439068603556,26.892928366151754,18.435720674783862,1.4805245677700272,1.0,1.0,-0.5784558234405147,2.4058624927810346,-0.06908364749892809,0.0,1.0,0.057738811021041066,0.04458675848941471,5.316236784318362,0.0,12.153228363241718,80.14365767063312,0.28836609526145845,142.96917501817467,0.3552073574505347,0.43043439068603556,1.37419983208366,1.0
SUB00117,60.09321785475978,568.967864101306,90.77094397419408,3.5603062556142366,2.5569854689515017,0.43482136480923583,0.4330789733463289,273.9589173929693,18.172523027577807,3.5755232898945875,3.5833333333333335,2.912204757273704,-2.2314485656456524,-11.363333850720647,0.05176260918734376,0.012560405954374156,0.8127083043554523,0.11867687518714122,0.3034550453540911,73.94192668231547,0.1872916956445477,1.5105023031647227,31.309238856809582,3.3068175378600433,16463.072906149842,0.43482136480923583,0.4330789733463289,2.3736589327993918,1.0
SUB00118,7.972799299392334,103.93412624624166,27.246406035775845,0.7129866697898296,0.5432270566997709,0.32571257708710477,0.42664472134719844,37.69493501751197,19.067412111394205,1.0,1.75,0.7980063256437774,-0.3806607948095197,-4.5482772390827435,-0.17153977797722633,-0.010554113967540064,0.4560036146535871,0.023766222326327652,0.012910455003203352,17.484070395909125,0.5439963853464129,3.4174202827170745,5.450877425790427,0.41813746159228343,300.534151498259,0.32571257708710477,0.42664472134719844,0.8405440140121533,1.0
SUB00119,122.28852890795281,413.4943739109795,43.05309313976463,3.838841531972538,2.9548473119821055,0.5256095925097645,0.4490754818232346,647.7706098116549,18.15749429600402,4.504181032691105,1.5,1.3796151026114074,-0.45067138321539474,1.3836169629082582,0.08909777644660698,-0.02359853309251601,0.9197434017409383,0.1279613843990846,0.3781063527291441,132.95939788910547,0.08025659825906173,0.35206158356987766,22.77265613691965,6.734879103603257,79214.91494367478,0.5256095925097645,0.4490754818232346,2.0584104545320487,1.0
SUB00120,0.4681909995620844,45.92353432468164,14.704732963770125,0.0731745512064177,0.28234488579265776,0.31857337456143714,0.38948152209092984,3.1465679691474606,18.25436837849229,1.0,1.0,1.0,-0.1686960853520579,-2.523760286156904,-0.026086355432407712,0.0,1.0,0.00243915170688059,0.0006886820101101664,0.4681909995620844,0.0,29.40946592754025,2.515755865800856,0.025648162119578873,1.4731948026651875,0.31857337456143714,0.38948152209092984,0.9906361800087583,1.0
SUB00121,109.60586337622112,266.5117937457143,30.802596133742142,0.5282228962183272,0.7105798271762286,0.43973274913729804,0.44945427811969446,530.1294895317684,15.176918715852933,3.4564851613868512,1.4166666666666667,1.1634025909857686,0.5532680437593114,-5.253501582207842,-0.0902825105272454,0.008374042802546455,0.8212253583428955,0.01760742987394424,0.012511484476844862,133.46624317274936,0.17877464165710458,0.2810305506012257,17.56033610876043,7.221878526748197,58105.30040132485,0.43973274913729804,0.44945427811969446,1.264367893862429,1.0
SUB00122,39.79026406868051,300.9209198153374,48.68977074934387,12.490925544835724,7.129388302446739,0.33568951831369276,0.4336284567224582,216.89096657490356,17.735659911422335,2.6062925859012194,1.5,1.2747965805337806,-0.05833023385619538,2.486259769504282,0.14769850428440268,-0.0013818974711968296,0.8498643870225204,0.4163641848278575,2.968421948869499,46.819545184243744,0.15013561297747957,1.2236604076138387,16.96699876510006,2.2435175385300603,8630.14883412677,0.33568951831369276,0.4336284567224582,1.810487304527609,1.0
SUB00123,7.07367083459791,1450.3742883008356,58.436306552637696,1.6564866986915403,0.6211724954552079,0.36774250823774296,0.36833154312918737,29.349569416033727,17.50553200402746,1.4646099131731765,1.0,1.0,0.21427923554512804,1.9932879274884543,0.08651874551116503,0.0,1.0,0.05521622328971801,0.034298799210486106,7.07367083459791,0.0,8.261100624985387,82.85233993272247,0.40408202578307734,207.60919318620458,0.36774250823774296,0.36833154312918737,1.3231364964812182,1.0
SUB00124,63.380077452828665,639.541558813488,88.21817773206527,3.914073922836762,2.589221780582969,0.41437600243432865,0.42042786788513625,358.4076651948132,17.549641834666396,3.5820423097042506,3.75,2.863817945931251,0.3451459921808297,-16.336365947824383,0.15315010285242284,-0.033025714351876415,0.763684785581667,0.1304691307612254,0.3378135150606923,82.9924579478884,0.23631521441833303,1.3918912894627282,36.44185817799313,3.6114741286418663,22715.905579734746,0.41437600243432865,0.42042786788513625,2.3144407606476776,1.0
SUB00125,10.182245763872915,110.69707658961921,27.43091580326286,1.2404162677655688,0.5825125652689683,0.3432480594048763,0.39812130985509087,53.02118075105221,20.57122455356972,1.0,1.3333333333333333,0.6800175928485815,0.2829879721513429,0.5068122251692551,0.03945865935778249,0.0037406923060412833,0.5100131946364362,0.041347208925518956,0.02408526873791603,19.964671249596485,0.4899868053635638,2.693994668699614,5.381161257627221,0.49497518912193256,539.8746930979415,0.3432480594048763,0.39812130985509087,0.7963550847225417,1.0
SUB00126,126.40511959873976,420.9749025583944,44.05649473590228,4.445709814732423,2.949569864477867,0.47250085524284846,0.3941780250500775,628.9670109992306,21.040907444865464,4.436745543958792,1.5833333333333333,1.1733950588420201,-1.4718354647088756,-0.8010516184331278,-0.09651644330720406,0.014692654323056033,0.7410916161107496,0.14819032715774744,0.4370977231916079,170.56611740140053,0.2589083838892504,0.34853410111675187,20.00744994775039,6.00758878532047,79504.65024901961,0.47250085524284846,0.3941780250500775,1.9086431519839966,1.0
SUB00127,3.9844490561131614,37.34429104493823,14.814815770746192,0.39080055693367716,0.30874554456422515,0.3551435569840237,0.4060727595687273,19.724191247314483,16.597960844749597,1.0,1.0,1.0,0.48897886197081136,-0.18066905868919336,0.038059632807583316,0.0,1.0,0.013026685231122572,0.004021931025549688,3.9844490561131614,0.0,3.7181591638162583,2.2499324702739782,0.2400565402811849,78.59003519795768,0.3551435569840237,0.4060727595687273,0.9203110188777368,1.0
SUB00128,111.8501720278533,230.63693305293114,29.066104058549964,1.907159812948419,0.8058891507432696,0.44281925148581164,0.44448462468109035,510.2525462191934,20.517786154063945,3.458105192442998,1.5833333333333333,1.3267137938994529,0.04423191519415161,-5.562077210375226,0.20290342141251785,-0.050072490721756006,0.8379245014101808,0.06357199376494731,0.05123198006628982,133.48478513233067,0.1620754985898192,0.2598664224790984,11.240829362443133,5.4513762443956075,57071.83507226695,0.44281925148581164,0.44448462468109035,1.2211017518859322,1.0
SUB00129,39.98150645524867,295.4691881684441,49.50526228964333,13.894432211048455,6.759540917827185,0.3488088189552903,0.41817738378707875,189.078565590877,18.849975205629203,2.5632613962493984,1.6666666666666667,1.3482124043172343,-0.6449176442783212,3.2576739864732733,0.2740051641085029,0.037551190971447726,0.8089274425903406,0.4631477403682818,3.1306661020186026,49.42533081486299,0.19107255740965945,1.238204026780597,15.674778610860324,2.1210376151215793,7559.645890720808,0.3488088189552903,0.41817738378707875,1.763631267144425,1.0
SUB00130,5.306087005101731,1586.2407259621195,58.81722423894888,2.5628802864901234,0.6971881912903676,0.33441745974047327,0.3889651305590716,26.658832647847863,13.869873353711716,1.4394327986792217,1.0,1.0,-0.18860724175181992,24.4383300894047,0.050116473181788676,0.0,1.0,0.08542934288300412,0.059560329047726276,5.306087005101731,0.0,11.084858612834074,114.36591275994786,0.38256203714230524,141.45408548392732,0.33441745974047327,0.3889651305590716,1.333311058577187,1.0
SUB00131,63.908275916005884,611.9876303331889,85.34908992737752,3.8600721932252746,2.647485458497167,0.48530265657924193,0.3928616859778435,342.95182747040826,18.688987413459536,3.7045675607670048,4.083333333333333,2.975413766480893,0.2490192335755756,-9.994627563652848,0.055732106200576406,0.005795741676854079,0.728672759138178,0.12866907310750916,0.3406495000104394,87.70504333329549,0.271327240861822,1.3354935445223264,32.745895579791785,3.419568674436587,21917.4600158773,0.48530265657924193,0.3928616859778435,2.4264020424468873,1.0
SUB00132,11.013101303647483,117.64704501050274,32.4614512302885,1.9179558120914553,0.5765400648158057,0.3306151817808987,0.3707120180945496,51.15097486142802,19.25722362559517,1.0,1.5,0.6459254824373212,0.17410792668116246,-0.9672479042402559,0.09477453897676826,0.0012446193356863793,0.43061698829154743,0.0639318604030485,0.036859278940568625,25.575166802734472,0.5693830117084525,2.9475304308276393,6.109242292546036,0.5718945533254204,563.3308679292326,0.3306151817808987,0.3707120180945496,0.7797379739270504,1.0
SUB00133,117.83549507611836,438.6535741562073,41.66531321180499,5.933113281339292,3.2391106398358542,0.4515046964540519,0.4051762291921086,570.964128229398,17.814134447576354,4.498069457985341,1.5833333333333333,1.151601783663118,-0.8725590252892977,6.3077795417428755,0.013192708277227546,-0.009435517995374664,0.7273274423135483,0.19777044271130972,0.6406003452312506,162.01161708032996,0.2726725576864517,0.35358881621272426,24.623906114949467,6.614719082921826,67279.84072061545,0.4515046964540519,0.4051762291921086,2.141359556462974,1.0
SUB00134,2.1525611732817693,55.05586417107268,15.351050744841421,0.7153051988163085,0.21098339642751704,0.31620166581695774,0.4049954262613895,8.966494369269995,17.845266583827474,1.0,1.0,1.0,0.13985899699722748,-0.6019842065548865,0.04949197123405528,0.0,1.0,0.023843506627210284,0.005030584010950837,2.1525611732817693,0.0,7.131528216425734,3.0851802584427532,0.12062364903153414,19.3009276397402,0.31620166581695774,0.4049954262613895,0.9569487765343646,1.0
SUB00135,115.69351671522236,237.1352256440974,34.46550158305174,0.8117100424042026,0.740276021123492,0.43939605967242595,0.45229654387241713,694.7205541030685,15.58066190687557,3.461756822479796,1.3333333333333333,1.1775011079852133,-0.14579143473009726,6.07267037358129,-0.10685175243547489,-0.03221012660477411,0.8831258309889101,0.027057001413473423,0.020029649349898804,131.0045665697159,0.11687416901108993,0.2979034829400855,15.219842845023953,7.4254558250935485,80374.66403853189,0.43939605967242595,0.45229654387241713,1.1478864881753488,1.0
SUB00136,37.19751766091538,297.26320136261415,44.35119078591094,12.678269604099135,7.093423491903249,0.33046808908836683,0.4204366432310624,181.34926362933254,21.48081485506621,2.3348942258711483,1.3333333333333333,1.1016880380674237,0.06705885006218563,5.3941326782094965,0.05472587797337993,6.348021962713189e-05,0.8262660285505677,0.4226089868033045,2.9977445148799906,45.01881521883104,0.1737339714494322,1.192315874145337,13.83854399231532,1.7316623187663858,6745.742436646096,0.33046808908836683,0.4204366432310624,1.5909438726528407,1.0
SUB00137,1.9443320421079198,1473.4620629904023,63.29722882348002,1.6280675207728292,0.7187406328817271,0.37611615713837687,0.44761729025003816,11.578609199727685,21.84456410543913,1.5883807896707485,1.0,1.0,-0.24546492760897992,-32.2465008007617,0.06402400987287,0.0,1.0,0.05426891735909431,0.03900527600848159,1.9443320421079198,0.0,32.554742427048225,67.45211558712319,0.08900759167008492,22.512660870076076,0.37611615713837687,0.44761729025003816,1.54949414882859,1.0
SUB00138,68.66957251215852,621.1929773116309,92.67683502900566,2.5390569260565834,2.6653275515073953,0.5045458536995961,0.4402451430095098,331.20683875967813,17.853951191779664,3.711495044340646,4.0,2.9528634286502786,0.009989778729554345,-11.214425227081218,-0.14155196548974608,-0.01851635427013412,0.7382158571625697,0.08463523086855278,0.22558061266214288,93.02099358323068,0.26178414283743034,1.3496055332599668,34.79302540031818,3.846183501597979,22743.832030730515,0.5045458536995961,0.4402451430095098,2.3381035940974755,1.0
SUB00139,5.123211227694016,132.5592921262914,29.485052857931976,1.648163423114994,0.42201312571633115,0.3087800475936302,0.4058115790475021,29.086438673095795,17.545933542857544,1.0,1.5,0.6994396772310494,-0.3996964441823438,1.0941691408525176,0.19143260322498618,0.000626661689416555,0.4662931181540329,0.0549387807704998,0.023184886596002888,10.987104523386169,0.533706881845967,5.7551897720999,7.554986561558736,0.2919885234479035,149.01596918363782,0.3087800475936302,0.4058115790475021,0.8975357754461197,1.0
SUB00140,127.2804894451969,426.6813487061892,43.2748195762315,4.835281684399825,2.8543150410083507,0.487097928773273,0.45515715383275746,649.0481634298134,19.562894255437445,4.523882392631111,1.3333333333333333,1.1212652070739435,0.3880618740244119,9.235930490138461,-0.2208930034646205,0.028280579067456745,0.8409489053054576,0.16117605614666083,0.46004724130982044,151.35341593549592,0.15905109469454232,0.33999570370024634,21.810747588516687,6.506219774194183,82611.16791485279,0.487097928773273,0.45515715383275746,1.9782726037271732,1.0
SUB00141,2.018688935112891,63.69739210160123,16.804314609459382,0.8198096489692208,0.21438122038373256,0.34558420304775445,0.42306357625549335,9.345579318788845,19.753567006598463,1.0,1.0,1.0,0.0704504628474659,0.11018551171357437,0.08152229243275992,0.0,1.0,0.027326988298974026,0.005858393100946032,2.018688935112891,0.0,8.324370494714003,3.224602021514586,0.10219364099853814,18.86581756305891,0.34558420304775445,0.42306357625549335,0.9596262212977422,1.0
SUB00142,116.90935867675582,216.41198281966695,34.08548996970497,1.3888462370813535,0.8029133624048906,0.4816572599320544,0.4156301954678141,547.3691583517028,19.39745145191162,3.4221233026618907,1.4166666666666667,1.273868251673346,1.6584634028953487,-1.8921138149113261,0.028023049641800128,-0.005454672788370631,0.8992011188282442,0.04629487456937845,0.037170773402612316,130.0146944090787,0.10079888117175585,0.2915548451852206,11.15672248780597,6.027047365814357,63992.57726233318,0.4816572599320544,0.4156301954678141,1.0839361291267742,1.0
SUB00143,38.428451992659355,285.9318347448596,45.22153301414101,13.715879039264609,7.142184573581088,0.27289978346207044,0.43570101821580165,158.40490400588325,18.335355713506022,2.336391516988333,1.1666666666666667,1.1105295392330323,-0.6020713209516996,-1.9199222367351687,0.09897171574784519,0.028093649095766213,0.9518824621997419,0.45719596797548695,3.265377989577996,40.37100536956376,0.04811753780025807,1.176772174501832,15.594561633415113,2.0958661829697984,6087.255248991898,0.27289978346207044,0.43570101821580165,1.5678224771351457,1.0
SUB00144,8.474699145068106,1491.9056441999098,62.196912622659006,1.2793657135236938,0.9072978140220269,0.4184510035399321,0.4522883247579798,37.69691947904843,17.30354201124985,1.537829507233817,1.0,1.0,0.5183100647733188,1.986557088684019,0.0049563710303586845,0.0,1.0,0.042645523784123125,0.03869219050715927,8.474699145068106,0.0,7.339129278572067,86.21966781309581,0.4897667275034386,319.470051280793,0.4184510035399321,0.4522883247579798,1.3683355243324549,1.0
SUB00145,64.69951391558128,633.4688788058062,97.15387418089396,2.622024641845503,2.5973626781203074,0.3852424210676273,0.394180128270844,343.00452213563125,17.87511245820583,3.4674253353444637,4.0,2.9523620909288257,0.6599353621122691,-5.1152521582398585,-0.09236846928098935,-0.04515023982061877,0.7380905227322064,0.0874008213948501,0.22701163152804252,87.65796595799878,0.26190947726779357,1.5016167556939999,35.438595437479506,3.6195304542478572,22192.22585302158,0.3852424210676273,0.394180128270844,2.1734350570328385,1.0
SUB00146,4.750065648575705,99.27232654435834,29.644498485477843,0.7108265266824482,0.5889460033447428,0.4106830941746991,0.45347285772601637,23.04162217392874,17.06173452174948,1.0,1.5,0.8409994526573387,-0.15305035086879587,0.879028263485134,-0.04820128664742627,0.007293978253328477,0.5606663017715591,0.023694217556081604,0.0139546147320351,8.47217967901181,0.43933369822844087,6.240860796180084,5.818419365147825,0.2784046160441982,109.44921797583918,0.4106830941746991,0.45347285772601637,0.9049986870284858,1.0
SUB00147,129.34629342813778,412.19761146913226,40.92651810411464,4.526633973318794,2.9529539880316307,0.4205006421179656,0.4518208254866421,661.8685551026828,16.028583770159052,4.495929860077841,1.3333333333333333,1.1968956629224785,1.4706431691522266,-6.17164051852045,-0.11484674525206526,-0.0018028627784292249,0.8976717471918589,0.15088779911062647,0.44556472812903997,144.0908593066065,0.10232825280814106,0.31641044377396554,25.716408722056546,8.069726888095134,85610.24433916919,0.4205006421179656,0.4518208254866421,1.9090039915150854,1.0
SUB00148,2.282503372553512,59.678867618002016,17.195667568206847,0.1186076821620186,0.2716254969441003,0.3890115299564809,0.4116890775050941,12.85299676135152,22.08972906088852,1.0,1.0,1.0,0.09211697132488755,1.646940866315548,-0.03227087736673952,0.0,1.0,0.00395358940540062,0.0010738956869548735,2.282503372553512,0.0,7.533687693512357,2.7016568403126238,0.10332871744429185,29.337008455204213,0.3890115299564809,0.4116890775050941,0.9543499325489297,1.0
SUB00149,108.2502939282419,244.79576468865605,31.72876296340034,0.5498252141044447,0.771050961284571,0.45658553936745455,0.4025114365405829,478.5562620437085,15.444104436130287,3.535239992755025,1.6666666666666667,1.3330193661042324,-0.059933629889010215,-2.2997833292343444,-0.09688809026357754,-0.029441506128373356,0.7998116196625394,0.018327507136814823,0.014131441995790904,135.34473776952055,0.20018838033746056,0.29310555945864714,15.85043442959213,7.009166143360098,51803.8560274322,0.45658553936745455,0.4025114365405829,1.370234114190187,1.0
SUB00150,37.46020579498087,335.6356976793307,42.7792374552262,13.46825141240803,7.193612728638293,0.3335033068348469,0.42873028213723097,160.4361499368588,17.90132628677181,2.5073548096355576,1.5,1.2268197995429195,0.8919866840636262,-5.336748741611252,0.1054386518936066,0.016228779159577315,0.8178798663619463,0.4489417137469343,3.2295128264266353,45.801599153686894,0.18212013363805366,1.141991522666915,18.749208427497845,2.092593877955406,6009.971193589138,0.3335033068348469,0.42873028213723097,1.7581506937359401,1.0
SUB00151,4.492462473120157,1468.6955247454678,61.444314988455325,1.679628465142395,0.5977721871998475,0.3891395318616641,0.4388080191021642,26.247282810380383,17.1649369855946,1.4958200929958476,1.0,1.0,-0.04500025261840344,-9.04643164941637,0.08191583084081148,0.0,1.0,0.0559876155047465,0.03346783937637641,4.492462473120157,0.0,13.677201614058294,85.56370034903402,0.26172321383354824,117.91493304700565,0.3891395318616641,0.4388080191021642,1.4059708435334444,1.0
SUB00152,65.28062506632496,616.1216514793276,95.56198682064712,3.845745047331226,2.6315095204932426,0.3651446804699002,0.43347458222810814,354.44250867320665,18.809352072960984,3.3998256732843726,4.083333333333333,2.946780844378589,0.7857202261244982,6.629582640422609,0.019553694483650692,0.001231252709598621,0.7216606149498586,0.12819150157770753,0.3373371568480619,90.45889953529014,0.2783393850501415,1.4638644578472766,32.75613370888098,3.4706471978993814,23138.228516263236,0.3651446804699002,0.43347458222810814,2.0942131719578736,1.0
SUB00153,7.790861078147253,129.0109195469702,33.43826074705635,1.2726791307447523,0.4320429345061385,0.261591069585328,0.4070702361657615,33.60663059113539,15.703958494680647,1.0,1.5833333333333333,0.7473828536213687,0.38199721815614623,0.39746130926170753,0.08882646672964468,-0.0046002919209085676,0.4720312759713908,0.042422637691491745,0.01832840087772281,16.50496794330943,0.5279687240286092,4.2919852390704305,8.215184699492784,0.4961081042583134,261.8245902401495,0.261591069585328,0.4070702361657615,0.8441827784370549,1.0
SUB00154,126.43557468591034,419.19201637128367,40.6425450148698,3.957584895117641,3.1465713338578483,0.4053732788747488,0.3911585160497794,634.8015312546232,16.910366747255,4.424914540740089,1.3333333333333333,1.24411920853292,1.0506976135695394,-16.126197496830233,-0.11177724590882097,0.032925095987600954,0.9330894063996901,0.13191949650392137,0.4150941060761996,135.50210067624698,0.06691059360030993,0.32144865174088466,24.78905529587817,7.476808550378375,80261.49641567416,0.4053732788747488,0.3911585160497794,1.8962030470218827,1.0
SUB00155,5.833138613848598,54.09691417891355,17.12370260931048,0.00169270574391075,0.2800326809801546,0.3992977476044171,0.4096316741565868,29.90792263116852,12.998753448777386,1.0,1.0,1.0,0.6357740249422137,0.18822456151065978,-0.0006392035676306329,0.0,1.0,5.6423524797024995e-05,1.580043091926114e-05,5.833138613848598,0.0,2.935589867289743,4.161700150101832,0.4487459999018014,174.45705835986544,0.3992977476044171,0.4096316741565868,0.883337227723028,1.0
SUB00156,113.20292370379228,244.24063741873366,31.085775807257946,0.6059806977583274,0.6195286812068711,0.5121171515119984,0.4413952481295236,446.52203999435073,16.508386873475153,3.489692777848195,1.5833333333333333,1.318246686339818,0.5341285296968445,-3.3823495767275435,-0.1380568684645836,-0.04304938595663162,0.8325768545304113,0.02019935659194425,0.01251408075063454,135.96693577032096,0.16742314546958867,0.27460223455533045,14.794942673118912,6.857297722146375,50547.60042554217,0.5121171515119984,0.4413952481295236,1.2256343037723494,1.0
SUB00157,41.258607739322095,302.8558386632014,48.64477741023547,12.706204324567329,6.669251371916483,0.4114246041671287,0.44883978966015614,186.80129583492123,21.671723086966367,2.639978533787911,1.75,1.4559542129584886,0.22639325642127137,0.49751955771547524,-0.06966011688263739,-0.019402310533311744,0.8319738359762792,0.4235401441522443,2.8246956874490605,49.591232266225305,0.1680261640237208,1.1790213018718487,13.974700463266002,1.9037991383405741,7707.161390050077,0.4114246041671287,0.44883978966015614,1.814806379001469,1.0
SUB00158,4.609463562845344,1523.9516701692219,53.6116156700761,1.086766770354363,0.8805471194197915,0.3002101895184638,0.4344526945465272,24.09108758798597,19.479145462957984,1.4845239132742074,1.0,1.0,-0.2474244130482012,6.436984824217316,-0.08773610696632005,0.0,1.0,0.036225559011812104,0.031898311637222815,4.609463562845344,0.0,11.630771116668194,78.23503721285954,0.23663582017038748,111.04699042613707,0.3002101895184638,0.4344526945465272,1.3923346420173006,1.0
SUB00159,69.17190126702796,608.9668648741668,82.80832380976342,4.059154376937125,2.65242862290031,0.4811840585322549,0.481994185500783,371.22497765091316,15.488918895435113,3.61451060353817,4.083333333333333,2.889632227527507,1.2233387767854924,-5.628680941747291,0.033402914345424924,0.022914992682069268,0.7076650353128588,0.13530514589790418,0.3588872418053035,97.74667083339372,0.29233496468714115,1.1971381773950964,39.316292440116094,4.465896021149305,25678.337501923626,0.4811840585322549,0.481994185500783,2.231072578197611,1.0
SUB00160,7.827413623732967,108.82055392667375,31.6358544176525,1.0348920387102234,0.49236278371090075,0.3019623889615649,0.44198432430050016,29.03320328730834,20.317409233964693,1.0,1.5,0.7700481001591862,0.6261776077309567,-2.7052793961268424,0.006469022738499005,-0.0014899497845564126,0.5133654001061242,0.03449640129034078,0.016984744167320497,15.24725589631647,0.48663459989387586,4.041674036712661,5.356025105049221,0.38525648293030634,227.25489095168604,0.3019623889615649,0.44198432430050016,0.8434517275253407,1.0
SUB00161,121.62351845169887,448.8345309278289,43.89825486145896,4.594099206167129,3.1299670939032196,0.4562803197998977,0.4386835145631463,556.2101095101717,15.40914251403862,4.542437603670406,1.5833333333333333,1.3412763195225181,-0.3036695620078137,-4.837675045860205,-0.06835675082994262,-0.02448260888135627,0.847121886014222,0.15313664020557097,0.4793126447143339,143.57263158900014,0.15287811398577797,0.3609355774302201,29.12780711314174,7.8929452655066825,67648.23051703181,0.4562803197998977,0.4386835145631463,2.109967234636428,1.0
SUB00162,0.2332314884898,47.84801572440316,13.34482451823353,0.23457660294049973,0.1866399321458323,0.35658413793325966,0.3860810416507141,1.9083210630112342,17.676016617822327,1.0,1.0,1.0,-0.09802490451241022,3.4488725316061317,-0.017514846801019984,0.0,1.0,0.007819220098016657,0.0014593787085271572,0.2332314884898,0.0,26.68964903646706,2.706945617835587,0.013194799118633888,0.44508056204254753,0.35658413793325966,0.3860810416507141,0.995335370230204,1.0
SUB00163,109.73418514839945,259.01159081261454,28.232052568706575,1.1789010784248002,0.8929692389424787,0.47109465870120015,0.43806376212561965,614.1632342308633,18.65397154014127,3.395398448209536,1.6666666666666667,1.4242432768949227,-0.6100072049062734,-2.206753942180408,0.009641060479385765,0.0027078876669662743,0.8545459661369535,0.03929670261416,0.035090746626315374,128.412267445907,0.14545403386304642,0.257276732228219,13.885064113840338,5.882617806736956,67394.70205642936,0.47109465870120015,0.43806376212561965,1.2007147452415468,1.0
SUB00164,36.032560660895605,317.22188564105437,46.78008296824694,12.94165801034081,6.7400734524064125,0.3341191468801384,0.44291317376280226,182.397554953524,21.11566261479199,2.5595438866138607,1.75,1.4864329376107162,0.2436073133021921,2.0316577780878284,-0.03250602594995729,-0.012343225402828183,0.8493902500632664,0.4313886003446937,2.9075908528540295,42.42167914949782,0.15060974993673362,1.2982725099250327,15.023060911137755,1.7064376012360605,6572.250963261893,0.3341191468801384,0.44291317376280226,1.8388926733959485,1.0
SUB00165,9.580443338232275,1519.2869566570605,57.64636225378147,1.4260143896081479,0.6369686157785206,0.3890513841045509,0.3986488329206976,44.82525030067573,17.442114496896217,1.4811738377495705,1.0,1.0,0.38976242872293226,26.542999113891305,-0.054827155651867666,0.0,1.0,0.04753381298693826,0.03027754706096513,9.580443338232275,0.0,6.017087124114031,87.10451688225152,0.5492707515443206,429.44577062770304,0.3890513841045509,0.3986488329206976,1.2895649709849248,1.0
SUB00166,63.154714717424575,634.5663131195544,79.908487461852,3.44485171414528,2.4223277877823377,0.43789523557512094,0.42702897991085664,305.2850675570843,17.582977080726664,3.5277941860022857,3.9166666666666665,2.9834308426429406,-0.48805296391124303,-5.611363880082108,0.03392697530859884,-0.033518955483274694,0.7617270236535167,0.11482839047150933,0.2781520010654577,82.90990440973441,0.23827297634648323,1.2652814254547653,36.08981062798094,3.5918101028892733,19280.191349057346,0.43789523557512094,0.42702897991085664,2.264699891653794,1.0
SUB00167,4.41600265716274,131.20970552746732,30.118498713633514,1.5902036631835372,0.551767072163685,0.3262245839988848,0.4155950180588075,26.239342729965177,19.818645422461113,1.0,1.5,0.7265584341071865,-0.5908266285060549,-2.240803002501105,0.11509228706465284,-0.005765170011778496,0.484372289404791,0.05300678877278457,0.029247400645958235,9.11695973068409,0.5156277105952091,6.820308104838076,6.620518341720929,0.22282060973541315,115.87300721773005,0.3262245839988848,0.4155950180588075,0.9116799468567451,1.0
SUB00168,125.3337229222612,448.5525280278135,44.580653140388925,4.511641616785395,2.7954890874008047,0.4637489814100464,0.39899142496296197,641.5812507981474,18.083482743807725,4.587882726271777,1.6666666666666667,1.3326931636890538,-0.21939686428544267,-11.616535666744888,-0.10671057542059881,-0.012360970158199085,0.7996158982134323,0.1503880538928465,0.4204081635328965,156.74240995244358,0.20038410178656776,0.3556955949360913,24.80454315037351,6.930839855236341,80411.76671965278,0.4637489814100464,0.39899142496296197,2.0812082678265535,1.0
SUB00169,0.4675744880340383,47.4756494554936,14.076096821377241,0.19391438633099667,0.25310168793173093,0.31503548234942796,0.39470396946787395,3.397605864353107,17.245284919385654,1.0,1.0,1.0,-0.1789691994996183,-0.62884371925708,0.006761764608539717,0.0,1.0,0.006463812877699889,0.0016360019498207008,0.4675744880340383,0.0,28.152193642754483,2.7529640523436987,0.027113178484423392,1.58863382256635,0.31503548234942796,0.39470396946787395,0.9906485102393192,1.0
SUB00170,109.55281772254669,219.95780739704924,32.37772290097925,0.8244158826667748,0.7139421998641544,0.4837028468228591,0.3907381211603049,618.0073382051081,16.144964194330296,3.5553302736680252,1.3333333333333333,1.2297464243745417,-0.12143268670838687,-4.477059304192031,-0.03861233781937565,0.030526312406917545,0.9223098182809063,0.027480529422225827,0.01961950962913553,118.78092973870997,0.07769018171909364,0.2955444102129717,13.623926615724107,6.785572046113232,67704.44527358048,0.4837028468228591,0.3907381211603049,1.3642739192170912,1.0
SUB00171,39.887315897113574,287.5573859296251,50.874728418252126,12.63298308418807,7.150112842579843,0.35702691956083865,0.4381247956646001,214.30039289042463,18.05286841470475,2.5765857657716635,1.5,1.2454731920287057,0.26680112256094196,8.056446715254902,0.05255708767834823,0.015192445775655733,0.8303154613524705,0.4210994361396023,3.010908486344901,48.038748829441985,0.16968453864752955,1.2754613158097623,15.928625818565134,2.2094724772171848,8547.86746809592,0.35702691956083865,0.4381247956646001,1.778839447829392,1.0
SUB00172,3.5044133648464957,1366.4828987804676,51.91146136545192,2.0069450517432394,0.6937682137766389,0.3586334005241385,0.36885181680175644,16.98254818275015,17.488649155702653,1.5755696133077617,1.0,1.0,-0.8672416199344951,-7.9889501142925985,0.03507732126160169,0.0,1.0,0.06689816839144132,0.046411822789859045,3.5044133648464957,0.0,14.813167272498918,78.13541724203944,0.20038216409091755,59.513868820779194,0.3586334005241385,0.36885181680175644,1.5054813460108318,1.0
SUB00173,66.80243569284774,616.9023289532461,86.93400495494545,3.4004220627743025,2.569827091752496,0.44960868327610287,0.4088552546312356,321.4018638776955,16.964998057971584,3.5188531508463448,3.8333333333333335,2.8274338063257995,-1.1484209394216165,10.758630736315169,0.08908774050092651,-0.0023811302453430796,0.737591427737165,0.11334740209247675,0.2912832246770103,90.56834607987373,0.2624085722628349,1.3013598090144656,36.36324194351283,3.937662442670209,21470.427343251158,0.44960868327610287,0.4088552546312356,2.18280443698939,1.0
SUB00174,4.854685766758609,123.60767481489266,28.086099908161327,0.8506920844977298,0.5304473304502554,0.32785994035953486,0.4445442495397975,22.750085502562218,21.712418223153605,1.0,1.3333333333333333,0.7620944059267184,-0.5856707508862262,0.9473294000008032,0.036160846918672246,0.024870408332103862,0.5715708044450388,0.028356402816590996,0.015041578175232797,8.493585972209024,0.4284291955549612,5.785358982547275,5.692948318537839,0.2235902844567395,110.44451628183019,0.32785994035953486,0.4445442495397975,0.9029062846648278,1.0
SUB00175,130.10651947256918,408.76840710095047,45.21542430614403,4.715961839056526,2.9848502260647525,0.4381026638593897,0.40812073829581524,802.3682024298638,18.326500438309367,4.454797391331456,1.6666666666666667,1.424919101237857,1.0987375158906911,6.987530734114018,-0.07279955603703583,0.03610245473307705,0.8549514607427142,0.15719872796855086,0.46921465871402057,152.18000722467087,0.1450485392572858,0.347526199989363,22.304771632584515,7.0993652012577915,104393.3341536114,0.4381026638593897,0.40812073829581524,1.8526670018800728,1.0
SUB00176,4.998476587165662,44.61264784569824,15.650332526675024,0.057809801979274315,0.2252510170725508,0.37757328504910154,0.4605965975069215,26.21796598925682,18.717514466830554,1.0,1.0,1.0,0.7393456741371189,-1.016394777251347,-0.022542728406290173,0.0,1.0,0.0019269933993091438,0.00043405722308647665,4.998476587165662,0.0,3.131020472689539,2.383470728699403,0.26704809530258405,131.04988916040583,0.37757328504910154,0.4605965975069215,0.9000304682566868,1.0
SUB00177,110.60381784394819,234.4914894045755,29.23829238733197,0.4197793069118297,0.760473845011233,0.42258813345828,0.37924826419644037,514.8789950367446,17.47218266573096,3.5171734849348675,1.3333333333333333,1.1568941328650253,-1.2442678881377531,-2.2762229153396785,-0.09036989359353995,0.01704031112172913,0.867670599648769,0.013992643563727656,0.010641039452779654,127.47212811949645,0.13232940035123097,0.2643515654096544,13.420846948017266,6.330280535635701,56947.58257871921,0.42258813345828,0.37924826419644037,1.3050971280559036,1.0
SUB00178,35.33290877850423,323.1067764774638,43.66623205537807,11.96648221286167,7.014693341053481,0.330379258091,0.4324789312586714,177.85068736766019,16.905927555104693,2.549154342206793,1.5833333333333333,1.3630161486244656,-0.6142264549841173,3.6976748370650565,-0.17777339535901782,-0.033658677989525876,0.8608523043943994,0.39888274042872235,2.7980401031465227,41.04410082675049,0.1391476956056006,1.2358516059097757,19.11204075755682,2.0899716187317727,6283.982112955812,0.330379258091,0.4324789312586714,1.8424961666367081,1.0
SUB00179,2.462266499988744,1575.1939361999555,58.38442711133339,0.98250943242452,0.7150615046816307,0.3388235576821918,0.43751248966804024,13.684926453943795,17.493443401134176,1.4284211737340007,1.0,1.0,-0.28843921802664724,-7.768144777951882,-0.04478903417977804,0.0,1.0,0.03275031441415067,0.023418489103779073,2.462266499988744,0.0,23.7116604200237,90.04481851170759,0.1407536780225387,33.69593596235556,0.3388235576821918,0.43751248966804024,1.3791758437342259,1.0
SUB00180,60.832556366581194,627.7075920512358,92.15983147840967,3.8725545456010324,2.040695453242702,0.4044770589716369,0.4177947154041026,268.47539399223893,19.616675813442747,3.4752442653008404,3.9166666666666665,2.92208574158384,-0.9161473115523742,-20.472350563151256,-0.128540125599996,-0.005570181461388197,0.7460644446597039,0.1290851515200344,0.2634234817880795,81.53793791142029,0.2539355553402961,1.5149754832436788,31.998672864904346,3.101063449541965,16332.044538072969,0.4044770589716369,0.4177947154041026,2.258593137969217,1.0
SUB00181,8.563979837453997,105.85361924773444,29.32543230937929,0.5026796022744594,0.31926844660491693,0.3287382483990639,0.44346749530803947,41.286719632180976,17.80197780676192,1.0,1.4166666666666667,0.7796926003289696,0.19915681081377526,6.161134409769972,-0.07399969597069911,0.007884006105682165,0.5503712472910374,0.01675598674248198,0.005349657858604803,15.560369259125466,0.4496287527089627,3.4242761970464315,5.946171846564538,0.4810690098827698,353.578634484614,0.3287382483990639,0.44346749530803947,0.8287204032509201,1.0
SUB00182,123.0012303383969,419.63233517866956,39.10694412985958,4.548347308817551,3.039530931353109,0.3900393874386503,0.42631539235521304,702.9837501885667,15.155592380699316,4.615405537797475,1.5,1.2500261567285011,-0.49979734049473173,-0.18909212180570742,0.058951560920634874,0.035842616166061415,0.8333507711523341,0.15161157696058503,0.46082807772292056,147.59838785330965,0.1666492288476659,0.31793945493284786,27.688283284332215,8.115897237711359,86467.86618109395,0.3900393874386503,0.42631539235521304,2.155380931029537,1.0
SUB00183,0.37234350356074825,32.137116149654744,16.09148541453148,0.05578590759663867,0.2871104722851107,0.3863939826502308,0.4678281119874568,2.1629111943601154,19.571938149628856,1.0,1.0,1.0,-0.06741003256884594,-2.9722859604580214,-0.017228978635371355,0.0,1.0,0.001859530253221289,0.0005338906092308158,0.37234350356074825,0.0,32.18297082906296,1.6419996785174882,0.019024355212762054,0.8053459319988079,0.3863939826502308,0.4678281119874568,0.9925531299287851,1.0
SUB00184,108.41228828571901,233.86258851380694,28.814595334802092,1.1192439456108587,0.8869960315016957,0.48935593733534816,0.40693804039391157,511.6595015766634,15.116510921813784,3.4385658053364434,1.4166666666666667,1.2167929775091137,-1.1176670548019292,1.3330270282837056,0.07316211354121656,-0.021519586459071354,0.8589126900064332,0.037308131520361956,0.03309216460130438,126.22038252212458,0.1410873099935668,0.26578717035159005,15.470672413984964,7.17177984036484,55470.17738905653,0.48935593733534816,0.40693804039391157,1.2703200396220633,1.0
SUB00185,40.96675112126382,302.82248679574315,48.620120438512096,13.213919799691721,6.968653611556597,0.38381395796245693,0.4535923529618688,167.5124259784063,19.715936259351757,2.4927614447538358,1.5833333333333333,1.3518156399744397,-0.25952155136884386,4.680901457430934,-0.046955301172021756,-0.04148198078736755,0.853778298931225,0.44046399332305736,3.0694409978313644,47.98289107669606,0.1462217010687749,1.1868190449028746,15.359274995226611,2.0778496431703704,6862.439864776498,0.38381395796245693,0.4535923529618688,1.6734264223285593,1.0
SUB00186,2.359458227700289,1455.877788901377,62.69647057557146,1.1873509236894153,0.8691730318067256,0.34690596157085357,0.4483725276597392,12.183048687624696,15.567965472663564,1.493422075011285,1.0,1.0,-0.4819821790335726,-1.0584446171827895,-0.03098868929557445,0.0,1.0,0.03957836412298051,0.03440044673872151,2.359458227700289,0.0,26.572401172230247,93.51753711541905,0.15155854705891783,28.745394464489298,0.34690596157085357,0.4483725276597392,1.4462329104572793,1.0
SUB00187,63.66452152376195,640.8524516014883,89.56490184531343,4.072468395350385,2.4053299285363927,0.42082139964429727,0.425060786200205,353.6242978347425,16.396722670257088,3.4608433366812412,3.9166666666666665,2.8630198718377073,-0.89979656086905,0.7447612252203711,0.07080158437958461,-0.0334951195118981,0.7309837970649465,0.1357489465116795,0.3265210038118287,87.09429918883069,0.2690162029350534,1.4068259636866116,39.08417947227744,3.8827589393364876,22513.32172082517,0.42082139964429727,0.425060786200205,2.187552906206002,1.0
SUB00188,10.060778957858547,121.72264080842571,31.60222288262895,1.0104930847806926,0.563364071297011,0.3525623828254321,0.34779635060966746,54.84248968955719,17.002978714136443,1.0,1.1666666666666667,0.8014562462206598,0.7286935430512218,3.758618147060838,0.05924215416829295,0.008126025387271696,0.6869624967605655,0.03368310282602308,0.018975849941984223,14.64531034125017,0.31303750323943447,3.141130822474161,7.158900969935598,0.5917068489589955,551.7581662652713,0.3525623828254321,0.34779635060966746,0.7987844208428291,1.0
SUB00189,127.89755352148524,454.6169806157969,41.709940052914305,5.119334190396288,2.747906561657638,0.4298568910895055,0.5065563621816298,617.0879219071596,17.93723179088325,4.562571960513091,1.4166666666666667,1.226268218633302,-0.7677273661969677,-5.047265244742698,0.16365239949909488,0.040913927666888,0.8656010955058602,0.17064447301320962,0.4689150671036085,147.7557666984484,0.13439890449413977,0.3261199210187202,25.344879628910178,7.130283814835367,78924.03551958305,0.4298568910895055,0.5065563621816298,2.0046208900833866,1.0
SUB00190,4.052866801921195,37.466409923558864,19.2896075420977,0.08731815690108043,0.2298368986082011,0.2819874552272802,0.39616035818656464,19.526319604820074,16.178162052578273,1.0,1.0,1.0,0.3960020541198547,-1.9809349336106288,-0.03557445716293977,0.0,1.0,0.0029106052300360142,0.0006689644791442873,4.052866801921195,0.0,4.759497038726705,2.3158631865470736,0.2505146622187098,79.13757249007827,0.2819874552272802,0.39616035818656464,0.9189426639615761,1.0
SUB00191,106.76194794304068,247.82507940805863,33.158037729235566,1.358966116025876,0.8313165870104361,0.45369405232923166,0.4235059892775614,560.8912491808109,14.283980887078556,3.729449059763823,1.3333333333333333,1.1402366302259832,-0.11610820469879991,-2.8736746343141606,0.01805258099553921,0.01003330164945939,0.8551774726694874,0.045298870534195866,0.03765770244791532,124.84186190005322,0.14482252733051254,0.310579175146991,17.34986075431142,7.474243265028358,59881.84234674879,0.45369405232923166,0.4235059892775614,1.5942101009030094,1.0
SUB00192,41.70660240587139,303.0577218179138,47.868528380705555,12.826024698158546,6.634784003781401,0.36555572735138203,0.4931883177179499,179.95550071174327,18.377452761626206,2.501738444365584,1.25,1.0856258944596364,0.224696683822835,-4.963519638678593,-0.23074155587285058,-0.017466525690265626,0.8685007155677091,0.4275341566052849,2.8365967833149166,48.0213794396349,0.13149928443229086,1.1477446164247296,16.490735998556115,2.2694441360751894,7505.332518934182,0.36555572735138203,0.4931883177179499,1.6676063962481562,1.0
SUB00193,6.379498237597679,1488.253573748467,62.02906247574783,0.9425964146791553,0.8262281058891943,0.39100904468099623,0.47444573082879393,29.108651682052926,17.647849857595443,1.494477990791144,1.0,1.0,0.4447163031551686,-30.887166741344256,0.029334980578213404,0.0,1.0,0.03141988048930518,0.025959988343943467,6.379498237597679,0.0,9.723188276811257,84.33058903818467,0.3614886963043836,185.69859210450136,0.39100904468099623,0.47444573082879393,1.3668880260391905,1.0
SUB00194,65.86941314594895,641.4697813782121,90.71246427567102,4.3560840930929805,2.2159931887233806,0.4317903792080157,0.4788706681102035,295.2747354262843,16.442291228114296,3.4664123732522945,4.083333333333333,2.9772003774304525,-0.17634947956137548,-15.337398614178646,0.15917378481300476,-0.006225746805209371,0.7291102965135803,0.14520280310309935,0.3217684226600103,90.34217931212837,0.2708897034864197,1.3771561024033496,39.013405885998274,4.006096974691724,19449.57353935469,0.4317903792080157,0.4788706681102035,2.1490241103333156,1.0
SUB00195,5.952751641912747,134.3844209120845,31.802083533913315,1.0679637349141438,0.48091283175393024,0.3159875534353161,0.4853503905752729,31.968833453469866,17.86584608842313,1.0,1.4166666666666667,0.7670638441986242,0.5322680372323234,-0.5110336331925528,0.023196052756752822,0.018083829972582063,0.5414568311990288,0.035598791163804794,0.017119915465602153,10.99395427098164,0.4585431688009712,5.3424173301634035,7.521861559031571,0.3331917006589497,190.3025258301779,0.3159875534353161,0.4853503905752729,0.8809449671617451,1.0
SUB00196,130.71800030516366,460.51054206821544,40.759814968404726,4.693823978978695,2.9382071150747504,0.48676656987472877,0.3728428228939433,635.3149251268957,16.631307182380507,4.476020054524052,1.6666666666666667,1.3829078910745654,-0.45074752717904,-8.011977093114817,0.002930092193379734,0.05457384739842988,0.8297447346447392,0.15646079929928983,0.45971423373145587,157.54001784793664,0.17025526535526084,0.31181486002884196,27.689377450504207,7.859755031381331,83047.09657661257,0.48676656987472877,0.3728428228939433,1.861660048420779,1.0
SUB00197,0.7459608284213539,31.107371244891386,14.474830393462895,0.03782546525411957,0.27988120935030936,0.36564643024089577,0.4082550502768045,4.083643172515152,18.577276201465413,1.0,1.0,1.0,-0.08674503199877562,-2.965768027139907,-0.016071808042558644,0.0,1.0,0.0012608488418039856,0.0003528878986520364,0.7459608284213539,0.0,19.404276795733875,1.6744850486982357,0.040154477994061966,3.0462378439466087,0.36564643024089577,0.4082550502768045,0.9850807834315729,1.0
SUB00198,112.67399828595455,258.348066988515,31.849748462306646,0.7263843615745714,0.7640399814155313,0.39818906471614784,0.41958569474584984,541.784391794297,17.674241300778927,3.5776720986587844,1.75,1.405272334715398,0.8930488280017207,-3.2884785433552834,-0.08541485152162681,-0.0022306258684380406,0.803012762694513,0.024212812052485714,0.01849955647059894,140.31408156935942,0.1969872373054869,0.28267168066118853,14.617208319834878,6.375040171087223,61045.01363238755,0.39818906471614784,0.41958569474584984,1.3241921329396935,1.0
SUB00199,36.55128457127882,307.3323304954698,51.43552860510538,12.472564379038632,7.274435671119185,0.3551347327874132,0.46876164846736534,162.9709737478626,18.730797250468928,2.4794348180197336,1.4166666666666667,1.2601864762526473,-0.9704769409431238,8.652655268526733,-0.2492273869771387,-0.0010141705215484036,0.8895433950018686,0.4157521459679544,3.0243622409736375,41.08993982379245,0.11045660499813133,1.4072153471049897,16.407861682864336,1.9514003639307853,5956.798438316536,0.3551347327874132,0.46876164846736534,1.7484091265941573,1.0
SUB00200,5.209020494657204,1513.3736728151134,61.13864045826568,0.6039531638456954,0.7029976097478556,0.3212110839728241,0.47709137932540996,25.825820933429572,16.87183002423914,1.5812229915918685,1.0,1.0,-0.10425456837158122,1.5446552908035702,-0.12351366880999025,0.0,1.0,0.020131772128189847,0.014152587686105963,5.209020494657204,0.0,11.7370704379018,89.69825268752143,0.30874069304714397,134.52723053358167,0.3212110839728241,0.47709137932540996,1.4770425816987245,1.0
SUB00201,64.32811528452969,653.0741140205823,93.04337305585415,4.022408888933354,2.4926175808151485,0.4545059642460691,0.4568477055343119,352.5571523772974,19.325490034765092,3.4627714488361305,3.75,2.9951575189163275,-1.5886664526170862,-13.526424171349305,0.14275050663613015,-0.00444464457279146,0.7987086717110207,0.13408029629777846,0.33421090379274687,80.54014882137668,0.20129132828897933,1.446387363352929,33.79340512689466,3.328666707483654,22679.33714251229,0.4545059642460691,0.4568477055343119,2.176209143145537,1.0
SUB00202,10.944659385620412,111.24487012385192,28.682727446074978,0.5319172318559219,0.4541191540017759,0.30078047576449113,0.39493675998485855,58.13200960746144,17.412290799795073,1.0,1.5,0.8016116760727409,0.9884822746312529,-0.381475343895532,-0.08311554041002274,0.015676192309430393,0.5344077840484939,0.017730574395197395,0.00805179344431259,20.479977485932835,0.46559221595150607,2.620705353677762,6.388870448060813,0.62855941883013,636.2350445552788,0.30078047576449113,0.39493675998485855,0.7811068122875917,1.0
SUB00203,126.30132508512298,439.0390860116888,43.735138846386086,5.7718954516297885,2.9623107138482854,0.421991401948092,0.4452812720444748,615.1671438357242,19.819628295312338,4.6004933234276795,1.4166666666666667,1.1908037621521623,0.28430271011838903,1.9645005085259761,0.10826871954970828,-0.0011401186129602356,0.8405673615191733,0.19239651505432628,0.5699382578525036,150.2572320401023,0.15943263848082664,0.34627616786213467,22.15173157992719,6.372537527103638,77696.42541528241,0.421991401948092,0.4452812720444748,2.07446682172522,1.0
SUB00204,1.8239095515192798,59.808728545664906,15.706480274497013,0.40184361185766737,0.20940861425543358,0.2785306820285701,0.45108013083465326,9.716371353216273,16.62468573072782,1.0,1.0,1.0,0.12465811852156516,0.4837013937931946,0.05112020791802188,0.0,1.0,0.013394787061922245,0.002804983796883748,1.8239095515192798,0.0,8.611435946159629,3.597585513157638,0.1097109191151868,17.72178251723947,0.2785306820285701,0.45108013083465326,0.9635218089696144,1.0
SUB00205,111.19367270785533,249.22682925860911,31.19134503837085,1.2686431747680926,0.7802979507020757,0.3942625563459388,0.41727064895910854,416.10465490646885,22.07571429785295,3.617506953383184,1.3333333333333333,1.133209824070476,-0.7418607215167663,-2.287402667912192,0.14690802714664944,-0.03114323257157853,0.849907368052857,0.042288105825603085,0.0329973223147906,130.8303432674089,0.15009263194714295,0.2805136684379643,11.289638282864013,5.036922982767079,46268.204809884985,0.3942625563459388,0.41727064895910854,1.3936334992260777,1.0
SUB00206,36.074502443914135,295.7551011885136,45.243150397752366,13.948058532451507,6.230027335444455,0.36917136401454576,0.3448170283120735,197.27520609320916,19.078765978887585,2.4907826659470853,1.5,1.2517574385846386,-0.8102622026106208,-0.08904890043011801,-0.2496506087281833,-0.013540720359901205,0.8345049590564257,0.4649352844150502,2.896559531118405,43.22862560901202,0.16549504094357426,1.2541586808603373,15.501794063399798,1.89081948401872,7116.604904333139,0.36917136401454576,0.3448170283120735,1.7692926170688026,1.0
SUB00207,8.55591547125639,1481.8089646169756,62.519916486168164,1.7848831206366207,0.7168044153498867,0.36318709322443365,0.408516194684593,41.81676492524893,16.44381192293629,1.5846529938283778,1.0,1.0,0.5144293034738426,-18.48285415547872,-0.004024848894189333,0.0,1.0,0.05949610402122069,0.042647070058527144,8.55591547125639,0.0,7.3072153057383415,90.11347074276048,0.5203121703990276,357.7807059818289,0.36318709322443365,0.408516194684593,1.41353468440325,1.0
SUB00208,59.49726466153735,616.4269721617226,90.70901357486639,2.880374497280382,2.427709965872527,0.44442166006463674,0.4391259448589382,302.5547751484485,19.98380499561765,3.434868327539046,3.75,2.904081648853125,0.39975039451584077,-2.773667269297411,-0.04036017654797114,-0.03270948508582062,0.7744217730275,0.0960124832426794,0.23309046241642178,76.82798538700769,0.22557822697249996,1.5245913251791257,30.846326427669904,2.9772740814166676,18001.181531619164,0.44442166006463674,0.4391259448589382,2.244923034308299,1.0
SUB00209,9.554451871008675,127.257237554347,28.099682599115297,0.731338887959978,0.6123271057144192,0.3355183883174706,0.449124081877928,51.18045542987136,18.759505563788505,1.0,1.75,0.7382272083123745,0.6592807113238153,-2.0883060263475106,-0.06980754270576472,-0.02278291483999082,0.4218441190356426,0.02437796293199927,0.014927287485364508,22.649247529752564,0.5781558809643573,2.9410041495293835,6.78361362572326,0.5093125636238326,489.0011981410105,0.3355183883174706,0.449124081877928,0.8089109625798265,1.0
SUB00210,118.9581438054022,387.31542222448974,42.731543460176056,5.48193800055513,2.842751066884104,0.5321130679318417,0.4033390089655729,667.0067987503611,20.641903202025063,4.478579260851046,1.5833333333333333,1.1761221362471368,-0.013609786414416914,2.1211199461182324,0.04655287735527556,-0.002390086025973791,0.7428139807876654,0.18273126668517098,0.5194595033223535,160.14526770115626,0.25718601921233464,0.35921494815923233,18.763551908648246,5.762944561901244,79345.89068492642,0.5321130679318417,0.4033390089655729,2.0994163847430025,1.0
SUB00211,0.6193246403419961,40.42757663284113,15.925734536523956,0.6089953579574164,0.29325543404558335,0.4190907244927657,0.41057337164842567,3.3707349871263417,17.999791217209275,1.0,1.0,1.0,-0.06246534786845182,-0.41256243856873864,0.04309445517108657,0.0,1.0,0.020299845265247213,0.0059530399343182515,0.6193246403419961,0.0,25.714679344470515,2.2460025310843084,0.034407323555501634,2.0875792335902044,0.4190907244927657,0.41057337164842567,0.9876135071931601,1.0
SUB00212,111.87525945903609,262.29879695262355,31.597065993852368,1.7121885187096042,0.5416946706067519,0.4703519819402538,0.4009142431460226,503.14505511268726,19.211441050957795,3.5031393978707803,1.5,1.150498134871297,-1.0712515399066393,0.012079334555416037,0.18445227896153657,-0.0041014509473219956,0.7669987565808647,0.05707295062365347,0.030916113188635384,145.86107017663863,0.2330012434191353,0.282431219794595,13.653259859938853,5.823366355615395,56289.4835862629,0.4703519819402538,0.4009142431460226,1.2656342086900585,1.0
SUB00213,40.760352711861096,337.77596793733846,47.833404941197465,13.06967246298091,6.880244429596125,0.3607854110400231,0.41106399787832587,217.82578466517327,18.387648378654713,2.364114428738125,1.6666666666666667,1.3128868703437433,-0.28685683152556757,-7.457573210607999,-0.14248889350618466,5.6075493576906635e-05,0.7877321222062459,0.4356557487660303,2.997418038669009,51.74392609216096,0.21226787779375406,1.1735277483817783,18.369720857260106,2.2167246116788766,8878.655812690367,0.3607854110400231,0.41106399787832587,1.548907374500903,1.0
SUB00214,4.363667497694258,1474.2473038023743,63.97909856943979,0.8124196329399168,0.6707765442033523,0.35929639369470934,0.37771779989894533,17.799637039384592,15.516511482843155,1.5812188928828306,1.0,1.0,-0.5925944741434027,0.36354799884547884,-0.07391929428916257,0.0,1.0,0.02708065443133056,0.018165067794213112,4.363667497694258,0.0,14.66177214539056,95.0115175973976,0.28122735593752707,77.67169761951739,0.35929639369470934,0.37771779989894533,1.4939455429289454,1.0
SUB00215,68.53589270964692,625.0249210349596,83.09169898928683,4.0412521943846755,2.2100922417473297,0.44671516264166405,0.45185316420971877,307.1650851929249,21.314828826021554,3.5330432970686303,4.083333333333333,2.9366833541560857,-0.9604006843660194,-12.81197095599471,0.07144567690773988,0.015990549662231037,0.7191877602014904,0.13470840647948917,0.2977180040584647,95.29624460022183,0.28081223979850956,1.2123822380384792,29.323478322843346,3.2154090126202175,21051.833322931856,0.44671516264166405,0.45185316420971877,2.1623254428756917,1.0
SUB00216,4.083241789006617,115.1710415930243,28.989199667446897,1.675306569661408,0.5031843896210443,0.3321279115764242,0.4451947844686807,18.420292816638764,19.721927064395498,1.0,1.3333333333333333,0.7530145694567655,-0.2679035230079191,-1.3735656614628773,0.13291509260462822,0.027857081034538777,0.5647609270925742,0.055843552322046935,0.02809960378944004,7.230035919849147,0.43523907290742586,7.099555001982745,5.839745843140529,0.20704071035625105,75.21450939463779,0.3321279115764242,0.4451947844686807,0.9183351642198676,1.0
SUB00217,124.3355224983204,443.34344511434983,43.42788598126402,5.489209265929197,3.1387968005022677,0.43075788700332907,0.42846529989677684,624.2285459666649,18.338704343249244,4.374152307453868,1.3333333333333333,1.1410328824766274,0.4690480794205841,2.6660816929779436,-0.1984900102080389,0.014021879286360261,0.8557746618574705,0.1829736421976399,0.5743170827061989,145.29002556402926,0.1442253381425294,0.3492797963820088,24.17528724037428,6.77995130796087,77613.7824211321,0.43075788700332907,0.42846529989677684,1.88744185748746,1.0
SUB00218,4.144445268356806,37.755575768382556,14.157815842592791,1.0232938303946175,0.2410822203628532,0.3545624761875305,0.4299139224021815,19.402642383588578,20.534775682106883,1.0,1.0,1.0,0.42857783809435507,-3.586861608434786,0.1856556265804331,0.0,1.0,0.03410979434648725,0.008223264957171444,4.144445268356806,0.0,3.4160942963076204,1.838616420888451,0.2018256898695074,80.4131894202829,0.3545624761875305,0.4299139224021815,0.9171110946328639,1.0
SUB00219,104.75294410453684,232.18214518466178,32.01074659742384,1.7749176802813704,0.59777872599899,0.44563094508263523,0.3653795341458846,537.3040802523707,20.698496874192557,3.5334532265338168,1.4166666666666667,1.1549516877887378,-0.3771962911288105,-0.43278352433588213,0.12961920678314862,-0.006776517889667715,0.8152600149096972,0.05916392267604568,0.03536693432238934,128.49022666239784,0.18473998509030276,0.3055832642324509,11.217343297722875,5.060896196532301,56284.18428581616,0.44563094508263523,0.3653795341458846,1.43839434444308,1.0
SUB00220,40.70943613937004,313.7971732739181,42.89760755533698,13.67424867308027,6.513976959109873,0.3835582618764139,0.4349818952130742,252.0376810656945,18.48742513905233,2.5849465134245273,1.5833333333333333,1.2808140359320905,0.6464136352631707,5.754525933152851,0.07452912607256905,-0.038135104172215065,0.8089351805886887,0.4558082891026756,2.969124692986121,50.324719602063105,0.1910648194113112,1.0537509634983808,16.973546662864454,2.202006814533439,10260.311882058804,0.3835582618764139,0.4349818952130742,1.7707577906371266,1.0
SUB00221,2.1433745538986932,1548.5636371455419,63.65998345039747,1.5865043842901219,0.752205385546325,0.3664541222172391,0.4279951078238216,10.932868145300034,18.230207412473142,1.5263571427459819,1.0,1.0,-0.26397624084496224,-8.910068609731608,-0.023736606323475015,0.0,1.0,0.0528834794763374,0.03977923806852954,2.1433745538986932,0.0,29.7008207616364,84.94492696150081,0.11757269159933925,23.433231383765694,0.3664541222172391,0.4279951078238216,1.483489651668008,1.0
SUB00222,68.27612048624087,592.3115911712588,88.5913190823324,3.537431304534523,2.3173385625865217,0.4562744814363115,0.39097019455603194,346.39976066957735,21.051160145423246,3.455278506860355,4.0,3.105727435874121,0.5176783327762369,12.442713731807881,0.08585982789331256,0.00492065529805897,0.7764318589685303,0.11791437681781744,0.27324753248328654,87.9357534052556,0.2235681410314697,1.2975447118467356,28.136767146300667,3.2433424103271977,23650.831795881066,0.4562744814363115,0.39097019455603194,2.0897560971355373,1.0
SUB00223,7.025916722444898,114.57788282826226,32.772186167421225,0.4766268007041929,0.5436737370954218,0.3884758482935682,0.4368328259266545,35.95617615354488,19.767651802272592,1.0,1.25,0.7708633838452686,0.13894608486186003,0.38548185939057067,-0.0768170144642776,0.005153708960292041,0.6166907070762149,0.015887560023473097,0.008637649131289445,11.392934321574895,0.38330929292378507,4.664471194588407,5.796231336647168,0.35542495349079156,252.62509931236545,0.3884758482935682,0.4368328259266545,0.8594816655511021,1.0
SUB00224,122.63283911466715,420.64406638892746,44.112887971071245,5.824995376676596,2.8102331474886455,0.45079133083171224,0.41461401770687867,619.1757607129194,19.88424378598028,4.484979650635439,1.75,1.4046977694066778,-0.6675777058641609,0.11365032905966022,0.21282364683529434,0.04282699002708727,0.8026844396609587,0.19416651255588654,0.5456531697168227,152.77839342004106,0.19731556033904127,0.3597151325007141,21.15464238501791,6.167337336767692,75931.2814472091,0.45079133083171224,0.41461401770687867,2.0323228683420957,1.0
SUB00225,4.035284124403415,52.33418440489694,14.20392192613115,0.2647758966729659,0.3581430648017499,0.35328481484302915,0.402334945535513,22.33379051232828,16.571220289956145,1.0,1.0,1.0,0.3367486761002316,0.6501010830598736,0.0022802051543839327,0.0,1.0,0.008825863222432197,0.0031609217040029156,4.035284124403415,0.0,3.519931060178095,3.1581370284852714,0.2435115853748689,90.12319029214994,0.35328481484302915,0.402334945535513,0.9192943175119317,1.0
SUB00226,107.82701165787034,244.1360932839482,28.926538726322175,0.8835543222106891,0.6547050523119661,0.47073413713988277,0.357405480145722,662.0237901375417,17.66021196357084,3.4074583213486185,1.3333333333333333,1.1429683352656481,-0.20536987725233663,0.947168487174222,-0.10369984557596022,0.03354887666985225,0.8572262514492361,0.029451810740356302,0.019282249291447097,125.78594213088645,0.14277374855076386,0.26826801820405277,13.82407491979981,6.105646516604326,71384.04693694822,0.47073413713988277,0.357405480145722,1.2509180881912116,1.0
SUB00227,41.3252852482593,332.44100833601686,43.150893433645166,12.642523595148292,6.546592555478724,0.31011397618157577,0.4471735605372142,240.94448217400375,20.975937823522653,2.496000023300438,1.75,1.4293341173644765,0.23824921559321732,2.308805565706971,0.13298312450443386,-0.020956679401897493,0.8167623527797009,0.4214174531716097,2.758848361682064,50.596461881006476,0.18323764722029917,1.0441765416601152,15.848683912631252,1.9701281342432593,9957.099454834834,0.31011397618157577,0.4471735605372142,1.6694943183352522,1.0
SUB00228,6.363426157973436,1523.0791689912296,60.82444929429351,1.1405837348266978,0.7250587969480792,0.35868104762485986,0.3673240910754152,30.793068524096697,19.711361040950276,1.4758850171780507,1.0,1.0,-0.0753742330528427,14.471374504453186,0.020997855895132013,0.0,1.0,0.03801945782755659,0.027566342353066414,6.363426157973436,0.0,9.558443483795262,77.26910210954173,0.3228303791277245,195.9494177305054,0.35868104762485986,0.3673240910754152,1.3486164940185819,1.0
SUB00229,66.35878542471356,636.5713962719277,99.5935665265115,4.378947124658212,2.3353936651197307,0.4562073009001287,0.4254963748951915,326.2178718519097,19.409001729030944,3.4514306482999886,3.9166666666666665,2.9579616044836285,1.4466738733736861,-13.388349412153769,0.16069897361427227,0.06391651343148838,0.7552242394426286,0.14596490415527372,0.34088551249403487,87.86633420782117,0.2447757605573714,1.500834680579017,32.79774020112422,3.4189695251280052,21647.42175992758,0.4562073009001287,0.4254963748951915,2.1242549398057173,1.0
SUB00230,3.0834551253437055,102.40678198703563,32.067540261417534,0.4867937352646865,0.428943429523696,0.36448354788422854,0.4198060480743137,15.087197780808308,17.600371853440475,1.0,1.3333333333333333,0.7505158918759105,-0.3836393586367284,4.51909177515698,-0.04937506386425897,-0.02909079931853508,0.5628869189069329,0.016226457842156216,0.00696023247583616,5.477929974516819,0.43711308109306707,10.399872531903004,5.818444226052953,0.17519261246409176,46.520697324307555,0.36448354788422854,0.4198060480743137,0.9383308974931259,1.0
SUB00231,133.34421371348955,403.96466181351497,44.883191845308055,5.262583876731523,2.900960259311427,0.4611995817770569,0.45859201847765046,557.5506635915156,17.99746001810459,4.523557855411645,1.6666666666666667,1.162260442926688,0.2815687663476362,2.219779967659186,0.0814955682395276,0.035969210354182574,0.6973562657560128,0.17541946255771743,0.5088848895897071,191.2139035116138,0.3026437342439872,0.33659647160803285,22.445648519688095,7.409057365836713,74346.15484204497,0.4611995817770569,0.45859201847765046,1.856673581141854,1.0
SUB00232,3.236015366990438,45.347358027447285,12.64896876086837,0.7434441848428038,0.24905849409681582,0.3800528608080698,0.421934562655778,17.888548894429416,16.43778175072814,1.0,1.0,1.0,0.3860199039147723,-2.536225695010966,0.07222382482550972,0.0,1.0,0.02478147282809346,0.006172036304066117,3.236015366990438,0.0,3.9088098560644893,2.7587273462514825,0.19686448062537962,57.887619115533404,0.3800528608080698,0.421934562655778,0.9352796926601912,1.0
SUB00233,110.43045817951948,233.6090576392971,27.901155098946735,1.099196175843691,0.7667925613499391,0.43478163065141123,0.35986365300392814,497.7097629297682,17.44771920165556,3.468388353661089,1.4166666666666667,1.2877712599389124,-0.3649917620126348,3.525739631116723,-0.006887202941741787,0.02255466501615275,0.9090150070157028,0.036639872528123035,0.02809518170337473,121.4836469444688,0.09098499298429719,0.25265814847557433,13.389088564488743,6.329220278203531,54962.31716075432,0.43478163065141123,0.35986365300392814,1.2597791900706992,1.0
SUB00234,47.708381075726784,303.05163705415845,45.92800089617887,12.079865930686367,6.553268989650694,0.3714664039848155,0.3714830210138799,242.15433263955674,19.779148904103305,2.5187481696049265,1.5833333333333333,1.212949735907735,1.29353529902367,4.919171183437425,-0.20238541632767057,0.021431329949914906,0.7660735174154116,0.4026621976895456,2.6387536934234963,62.27650478858206,0.23392648258458837,0.9626820248475432,15.321773374752668,2.4120542955126543,11552.791180706277,0.3714664039848155,0.3714830210138799,1.5645805480903907,1.0
SUB00235,9.685256740655715,1518.7758399688394,57.888273804186305,0.9874189791339684,0.8497970157569475,0.34935689015070515,0.4125679288235438,41.71430703865434,16.56538167767437,1.509081771176741,1.0,1.0,0.6130941150136581,-19.673686755764788,-0.12198432756138461,0.0,1.0,0.03291396597113228,0.027970190058993934,9.685256740655715,0.0,5.976947783034932,91.68372148139129,0.5846684929517083,404.0137734279091,0.34935689015070515,0.4125679288235438,1.3153766363636268,1.0
SUB00236,65.07968714227735,629.4405811871485,91.08257258633226,3.5354794789468653,2.500379920405933,0.47839737378286645,0.49413947158667987,327.75707629757665,17.835355917684904,3.5365794774195156,4.166666666666667,2.9439127101804545,0.2334436547849185,7.188018853569379,-0.05992880368871746,0.026817344933156004,0.706539050443309,0.1178493159648955,0.2946680632721991,92.11053104770915,0.29346094955669094,1.3995545551288122,35.29173087950645,3.648914405893445,21330.327984113814,0.47839737378286645,0.49413947158667987,2.2349857345739688,1.0
SUB00237,7.493496960533353,97.77328948684884,26.6348057328573,1.2961297343238718,0.5644109555138449,0.3457390729048851,0.4489928554898755,44.312547715496045,19.185663730165356,1.0,1.4166666666666667,0.7570529002415499,0.11572985723561138,-0.04354721374799614,-0.04186782406701144,0.0366484931389556,0.534390282523447,0.04320432447746239,0.024384994060654745,14.022517260509067,0.46560971747655305,3.5543893422706554,5.0961640348736665,0.3905779370432429,332.0559416195588,0.3457390729048851,0.4489928554898755,0.850130060789333,1.0
SUB00238,126.96685194062144,436.23556264618946,42.66021671732528,4.402103813918715,2.8408190818891863,0.4656578832282394,0.4526973491420914,637.2664986181952,19.16109550717475,4.590164242797832,1.5,1.3201037547081846,0.7983064652782753,7.891589628738458,-0.061256539936754985,-0.006596835436258619,0.8800691698054565,0.1467367937972905,0.4168526838345816,144.26917371584335,0.11993083019454358,0.33599491572238216,22.766733900096884,6.626283549031918,80911.72117677463,0.4656578832282394,0.4526973491420914,2.0508272039854036,1.0
SUB00239,0.8042387682132315,40.749652166983275,16.888499201858874,0.40493008044983125,0.24985040894692323,0.41232345465660564,0.4104138409580675,4.0902428052531095,17.209692596607756,1.0,1.0,1.0,-0.15084915634837362,2.8145865869597597,0.019506247420497693,0.0,1.0,0.013497669348327709,0.0033723982065100287,0.8042387682132315,0.0,20.999359729175787,2.3678314960149573,0.04673173350997315,3.289531835389793,0.41232345465660564,0.4104138409580675,0.9839152246357353,1.0
SUB00240,110.14494196961549,226.94147938110794,32.04012568792141,1.59733763737849,0.7088345130422842,0.467618456939999,0.44758536600523086,532.6463694383858,17.90833126283977,3.52416711140785,1.6666666666666667,1.2464345347922694,0.3934103072190868,0.16130042484693388,0.1685148614393164,0.01495028156089351,0.7478607208753616,0.05324458791261633,0.03774160154517649,147.2800200559968,0.2521392791246384,0.29089057667995305,12.672396777248427,6.15048607003205,58668.303452117376,0.467618456939999,0.44758536600523086,1.3212682720155402,1.0
SUB00241,40.78067456138277,310.9761323842932,47.466670628963264,12.722643870545381,7.058356156964735,0.39696077646964884,0.38313478237353943,216.99020456932377,19.21347972016442,2.5273688618498777,1.5,1.2012421254006542,0.5215657038656307,1.548249512350546,0.1155743433770197,-0.016227322953455338,0.8008280836004361,0.4240881290181794,2.9933650565511214,50.92313243815986,0.19917191639956386,1.1639501096902354,16.185310360929876,2.1225033234653337,8849.006915549464,0.39696077646964884,0.38313478237353943,1.7117553706222224,1.0
SUB00242,7.070428579578323,1461.041820016052,58.5908283397954,1.6575317779161034,0.7660963209980333,0.41255669234138437,0.40879028757892244,32.59976436760895,18.624272167782205,1.3755512087816013,1.0,1.0,0.45023239876483173,-2.9961307637993255,0.21490691026834902,0.0,1.0,0.05525105926387011,0.0423276332332952,7.070428579578323,0.0,8.286743537587608,78.44826401020289,0.37963516189423663,230.49430567226136,0.41255669234138437,0.40879028757892244,1.2341426371900348,1.0
SUB00243,62.282638678301936,642.1841730261818,85.28875936184214,4.2850417755594865,2.4199792116559515,0.4729220685960955,0.39812009427459794,304.68081989066235,19.143883784130377,3.5119222742283935,4.166666666666667,2.84045631716079,0.4294054727174014,-4.158138256954967,0.07766564091463767,0.05322608157552551,0.6817095161185895,0.1428347258519829,0.3456570672643755,91.36243107316007,0.3182904838814104,1.3693825626491174,33.54513536895426,3.2533961959136057,18976.325417458913,0.4729220685960955,0.39812009427459794,2.2662695006623546,1.0
SUB00244,11.595781427995192,113.72650902309779,30.054026007045724,0.30636857720661637,0.6076116738322576,0.4173837816499362,0.4365234964982459,67.07372879638375,17.34845412122618,1.0,1.5,0.7341085769543012,1.0171132886871814,4.542212137370393,-0.005832656159942246,-0.0048079721632665,0.48940571796953414,0.010212285906887213,0.0062051041335373135,23.693596135542162,0.5105942820304659,2.5918068733589266,6.555426104735818,0.6684043054768506,777.772298683493,0.4173837816499362,0.4365234964982459,0.7680843714400962,1.0
SUB00245,130.2206616776551,389.1512386894208,45.68319041527071,5.520481606411384,2.8903648313028962,0.46041868194944,0.388487023925513,642.0628299771664,17.949265236635572,4.486709858023521,1.75,1.498534246833892,0.5071662315612415,10.167999926111058,-0.11692022567320715,0.039371686538571836,0.8563052839050812,0.18401605354704614,0.5318735295675328,152.07270599078734,0.14369471609491885,0.35081368675850927,21.680622218180762,7.254929935063113,83609.84655825437,0.46041868194944,0.388487023925513,1.8822966244704191,1.0
SUB00246,0.21854546469993844,53.04536797930573,16.706297792417203,0.0241842897070927,0.20325967412931278,0.34766926966928685,0.4637165103566381,2.001358939626122,16.92629962656538,1.0,1.0,1.0,-0.09595070662435881,-0.6408192230323366,-0.008488588844874924,0.0,1.0,0.0008061429902364234,0.0001638563614970852,0.21854546469993844,0.0,33.412595584834406,3.1339022201906683,0.012911591400458083,0.43738791949196687,0.34766926966928685,0.4637165103566381,0.9956290907060013,1.0
SUB00247,109.72802746234761,231.0514717786659,32.81749764685167,1.5323042186966411,0.7774441164885407,0.441133247346758,0.44427353141643294,533.9156652053078,16.847762127135358,3.4084536608684037,1.5,1.259635341366685,0.7994596882132432,-4.247853066243635,0.10035129808513395,-0.010257723440185752,0.8397568942444567,0.05107680728988804,0.03970936331654246,130.66642050146163,0.16024310575554335,0.29908035718688886,13.714074904139913,6.512914097096454,58585.512774225615,0.441133247346758,0.44427353141643294,1.2138931116214513,1.0
SUB00248,38.96853548187674,298.8097585340782,43.242168894779866,12.968333617783651,7.059507713009425,0.32500444595739136,0.4512075667012914,210.06410555366196,18.604556177418793,2.499550891128484,1.25,1.1671615999914573,-0.3947606902210643,4.159925010100893,-0.14497613600114068,-0.0009599528090853103,0.9337292799931658,0.43227778725945504,3.05166837332077,41.73429742094193,0.06627072000683416,1.1096688228093838,16.061106520603666,2.0945694758993847,8185.890550736577,0.32500444595739136,0.4512075667012914,1.7201801814909492,1.0
SUB00249,9.678100747810682,1465.3270655435645,58.09461213461816,1.1086189109284887,0.8266884255828227,0.37432907432171575,0.4351436899016692,45.54413680220583,20.090715156414067,1.5177686177531156,1.0,1.0,0.9448460706198051,16.095970074100823,0.0007501544689809767,0.0,1.0,0.03695396369761629,0.0305494140682272,9.678100747810682,0.0,6.002687267722435,72.93553535229685,0.4817200718074437,440.7807444438202,0.37432907432171575,0.4351436899016692,1.324206602796902,1.0
SUB00250,67.52649353332734,587.960697937924,95.18684753061551,3.2991766837424694,2.3510829534002724,0.4067799434698302,0.4123226234306033,358.9998559824074,17.231354878092272,3.3972504161754578,3.6666666666666665,2.9196263319761866,-0.34074995806741637,-6.511149946328711,-0.06540862485790554,-0.01567765503995322,0.7962617269025963,0.10997255612474897,0.258554602046752,84.80439439931489,0.2037382730974036,1.409622246765065,34.12155933747554,3.9188150909235624,24242.00145346148,0.4067799434698302,0.4123226234306033,2.046720545508911,1.0
SUB00251,3.61829373397992,127.73304139351285,29.144441150466026,1.7478330455932134,0.5400959603371551,0.29133707920600954,0.3728414015786568,14.853009445292754,16.504150775904336,1.0,1.5833333333333333,0.795097240280963,-0.6573619690556766,3.8773072027478244,0.1375741061615252,-0.0035652783581263917,0.5021666780721872,0.05826110151977378,0.03146658557562271,7.205364059340841,0.4978333219278128,8.054747152439937,7.739449495335442,0.2192353780033652,53.74255100664734,0.29133707920600954,0.3728414015786568,0.9276341253204016,1.0
SUB00252,122.26892949176347,448.73977785486295,38.98062252265981,4.498158368261095,2.721568533118979,0.4724208583427152,0.3894771072356484,619.1344404943615,18.175734525437544,4.481252343631275,1.3333333333333333,1.1589530441313005,-1.088702168474783,7.6285555191149,-0.10623199629763273,-0.005162068993940321,0.8692147830984754,0.1499386122753698,0.4080682090681736,140.6659572170568,0.13078521690152456,0.3188105325260552,24.688948731443933,6.727041997705459,75700.9052507275,0.4724208583427152,0.3894771072356484,2.0358737537960057,1.0
SUB00253,0.5796251299269182,49.22114902963795,12.845975612784855,0.43172110765170596,0.22730774241785714,0.3639126195876384,0.39638200132384177,2.581603810163935,21.800386059550934,1.0,1.0,1.0,-0.17078659126623819,-0.9856621149164949,0.03980998754070758,0.0,1.0,0.014390703588390199,0.003271118344481532,0.5796251299269182,0.0,22.16255809061373,2.2578108889990847,0.02658783786413633,1.4963624438860978,0.3639126195876384,0.39638200132384177,0.9884074974014616,1.0
SUB00254,107.77139816447853,233.06842655794853,29.010149448618336,0.8448974426686217,0.6307058196628484,0.4504919510443733,0.40513647152795634,527.682668175336,18.84077762152668,3.4566464937676233,1.5,1.1602445693500478,0.21507698611108578,-3.9738295198461935,0.020788909500895476,-0.009127299073271524,0.7734963795666986,0.028163248088954054,0.01776272447031192,139.3301908211264,0.22650362043330144,0.26918226860473343,12.370425002609995,5.720114123174166,56869.09893641853,0.4504919510443733,0.40513647152795634,1.301218530478053,1.0
SUB00255,36.41871924715116,279.8177544275862,42.48910363144934,13.07844719070785,6.760808612944956,0.3678377905674017,0.4051239904702845,191.75709903371225,17.345046417551718,2.5034537819082527,1.5833333333333333,1.2726732031647197,-0.6851326986409235,-1.0404556884678546,0.01611132687575929,-0.04116594478448012,0.8037936019987704,0.4359482396902617,2.9473626136961135,45.3085458214519,0.19620639800122966,1.1666830824857475,16.132430417968457,2.099661100376099,6983.547953356928,0.3678377905674017,0.4051239904702845,1.7750793969652294,1.0
SUB00256,4.605349644065387,1484.0227830969059,57.69690233104614,2.020730746252333,0.899835030298947,0.3895399009979737,0.4416137205854211,24.347710606833587,17.967670288311123,1.4468966994571162,1.0,1.0,-0.1486791278077089,-18.451168954931173,0.07290786440364178,0.0,1.0,0.06735769154174444,0.06061081040933273,4.605349644065387,0.0,12.52823494203016,82.59405695252198,0.2563131207422812,112.12972037698812,0.3895399009979737,0.4416137205854211,1.3547897065758083,1.0
SUB00257,65.68484729698407,616.6580730030956,92.84253986063554,4.140341204778207,2.4321874932415244,0.46532192361533253,0.43235184712043,356.9181343225162,17.255901524743,3.48434128936956,4.0,3.008347837414933,1.2224547283203604,13.575806311429519,0.2094541988875191,0.03362236730232902,0.7520869593537333,0.1380113734926069,0.3356695365338033,87.33677200496459,0.24791304064626674,1.413454452301032,35.73606815725496,3.806514959696512,23444.113150498928,0.46532192361533253,0.43235184712043,2.1706443434298786,1.0
SUB00258,6.130597060507452,122.39280070503355,33.034212382059295,0.3112503519112566,0.4510445189197594,0.39394680414035615,0.44845873797522584,30.503474722932655,18.095953485022935,1.0,1.5,0.7349262684379209,-0.012813965236672322,1.6386758029200064,-0.09137485809518825,0.004240543048427873,0.4899508456252806,0.01037501173037522,0.004679592174713951,12.512677782367163,0.5100491543747194,5.388416830533783,6.763545275817138,0.3387827596695263,187.0045124716743,0.39394680414035615,0.44845873797522584,0.8773880587898509,1.0
SUB00259,122.36833279087017,416.58519276727344,42.293803168080636,4.605699183708378,3.050851400900004,0.5002475946549045,0.43770184378576676,692.2106370248725,17.366316292578247,4.599215648599454,1.5,1.1206710405969698,0.019105158262109744,-3.8778940057819,-0.04527758731772723,-0.009491504206279045,0.7471140270646465,0.1535233061236126,0.46837679355802364,163.78802747372572,0.2528859729353535,0.34562702787134936,23.988115023869934,7.046303356985735,84704.66159283984,0.5002475946549045,0.43770184378576676,2.151848992782051,1.0
SUB00260,1.10782541522766,55.567908454528755,19.7142689899519,0.03888641441186651,0.265173647857485,0.3420841707479807,0.4776398067620473,4.810571455761888,21.248685385926745,1.0,1.0,1.0,-0.09069920689424482,-0.34593153844383295,-0.014684380267418114,0.0,1.0,0.0012962138137288836,0.00034372174538975064,1.10782541522766,0.0,17.795465530009153,2.615122180280011,0.052136186079605,5.329273320461743,0.3420841707479807,0.4776398067620473,0.9778434916954468,1.0
SUB00261,111.68307837422157,238.52615538642033,31.461654399186372,1.3693135435193706,0.6097131096865914,0.43247562814801355,0.41405507528794244,452.49124353772237,15.140422239338449,3.5175505619000482,1.4166666666666667,1.2030505974291108,0.17759729816460498,4.5957628599321465,0.030813148246771855,0.041523353226023366,0.8492121864205487,0.04564378478397902,0.027829613958505372,131.51374904894925,0.15078781357945123,0.2817047565054249,15.754260456929144,7.376483733990069,50535.615015672425,0.43247562814801355,0.41405507528794244,1.283888994415617,1.0
SUB00262,38.6387335423015,298.5575376444239,51.39834967519607,12.164049541603658,6.931344143396008,0.32007467912121873,0.43309045030274257,222.81828736600997,14.774907254294618,2.454640796522389,1.5833333333333333,1.1716539128503702,-0.7421099791942227,-1.7499277047503934,0.010077328201719275,-0.011843813697095598,0.7399919449581286,0.4054683180534553,2.8104404516724473,52.21507315797582,0.2600080550418714,1.3302286323366526,20.207066785995714,2.615159126029058,8609.416433887225,0.32007467912121873,0.43309045030274257,1.681866125676359,1.0
SUB00263,3.951923509247244,1543.3385350343115,55.52205869759942,1.4993942348430054,0.7056044154798814,0.37339268876283166,0.44566893646881156,17.49760137809908,19.15843339192615,1.4478355958292737,1.0,1.0,-0.4165983005600628,0.7499557856565452,0.014523488750524968,0.0,1.0,0.04997980782810018,0.03526597308834343,3.951923509247244,0.0,14.049375846390097,80.55661459692803,0.20627592185656918,69.14918224154673,0.37339268876283166,0.44566893646881156,1.3687971256443288,1.0
SUB00264,59.566974565897475,636.796163182369,99.49465463095966,3.6841671829109166,2.537336152254556,0.47572733940692163,0.439482270989179,339.5550341328994,19.13311106064528,3.454850426159048,4.083333333333333,3.0420712549028788,-0.7727053698182045,-2.600446013370931,0.16073811783875455,-0.007025922931750819,0.7449970420170315,0.12280557276369722,0.3115990194716564,79.95598801925941,0.2550029579829684,1.6702989425942925,33.282416077759,3.113292677656601,20226.266081916867,0.47572733940692163,0.439482270989179,2.2635109348410984,1.0
SUB00265,11.49827375003638,117.96813472674005,32.11988739626188,0.5686141432204982,0.5571347067176315,0.276656151998251,0.4426003483294278,62.23143447951971,17.46459485217787,1.0,1.75,0.8160437418275542,0.6286576725858688,2.440722634780306,-0.12290734679964815,-0.01115034719024181,0.4663107096157453,0.018953804774016605,0.010559822463954985,24.657966272126412,0.5336892903842547,2.793453008210059,6.754702054369682,0.6583762089735807,715.5540695029705,0.276656151998251,0.4426003483294278,0.7700345249992724,1.0
SUB00266,122.52997045913422,427.26685745914915,43.40712686171813,5.102946830628122,2.9360169108751815,0.46441738384478004,0.4140641290368607,673.0385845844304,16.832650043763614,4.459386915838895,1.3333333333333333,1.2254451376253492,-1.3025128333729503,-3.3683344064613006,-0.011080262186653703,-0.009385481833277401,0.919083853219012,0.17009822768760408,0.4994112730007026,133.3175096374325,0.08091614678098802,0.3542572213072975,25.383219893973184,7.279303623646044,82467.39788698776,0.46441738384478004,0.4140641290368607,2.00878750665621,1.0
SUB00267,2.4412870171746026,45.77685388705916,14.20145134753102,0.23472328782359334,0.26878621074361925,0.365374792322034,0.3950942465489811,11.705924555847858,16.991762087254042,1.0,1.0,1.0,-0.018476936084741026,0.6353346575682012,-0.04107786954485602,0.0,1.0,0.007824109594119779,0.0021030127702462522,2.4412870171746026,0.0,5.817198570927116,2.694061607736231,0.14367474100910788,28.57752164221675,0.365374792322034,0.3950942465489811,0.9511742596565079,1.0
SUB00268,112.89431608238782,215.74401595640325,28.486486505891353,0.5434161933737383,0.7561617037439275,0.4388196053630149,0.45866279305081875,597.1641317977842,17.133836878234295,3.4510675375544326,1.5,1.2504698884913648,1.0278990478026246,-0.3972826177536477,0.0033308986669081434,-0.04707720923333451,0.8336465923275765,0.01811387311245794,0.013697017154117516,135.42227260496816,0.1663534076724235,0.25232879293145755,12.5916931210236,6.5889687689160485,67416.43624824374,0.4388196053630149,0.45866279305081875,1.1931812159066761,1.0
SUB00269,40.549110477459436,277.3986811133011,45.59879866308798,13.467576996454802,6.912864494209096,0.335199559875744,0.40750554076088824,205.47597563678775,17.228718402778405,2.514396386288127,1.5833333333333333,1.2918180865911812,0.4587653139001261,-11.332124539016752,-0.10680023788068702,-0.012151419247078415,0.815885107320746,0.4489192332151601,3.1033178280606526,49.699535037006754,0.1841148926792539,1.1245326500672705,16.100946955437276,2.353576715893171,8331.86803655987,0.335199559875744,0.40750554076088824,1.7034141767389381,1.0
SUB00270,2.1221562214232157,1541.3765953089398,60.37287937990763,1.1973566476653488,0.7896828064558975,0.3821152198467499,0.4445636398761817,10.847460401019163,16.76364884035217,1.5790811027814182,1.0,1.0,-0.2669456544654337,5.4185846742152,-0.17769267945571746,0.0,1.0,0.039911888255511625,0.03151773192856659,2.1221562214232157,0.0,28.448838389201526,91.94755926875872,0.1265927389456479,23.020005576664786,0.3821152198467499,0.4445636398761817,1.536637978352954,1.0
SUB00271,62.15325428217929,618.4672858883761,87.09225355443256,3.3564502496323008,2.6649540368329783,0.45613117475217235,0.4340874095773201,255.48878396065436,17.717701135230346,3.5577467397068383,4.166666666666667,2.9753328779046293,0.013568395705770689,7.995260013021223,0.2581716595888325,-0.019081999486536907,0.714079890697111,0.11188167498774336,0.29815952140622193,87.03963672958638,0.285920109302889,1.4012500963992778,34.90674558555451,3.5079750926937194,15879.45935575132,0.45613117475217235,0.4340874095773201,2.3146816540632527,1.0
SUB00272,9.469722758001877,113.51006343759816,28.422376214147366,1.618320190758281,0.5381877005193237,0.3678922156963705,0.46806767671541866,39.25769541856227,14.42066725479895,1.0,1.1666666666666667,0.7744082688596544,0.8514162829476927,4.231679371408278,0.17046935876619146,0.01579146961443347,0.663778516165418,0.05394400635860937,0.029032000738939755,14.266389356358678,0.33622148383458195,3.0013947546807085,7.871346133433872,0.6566771558265112,371.7594917318652,0.3678922156963705,0.46806767671541866,0.8106055448399625,1.0
SUB00273,120.42278391247378,463.66730819756873,40.5158677230604,4.59569149971854,3.236825928603244,0.4997188303120302,0.46602789653738413,594.1630450787078,17.599397841100902,4.482755236503664,1.5833333333333333,1.2760626905126755,-1.23637130804655,6.636788252632045,-0.16744262908462473,-0.052169147867763395,0.8059343308501109,0.15318971665728467,0.49584844687168333,149.42009454473805,0.19406566914988913,0.33644686168780424,26.34563479863722,6.842437735639081,71550.76798629064,0.4997188303120302,0.46602789653738413,2.074299558254188,1.0
SUB00274,1.5408705868506993,52.43367773523217,15.765893310441504,0.13791020244171848,0.24131126777512726,0.3868465196223588,0.429598720571352,6.192719620511267,16.091256099556446,1.0,1.0,1.0,0.17046072232187667,-0.3941586395737078,-0.02246081556755648,0.0,1.0,0.004597006748057283,0.0011093095263445178,1.5408705868506993,0.0,10.231808852075336,3.2585198700974938,0.09575825388132213,9.542179515859036,0.3868465196223588,0.429598720571352,0.969182588262986,1.0
SUB00275,108.60736566088514,258.1183197956973,29.13853681041715,0.5105845161379552,0.5413768501911241,0.4965236623071607,0.4085786442144029,505.4027086254234,17.7926052967235,3.54103367055585,1.5,1.246330818799523,0.7822587464806715,-0.7384845614404826,-0.04722572938108907,-0.036477008499156145,0.8308872125330153,0.017019483871265173,0.009213954570104179,130.71252514500532,0.16911278746698466,0.26829245542516067,14.507055908401995,6.104073228718513,54890.45678168314,0.4965236623071607,0.4085786442144029,1.3688863573381473,1.0
SUB00276,39.968636400374855,305.7072021724974,43.75751630714717,12.900135468239363,7.085373845894144,0.379623883028854,0.4181442575041201,249.93497289069765,15.087917043788044,2.7375964345764987,1.5833333333333333,1.2649425446993798,-0.05146499841614531,8.559836507896664,-0.036165214827517854,0.010335232867631727,0.7989110808627663,0.43000451560797875,3.0467427485051526,50.02889227323222,0.20108891913723376,1.0947963265200806,20.261723423138935,2.6490493210148336,9989.56005520584,0.379623883028854,0.4181442575041201,1.9382237065690016,1.0
SUB00277,6.864312103208996,1489.2257171519875,62.88280471690374,2.8294597405886734,0.8157152441674027,0.36059124331776377,0.392490376627686,29.829277944551603,21.18231466266946,1.4900800883091971,1.0,1.0,0.3247761168016487,-11.426478072692342,0.17906522605235792,0.0,1.0,0.09431532468628911,0.0769344481052042,6.864312103208996,0.0,9.160831234277165,70.30514563059138,0.3240586410184096,204.75747362477074,0.36059124331776377,0.392490376627686,1.3527938462450173,1.0
SUB00278,64.44253721322224,631.8214578103826,86.18510184703183,3.6473882307706096,2.600238468659278,0.4306357817850704,0.4202637573094477,259.9551772545629,16.20014789369785,3.6045297884007774,4.333333333333333,2.865821338169624,2.524790778481977,-6.833209187795916,-0.056565117950032086,-0.0009703309110803176,0.6613433857314517,0.12157960769235365,0.31613597292616147,97.44187150514587,0.3386566142685483,1.337394608810475,39.00096850697101,3.9778980806892235,16752.171183996954,0.4306357817850704,0.4202637573094477,2.3156790441363326,1.0
SUB00279,4.464549614804977,117.77805518663182,34.30600959587222,0.7953628919334569,0.3712125215277519,0.3327913024118311,0.4369500741269514,19.431991339494598,19.546024752227215,1.0,1.75,0.7622884220641072,-0.24143153326462186,-1.477349305103313,-0.03209106888945036,0.008232894022434486,0.43559338403663267,0.026512096397781897,0.009841622154807446,10.249351295081919,0.5644066159633673,7.684091914245822,6.0256781969546696,0.2284121539494241,86.75508944963424,0.3327913024118311,0.4369500741269514,0.9107090077039005,1.0
SUB00280,126.10092176178847,423.40371709788786,40.91128971375213,4.21104116028571,2.8607054226668853,0.47847754583005475,0.4182919385782737,608.8137030682138,19.134108574031995,4.47558806785869,1.5,1.3063345023955288,0.1480369105454025,-4.831387106400328,-0.057562359074352976,-0.008468678619160142,0.8708896682636859,0.14036803867619033,0.40155160941009277,144.7955192914379,0.12911033173631412,0.32443291565335103,22.128217547198073,6.590373482720137,76771.96913810955,0.47847754583005475,0.4182919385782737,1.953569632622921,1.0
SUB00281,4.927240182342696,45.11915859304673,14.137876232280504,0.08855217292334006,0.2818931831956543,0.3591755449405227,0.4323797999877647,25.796611935214457,20.60791220938958,1.0,1.0,1.0,0.7308328457795158,-1.3352599149636104,-0.019236770184644415,0.0,1.0,0.0029517390974446683,0.0008320751301417452,4.927240182342696,0.0,2.8693296265412696,2.189409491587852,0.23909458329785094,127.10610289548985,0.3591755449405227,0.4323797999877647,0.9014551963531461,1.0
SUB00282,104.03038252113033,231.15650942270568,27.32279825296186,1.475835341378655,0.7094587975265197,0.45877376580998525,0.3763255056754509,557.1852739549429,20.35432214700488,3.3660656015364605,1.5,1.2945865192704373,-1.0189757639419788,4.8311736853350675,0.11198314389904242,-0.048761802952584164,0.8630576795136249,0.0491945113792885,0.03490147888805471,120.53699884781344,0.1369423204863751,0.2626424856931785,11.356630191525202,5.110972587040355,57964.19718467351,0.45877376580998525,0.3763255056754509,1.285457951113854,1.0
SUB00283,39.83062873547538,319.04727299623625,48.424160742776586,11.493124780101004,6.701784163978815,0.3986657778143397,0.46251141245531674,215.6843634614127,16.26039100724438,2.5200263936807765,1.75,1.3814228931173005,-0.20443488649987054,1.0528654809350468,-0.03694111903164106,-0.02075562046102567,0.7893845103527432,0.3831041593367001,2.5674813881971135,50.45782912268791,0.21061548964725688,1.215751854292155,19.621131672300706,2.4495492585467296,8590.84380507886,0.3986657778143397,0.46251141245531674,1.7234138189712689,1.0
SUB00284,2.8995366452652775,1462.5088603728511,56.472624887287,1.5811360231824187,0.6631362185896013,0.32392251814111983,0.4075934910749037,14.990913457107872,16.63359963093866,1.4956990807512343,1.0,1.0,-0.4745033261501534,-11.788806564147176,0.08861914070800521,0.0,1.0,0.05270453410608063,0.03495028544963298,2.8995366452652775,0.0,19.476430821973743,87.92497672317242,0.17431804958633912,43.466702914884664,0.32392251814111983,0.4075934910749037,1.4377083478459287,1.0
SUB00285,69.46993734025892,643.7714716244915,85.9131743933497,4.041346346499781,2.345231814920572,0.48471660768718455,0.4055645955440909,370.1603029170617,18.10151502091547,3.5498604560966327,3.5,3.0874451491994144,1.0748767050300525,14.371247446432012,0.005862509360288591,0.0125590371002118,0.8821271854855469,0.134711544883326,0.31592980089747674,78.75274505004714,0.11787281451445304,1.2366957231090183,35.56450777079394,3.8377968507050153,25715.01304949954,0.48471660768718455,0.4055645955440909,2.160461709291454,1.0
SUB00286,7.397103032160117,116.27310221497596,28.556816053819883,0.6737193774234881,0.410808818293993,0.391935399843729,0.4291760687010305,34.917501098509526,16.596497606770228,1.0,1.4166666666666667,0.7537286833280964,-0.02408458839257845,0.07331400404475838,-0.021321220364211038,-0.011124519912727313,0.5320437764668915,0.022457312580782936,0.00922566204337026,13.903184962112663,0.46795622353310845,3.8605405291320736,7.005881901705848,0.44570265410351445,258.288353251239,0.391935399843729,0.4291760687010305,0.8520579393567976,1.0
SUB00287,122.96717516949197,392.75379989494223,40.7594994939157,5.226821027893613,3.1477193175846114,0.4877497860196614,0.37522638821683835,679.1295606836047,19.538787683334384,4.681640514748286,1.5833333333333333,1.286252693225298,-1.1116078048694058,-13.195680817926208,-0.03850649328749007,-0.002061226458505435,0.8123701220370304,0.17422736759645377,0.5484188506352727,151.3684118036615,0.18762987796296965,0.33146650264783906,20.101236896593218,6.29349052573906,83510.64365136095,0.4877497860196614,0.37522638821683835,2.2222970113584464,1.0
SUB00288,2.6671809713230608,39.83440931464718,12.976784309969476,0.04661528295363226,0.20389743131191093,0.3106315595523635,0.42840424335389304,12.527249881620014,21.499029091065708,1.0,1.0,1.0,0.201829060639577,0.910817653899155,-0.016304996854299352,0.0,1.0,0.0015538427651210752,0.0003168245484707842,2.6671809713230608,0.0,4.865355763067069,1.8528468958256843,0.12406053129308307,33.412442507265965,0.3106315595523635,0.42840424335389304,0.9466563805735387,1.0
SUB00289,104.91751922755054,221.64234686082895,28.62917861873429,0.43053650884123545,0.764076365814003,0.43490794593315135,0.40814147677982926,601.6556620282018,16.464817003779135,3.48095253917176,1.5,1.32716283827128,-0.5313462690810932,-0.040205677970911416,-0.09211166970580949,0.0542931543618623,0.8847752255141866,0.014351216961374515,0.010965425700855317,118.58098667554552,0.1152247744858134,0.2728731943865528,13.461573657937155,6.372225042250336,63124.21948920852,0.43490794593315135,0.40814147677982926,1.382602154620749,1.0
SUB00290,48.785990023286956,301.1637600756108,45.04478958319654,13.697210060095339,6.993441756228069,0.3599365746018021,0.4472995830171996,246.85587449147124,17.67308775775413,2.5728034933623505,1.3333333333333333,1.158231572281683,0.23950096206334084,0.7408032290987324,0.12140504762795204,0.02380633046705056,0.8686736792112623,0.4565736686698446,3.1930213592699306,56.16146913485813,0.13132632078873774,0.9233140408075221,17.040811668208583,2.760467819319345,12043.108230130692,0.3599365746018021,0.4472995830171996,1.5970836928966112,1.0
SUB00291,8.70150563141591,1516.6284440159627,65.721072889256,1.4319739963346452,0.7026388721501045,0.3112671751917245,0.42024937817241487,43.47351294785201,18.068916914827913,1.5911033442478633,1.0,1.0,0.5739337464110839,-22.467797280631213,0.027735889145694012,0.0,1.0,0.04773246654448817,0.033538686457761764,8.70150563141591,0.0,7.552839206582443,83.93576943017378,0.4815731718969379,378.28501773316674,0.3112671751917245,0.42024937817241487,1.4170732316195451,1.0
SUB00292,65.84816773835233,585.3153764481345,93.17074053228282,3.5714240450000854,2.5457485427758573,0.4654472022325184,0.408587707326185,278.95556974364973,17.411954440636684,3.4156734777555506,3.75,2.8311936728494023,-0.3045406849838847,5.3003469214354455,0.051338106539106663,0.007322413834488967,0.7549849794265072,0.11904746816666952,0.3030649186064542,87.21785139138946,0.24501502057349273,1.4149329242158526,33.61571950143076,3.7817792346546324,18368.71314802749,0.4654472022325184,0.408587707326185,2.0987101229885043,1.0
SUB00293,4.540956841629623,116.91287604939463,31.482114710116786,1.3179750286414003,0.5898331860235213,0.354413184717298,0.36380931982890496,20.704902612144085,16.546982757626868,1.0,1.4166666666666667,0.7276836702014199,-0.9818293100354317,3.064864316167575,0.050435235984611804,-0.009215446330461048,0.5136590613186494,0.04393250095471334,0.02591284700809996,8.840410271303735,0.4863409386813507,6.9329253300761895,7.065510236028191,0.2744280880776646,94.02006917189074,0.354413184717298,0.36380931982890496,0.9091808631674075,1.0
SUB00294,123.30942850419085,411.2074879520717,46.841922500982555,4.055460763637677,2.7903125603671852,0.4175394723566517,0.4658307124471626,626.738158557158,18.247135060710978,4.421956678217836,1.4166666666666667,1.2626085171389843,-0.35250498442750416,-11.26724652671848,-0.09739860279127847,-0.01705773974596728,0.8912530709216359,0.1351820254545892,0.3772001035618168,138.3551232835336,0.1087469290783641,0.37987299973084027,22.5354548307952,6.757741864348662,77282.7241534521,0.4175394723566517,0.4658307124471626,1.9557681081340195,1.0
SUB00295,3.279886544586393,43.513017383617665,15.49334096039201,0.14833740595623443,0.22608708655876233,0.38912950260322643,0.42474711213624744,18.337555151236156,19.702274905711135,1.0,1.0,1.0,0.30250881288123604,0.1295121749828123,-0.0299032425010741,0.0,1.0,0.004944580198541148,0.0011179057313443147,3.279886544586393,0.0,4.72374295567159,2.2085275731790985,0.1664724789539733,60.14510040115037,0.38912950260322643,0.42474711213624744,0.9344022691082722,1.0
SUB00296,115.98290065511294,244.9468123373874,26.33368766142876,1.509874491280405,0.9133784898577634,0.4993444205053131,0.4358638971368847,519.6798069940922,19.598781763220867,3.5732190722551134,1.6666666666666667,1.2364610647490208,-0.583440648840061,1.3942434676435684,0.08821389323630494,-0.006594510872253473,0.7418766388494125,0.050329149709346835,0.0459695627573485,156.33717869185443,0.25812336115058754,0.227048017532642,12.498063160081477,5.91786275577428,60273.97142706407,0.4993444205053131,0.4358638971368847,1.2535610591528545,1.0
SUB00297,38.28501578490707,317.4263096456849,50.39325286375279,12.871022540525054,7.427274727450064,0.3200098755536401,0.42060458510667775,178.34724347658047,16.356450702778655,2.5232817562838723,1.8333333333333333,1.2981774223765528,-0.22552213560513865,2.1199912071167564,-0.11446737320001228,0.004785800147856031,0.7080967758417561,0.4290340846841685,3.186554014389395,54.06749061863108,0.29190322415824393,1.3162656937866304,19.406796462985707,2.3406676962260007,6828.0270316955475,0.3200098755536401,0.42060458510667775,1.757581440585731,1.0
SUB00298,3.485798829389402,1480.9507477908753,63.41769288996644,1.3642328951139617,0.6855259908411125,0.38552578611865146,0.4388464379391201,19.567651779302395,17.149688793650657,1.4354257981456247,1.0,1.0,-0.30766860875604446,-28.679967740650753,0.08355584558439208,0.0,1.0,0.045474429837132055,0.031173903572034603,3.485798829389402,0.0,18.19315915631171,86.35438028118439,0.2032572643930397,68.20889766619173,0.38552578611865146,0.4388464379391201,1.3657098215578367,1.0
SUB00299,58.11822966194037,681.7259198365078,94.05022946841551,3.260897335504843,2.3912983790255584,0.5108896920028853,0.4311466821950776,290.9768832185301,18.35810488154702,3.4358818542219587,4.0,2.983226961825208,-1.183402509290107,-5.919187161793295,0.08454006233995164,0.004408105353522125,0.745806740456302,0.10869657785016143,0.25992595041871647,77.92666184054903,0.254193259543698,1.6182569568185896,37.13487444566007,3.165807692947596,16911.061325210132,0.5108896920028853,0.4311466821950776,2.2735172609831515,1.0
SUB00300,4.314234156900283,109.40095300883621,31.204091540787896,1.0123787763534915,0.47405038554394685,0.3002149402148326,0.42847454509144284,22.796699848515043,19.656675518766974,1.0,1.5,0.7371017144975575,-0.24543914107337148,-1.0879934268624765,-0.10553334524306075,3.634977604094682e-05,0.4914011429983716,0.03374595921178305,0.01599728497489606,8.779454867720117,0.5085988570016283,7.23282288488662,5.565587777261062,0.21947933936139505,98.3503011510671,0.3002149402148326,0.42847454509144284,0.9137153168619944,1.0
SUB00301,127.07601947286771,402.81104958125746,42.35438070803218,5.218844521951742,2.9747793879804783,0.4676317085101978,0.4089375288507017,597.1494993508592,16.804215538039298,4.4242879773332575,1.5,1.274032740385495,0.4845817477895611,11.294980393792605,0.0459138400213168,0.008340362041280433,0.8493551602569966,0.17396148406505807,0.5174970370992291,149.61470232831368,0.15064483974300336,0.3332995547368035,23.97083331080965,7.562151246227995,75883.38140772299,0.4676317085101978,0.4089375288507017,1.8827675878759034,1.0
SUB00302,3.3437054319622512,64.40954350856991,17.7132736548033,0.04724017332451747,0.3067404146316181,0.42360893064721084,0.43188236920246487,17.981265528830587,17.613912772904428,1.0,1.0,1.0,0.3887717653823165,-0.6387054822947454,-0.009459185256611578,0.0,1.0,0.0015746724441505825,0.00048301567842773315,3.3437054319622512,0.0,5.29749824415851,3.656742504575783,0.18983320032706705,60.12405522230642,0.42360893064721084,0.43188236920246487,0.933125891360755,1.0
SUB00303,114.65992732248588,246.36086612521842,28.258664425858615,0.6472192568289281,0.8890948471839247,0.5151866109688615,0.3898654434198503,565.4649311838464,17.451656305003947,3.6094250434243533,1.6666666666666667,1.3354814355615783,-0.6316892097280606,-3.8853040724560266,-0.06132583975899985,0.005708628496559357,0.8012888613369469,0.021573975227630937,0.019181310208160305,143.094373146753,0.19871113866305307,0.24645632598719455,14.116761287269844,6.5701458542711055,64836.167912954304,0.5151866109688615,0.3898654434198503,1.3162264969746356,1.0
SUB00304,37.25503812406302,275.16894667832264,48.490281929049615,12.503367917510099,6.761519847445034,0.34509534371641143,0.43400489495800837,196.71758985939127,17.01607084442704,2.585632304649927,1.6666666666666667,1.3799083621611403,-1.1420262023149237,8.340907647360133,0.12203917860408786,0.013830447474202496,0.8279450172966841,0.41677893058366994,2.8180590111384003,44.99699538708997,0.17205498270331585,1.3015764946360302,16.17112135898539,2.1894030922105894,7328.7213098854145,0.34509534371641143,0.43400489495800837,1.8405315421686665,1.0
SUB00305,4.719241311719451,1507.738233337611,57.954232383237276,1.3413082837863286,0.7735961826701834,0.3633304367996539,0.4670975593268942,22.852078066354863,15.132795750571637,1.3569804151405203,1.0,1.0,-0.27417936513382724,-28.171132741802502,0.02949198506422042,0.0,1.0,0.04471027612621095,0.03458769893736663,4.719241311719451,0.0,12.280413006073152,99.6338190370842,0.3118552176018885,107.84447086937983,0.3633304367996539,0.4670975593268942,1.2625955889061313,1.0
SUB00306,64.3235229888249,606.8590291584956,85.70620689180775,3.92055614922743,2.2854046212412213,0.454019530386326,0.43317654915293463,362.49650347615284,16.77186730859387,3.354628879102511,3.75,2.9848129408216106,-1.0289852079649624,-8.850125438325962,0.052160941008582026,-0.009382111384310002,0.7959501175524295,0.13068520497424765,0.29866857137600183,80.81351025692624,0.2040498824475705,1.3324240170535702,36.18315229858409,3.835203427579329,23317.052174716966,0.454019530386326,0.43317654915293463,2.068158419326013,1.0
SUB00307,5.625687633333777,115.19073204427576,27.759152763250757,1.6810645097995378,0.554426027797085,0.3639398964594371,0.3686884761328453,26.893783280226177,15.234754281490112,1.0,1.5,0.7409225429065968,0.16060823812798955,-1.035488038042519,0.07372218007552879,0.014689342416528946,0.4939483619377312,0.05603548365998459,0.031067530621293724,11.389222167403341,0.5060516380622688,4.934357286168893,7.5610495526160175,0.3692667127666681,151.2960240131271,0.3639398964594371,0.3686884761328453,0.8874862473333245,1.0
SUB00308,121.28139797292029,415.68880997591265,39.33646078864881,6.179069684606369,3.0611527486850316,0.4459482967687524,0.4460758297040141,683.161807429569,17.91319257750307,4.4560890746214135,1.4166666666666667,1.153465782392342,-0.6685377101888323,-6.135095809042356,0.12804867507279424,-0.002766459853893374,0.8142111405122413,0.20596898948687897,0.6305025383116379,148.955709322055,0.18578885948775864,0.3243404301575733,23.20573555927548,6.770507124745363,82854.81904676509,0.4459482967687524,0.4460758297040141,2.030461115163008,1.0
SUB00309,2.091965584366877,50.059660765557034,15.80741771464278,0.03248281433086229,0.3364520464375136,0.3159536428600036,0.4347658413724216,10.886059796464538,16.628582101869892,1.0,1.0,1.0,0.10248424099059306,-5.351684532180359,-0.011976492207844596,0.0,1.0,0.0010827604776954096,0.00036429697852228036,2.091965584366877,0.0,7.556251323047848,3.010458766651415,0.12580540971870563,22.773262443563706,0.3159536428600036,0.4347658413724216,0.9581606883126624,1.0
SUB00310,116.67726983530666,238.03646344647493,34.1979978575861,1.8028416289374187,0.8419352118581269,0.5088585734889158,0.4572819763146348,512.9695447977659,18.249088061307376,3.492709502485965,1.5833333333333333,1.390725828928259,0.884656135053143,-7.667423976898794,0.23439581388889086,0.0405604543774958,0.8783531551125846,0.06009472096458062,0.05059586162686921,132.8363986127554,0.12164684488741538,0.29309905781869566,13.043745673580899,6.393594542550957,59851.88599566336,0.5088585734889158,0.4572819763146348,1.1591641057798316,1.0
SUB00311,37.993009722813234,294.8491238290119,43.463775007033085,13.66081121689588,6.759112849221185,0.32264134140465045,0.39781849437652683,192.4730681053454,18.818924000746982,2.382213464143823,1.5833333333333333,1.2380414506713693,-0.26482603278745376,-4.786876523510554,-0.004271750324678841,-0.045404070798693186,0.7819209162134965,0.45536037389652934,3.0778321542301943,48.589325256570554,0.21807908378650356,1.1439939958464223,15.667692999733056,2.0188725838578856,7312.631147906081,0.32264134140465045,0.39781849437652683,1.6223532696875584,1.0
SUB00312,2.0777589912474768,1462.843983065617,59.07689916132179,0.9742876445050129,0.6154111987117582,0.3489200054649519,0.4615008125835729,12.202951425215419,18.683290717878748,1.5484480539372125,1.0,1.0,-0.31514020212626986,23.149124568512622,-0.0932392832207781,0.0,1.0,0.03247625481683376,0.019986250906496177,2.0777589912474768,0.0,28.4329892976915,78.29691274170274,0.11120947710026213,25.354792043497547,0.3489200054649519,0.4615008125835729,1.506892874112263,1.0
SUB00313,69.40959793389455,601.3118560976496,90.05205635699564,3.7954656407127447,2.397867407908129,0.46536582653102493,0.3835712761548213,335.4282872571093,20.262705604330755,3.4309990414422553,3.9166666666666665,3.0376810574884487,0.2723174350092008,-7.385962795355786,0.14238880535673407,-0.029034305604698458,0.7755781423374764,0.1265155213570915,0.3033674452566745,89.49400988107325,0.2244218576625237,1.2974006338829522,29.675792948851363,3.425485188861433,23281.942554170837,0.46536582653102493,0.3835712761548213,2.0428070827643645,1.0
SUB00314,4.947449446553431,104.92555449049537,33.22562604557843,1.3452630863743051,0.32280467039335164,0.372524359301912,0.40253986667045033,21.43297935740101,20.0204255904213,1.0,1.5833333333333333,0.8321674585681302,-0.3514718973583118,-4.682585505981582,-0.032151050382001695,0.007045231644807571,0.5255794475167138,0.0448421028791435,0.014475240239646683,9.413323656260548,0.47442055248328613,6.715708044015402,5.240925274870111,0.24712009363679663,106.03858185976475,0.372524359301912,0.40253986667045033,0.9010510110689314,1.0
SUB00315,125.12902975782045,426.81093747993873,42.5867444813261,6.0320809445121135,3.0246507419772777,0.495534511640138,0.418845185221133,566.7515295920736,19.00762393156837,4.59200874985591,1.6666666666666667,1.249739746447743,0.11128963035645653,6.979562819335776,0.07653848414678113,0.027697569086529327,0.7498438478686459,0.20106936481707044,0.6081646034828521,166.87344987024548,0.25015615213135417,0.340342641222026,22.4547233792373,6.583096877774544,70917.06901161683,0.495534511640138,0.418845185221133,2.0894281546995006,1.0
SUB00316,0.32922457069798067,57.02797881800074,12.797727014044378,0.0501814140504269,0.20901096346773104,0.3678333459938803,0.39826526752620817,2.257297858376211,17.08245619227799,1.0,1.0,1.0,-0.07890111898259725,2.7893320157878265,-0.019991896539864475,0.0,1.0,0.0016727138016808967,0.0003496155232950954,0.32922457069798067,0.0,25.595454028088756,3.338394559664075,0.019272671739489336,0.7431579183613792,0.3678333459938803,0.39826526752620817,0.9934155085860404,1.0
SUB00317,109.73510409736532,239.11860392244137,30.82471140134803,1.0791554786038544,0.5548136625988148,0.44764111564636266,0.45664250395696054,406.8953705881799,17.065210551793154,3.6700160160488675,1.25,1.13734592723491,0.007414895528396005,-0.00925296349507218,0.09064913783604368,0.013137834466835582,0.909876741787928,0.03597184928679515,0.019957673453259384,120.60436217078525,0.09012325821207198,0.280901099560611,14.012051196011502,6.4303398873584205,44650.70584822996,0.44764111564636266,0.45664250395696054,1.4753139341015609,1.0
SUB00318,41.308118256215785,268.00030466223757,45.361050079421204,12.722162982021011,6.929793618699403,0.32129156219905625,0.3671108206682221,225.83056153358598,18.507919488935666,2.6291492777906815,1.6666666666666667,1.3034455449232265,-0.16973942617463217,6.809623559735845,0.01214819638697768,0.05102681962157152,0.7820673269539359,0.4240720994007004,2.9387321282954324,52.819133126435865,0.21793267304606412,1.0981146562539328,14.480304219091318,2.231915817491558,9328.635541696985,0.32129156219905625,0.3671108206682221,1.8029869126663658,1.0
SUB00319,8.380465286762702,1501.9159643038627,62.00041943671905,0.783067601394258,0.4830936160849962,0.36834949932032846,0.4523604076837185,50.285174226264104,17.43957765659651,1.477848372316193,1.0,1.0,0.8021397955668986,8.065557730521572,-0.12632798068414172,0.0,1.0,0.0261022533798086,0.01260983197321855,8.380465286762702,0.0,7.398207296992367,86.12112024030375,0.48054290372065267,421.4131570420208,0.36834949932032846,0.4523604076837185,1.310239066580939,1.0
SUB00320,70.09182347333886,642.7954394404104,81.00884334205274,3.073315713535877,2.4443056178287423,0.49555671661767203,0.41188364551880285,301.2555846484765,19.85204265429331,3.5689284459381345,3.9166666666666665,2.964387680757588,0.7815734339700086,15.88530290001463,-0.019891297460583147,0.021073561941092032,0.7568649397678948,0.10244385711786257,0.25040409546523645,92.60809926647373,0.24313506023210518,1.1557531153810892,32.379309808776576,3.530710904360284,21115.55325953851,0.49555671661767203,0.41188364551880285,2.167091976471357,1.0
SUB00321,7.078792849362635,124.30246970656826,26.40390266283707,1.2341617573258874,0.43385955482498145,0.2988265392551221,0.4487301638508967,33.898047361988965,15.568119769789865,1.0,1.5,0.7594194332304184,0.026883911066643104,-5.050515097073183,0.08816644854385051,0.006302919652219014,0.5062796221536122,0.04113872524419625,0.01784842902051421,13.981982563807065,0.4937203778463877,3.7300007536192332,7.984424037370189,0.45469799526459986,239.95725527340343,0.2988265392551221,0.4487301638508967,0.8584241430127473,1.0
SUB00322,124.00669776429692,404.6387520114879,43.35988809896798,5.872360088503329,2.948918027285852,0.4622406873191527,0.4427146630964632,586.2778798763737,20.04928021125613,4.446451470012882,1.5833333333333333,1.2466826538456812,-0.07128076963081685,-10.644900990330163,-0.005849332864272696,0.015508281993574374,0.787378518218325,0.1957453362834443,0.5772369509233802,157.49311785251453,0.21262148178167498,0.3496576304401183,20.182208425832382,6.1850947494203155,72702.38385572225,0.4622406873191527,0.4427146630964632,1.9663175147269434,1.0
SUB00323,0.21648948493056175,44.56772504183374,19.478671656124373,0.6060096431637346,0.26724427667308864,0.3527718042336552,0.47670562033067965,1.8473838898873771,17.391990646306393,1.0,1.0,1.0,-0.0907233067092559,-1.9777747084039892,0.04499657677724616,0.0,1.0,0.020200321438791153,0.005398420291473627,0.21648948493056175,0.0,38.957343312248746,2.5625430664142383,0.012447654172154151,0.39993918679073587,0.3527718042336552,0.47670562033067965,0.9956702103013888,1.0
SUB00324,106.77830446626348,247.9269696126055,28.7941411047628,1.175123390525848,0.7781854872873905,0.44109888040249795,0.416150127939592,548.902589785494,17.562136039862015,3.5613643489511198,1.1666666666666667,1.059166353792188,-0.3382942966569858,3.2280656936923933,0.049881603583407735,0.006912811950986482,0.9078568746790182,0.03917077968419493,0.030482132275972247,117.61579103976715,0.09214312532098173,0.26966284254738554,14.117130686715342,6.08002945791453,58610.887854436005,0.44109888040249795,0.416150127939592,1.42579825962585,1.0
SUB00325,40.237233571680534,307.09242461519835,44.42113286716684,12.45739265461374,7.402061288660356,0.3798995865853585,0.4711063430072749,205.88963784568736,16.55286390006985,2.467417768431439,1.5833333333333333,1.4067880999827445,-0.576258000723149,2.5483565284135516,0.047934949634140384,0.008677301506330592,0.8884977473575228,0.415246421820458,3.073679464211941,45.28681551680903,0.11150225264247715,1.103980789037917,18.55222313607632,2.430832139658367,8284.429447985638,0.3798995865853585,0.4711063430072749,1.6626730969978283,1.0
SUB00326,9.008270067075786,1543.578300996123,65.01645808353192,0.6655976201530753,0.8052430399818005,0.38407702612884204,0.4461578840212684,49.18913591403962,19.075449024216592,1.490887460761986,1.0,1.0,0.2481949286649771,11.746614878783465,-0.04052027569698135,0.0,1.0,0.022186587338435846,0.017865595035223805,9.008270067075786,0.0,7.217418838402698,80.9196312514859,0.4722441949146068,443.10902067976565,0.38407702612884204,0.4461578840212684,1.3107220594204703,1.0
SUB00327,66.37033398333534,607.7813611338637,94.99597584297088,3.910561627725269,2.789646624672987,0.39574065746970355,0.3944294475935231,312.64859036336753,15.013638322994893,3.4627741164480774,3.9166666666666665,3.0193883733979976,0.85388272468024,2.355352230700197,0.22354545480643462,-0.012763724441757121,0.7709076698037441,0.13035205425750898,0.36363616817864997,86.09375231696909,0.2290923301962559,1.431301760012584,40.481950347970326,4.420669564264281,20750.591361835704,0.39574065746970355,0.3944294475935231,2.1353674367813706,1.0
SUB00328,4.189526427941051,111.70695380222732,32.74554263188387,0.965717645673096,0.4540671041339262,0.34589579272046644,0.44170922224539383,21.462673863151355,16.477318602542905,1.0,1.1666666666666667,0.6969788201713687,-0.22431494753792677,4.890775037454331,-0.00332928931495561,-0.0063602161892110515,0.5974104172897445,0.032190588189103204,0.014616687159393859,7.012811137354386,0.40258958271025547,7.816048709824398,6.77943763161731,0.25426020634780294,89.91843936395226,0.34589579272046644,0.44170922224539383,0.916209471441179,1.0
SUB00329,119.96096931062452,404.8474772176143,46.32684158364921,5.704565250846351,3.069548601519598,0.36979745821740817,0.42987758300168305,625.4388471749072,15.739019214609618,4.485275989400409,1.4166666666666667,1.2359762306399102,-0.9081223711985233,3.2572191474114955,0.08629577665929014,0.02250719308661273,0.872453809863466,0.19015217502821172,0.5836813429337571,137.4983614655746,0.12754619013653398,0.38618262131319914,25.722535292530676,7.621883401684377,75028.25035162142,0.36979745821740817,0.42987758300168305,2.086056603187919,1.0
SUB00330,4.200349374926135,56.637722327519334,13.251530000905335,1.0876508367109494,0.29200715676437833,0.32481983312896023,0.41665001928150674,20.2818276058323,18.164392310852197,1.0,1.0,1.0,0.5741064496645285,0.4038716523996803,0.15855586900865246,0.0,1.0,0.03625502789036498,0.010586727612678714,4.200349374926135,0.0,3.154863754908095,3.1180631511510297,0.23124084214018345,85.19076190651732,0.32481983312896023,0.41665001928150674,0.9159930125014772,1.0
SUB00331,112.52182116766198,244.00466842221752,32.66078697409824,0.847827803177536,0.7596315293046919,0.48445122939241664,0.45220299546385084,560.7811459879568,19.218345737992227,3.477074278113573,1.6666666666666667,1.2748652116925157,0.6206684699723266,2.7602545276982156,0.029015417838541967,0.011172396690266553,0.7649191270155093,0.028260926772584533,0.0214678910238263,147.1028991086799,0.23508087298449065,0.2902618055339894,12.696444935936984,5.854917103776557,63100.11582305343,0.48445122939241664,0.45220299546385084,1.2266378547603334,1.0
SUB00332,40.8476869542084,296.394932878545,47.465738942786004,12.923536440220824,7.14640146516648,0.34693186215375027,0.4359536662609916,222.64806827060318,18.098755052270057,2.441964736025716,1.5,1.3199546808591363,-0.1334088578340773,-2.6162835776212074,-0.13737841352504568,-0.03542026425285056,0.8799697872394242,0.43078454800736077,3.0785593250508825,46.41941978752785,0.12003021276057584,1.1620177905298936,16.376537061391375,2.2569335203575247,9094.658593676819,0.34693186215375027,0.4359536662609916,1.625010996941548,1.0
SUB00333,7.75724679307721,1448.589260491907,57.987425233039,1.7869381949808065,1.0045073440479777,0.320567774008188,0.4112670813530424,32.40722224073329,16.3618978683286,1.6367612343059008,1.0,1.0,0.22728585994961684,-3.5820376707577313,0.052110257145372554,0.0,1.0,0.05956460649936022,0.05983308467393524,7.75724679307721,0.0,7.475258526619089,88.53430525904407,0.47410434018737874,251.39082079946877,0.320567774008188,0.4112670813530424,1.4816162984443566,1.0
SUB00334,62.24466160005642,654.4012409906792,90.27516246013865,3.200856737514739,2.70288184524381,0.44870953590143503,0.4407092378452491,333.3987400257522,21.6864045324142,3.463744080309245,3.9166666666666665,2.764004585584647,-0.26862601164663735,1.3073280430785568,0.06439650858782864,-0.013243233977267411,0.705703298447144,0.10669522458382463,0.28838458550183066,88.20231071191238,0.2942967015528561,1.4503277893964295,30.175644838339142,2.870215830707237,20752.291750788132,0.44870953590143503,0.4407092378452491,2.218850848308117,1.0
SUB00335,8.413755223182156,126.25761116723346,32.527107361264534,1.7119219551564815,0.4986267647379368,0.40022674924323476,0.3669539469604007,44.226418825024304,16.646751814520872,1.0,1.4166666666666667,0.7182201463097709,0.19147065987641065,2.4908012711051337,0.15437851834549943,-0.0070663657307300665,0.5069789268068972,0.057064065171882714,0.028453670199450658,16.59586775366477,0.4930210731931029,3.8659440996861445,7.584519344915062,0.505429246313559,372.11026239168984,0.40022674924323476,0.3669539469604007,0.8317248955363569,1.0
SUB00336,130.0977271248917,423.7139832701069,43.64939097931955,4.060309774453629,2.9145057062988133,0.4397761012243022,0.4498713962496061,694.1915869919244,21.198777810116805,4.319045868044125,1.25,1.1608162170025744,1.3247817900930878,6.399182509901093,-0.028218281863928878,-0.019553723983279196,0.9286529736020596,0.1353436591484543,0.39445986689953166,140.09294195254506,0.07134702639794047,0.33551232557212046,19.98766094278773,6.13703904490213,90312.7476568709,0.4397761012243022,0.4498713962496061,1.7170913255462907,1.0
SUB00337,0.12233688314201285,45.784115244868445,17.205380958491805,0.11196521468905851,0.10243685862286171,0.32979282479654043,0.379579305885907,1.8533881838949986,19.995069055019616,1.0,1.0,1.0,-0.05646317683477513,-2.194403878173046,-0.027024632788138166,0.0,1.0,0.003732173822968617,0.00038231216225938154,0.12233688314201285,0.0,34.41076191698361,2.28977029881148,0.006118352620107659,0.22673773366994987,0.32979282479654043,0.379579305885907,0.9975532623371598,1.0
SUB00338,115.99179505031107,238.26513257596568,31.3519967607772,0.9493519316110332,0.470169008064691,0.45207396705822517,0.39050807564029394,609.1413452646781,20.816625451673932,3.424961133606084,1.5,1.2369586637641863,-0.7572845180024029,2.1817684423140484,-0.04623180571096023,0.04533936095909641,0.8246391091761242,0.03164506438703444,0.014878528532995261,140.65764497416998,0.17536089082387582,0.27029495273504794,11.445905731892102,5.572074845636606,70655.39807661131,0.45207396705822517,0.39050807564029394,1.1051252325998626,1.0
SUB00339,40.41246761628483,279.2554613670629,45.002256348778666,12.681469592876303,6.605733435115867,0.32010589225934644,0.4279923465682121,176.32865115809884,15.566421794913461,2.435915614821865,1.75,1.4961634480566002,0.25871112818436004,-0.7352900550125009,0.2280242518999096,0.05414770156492862,0.8549505417466287,0.4227156530958768,2.792346923202273,47.268778301167956,0.14504945825337132,1.113573582689227,17.939605199334466,2.5961308352501504,7125.875904749853,0.32010589225934644,0.4279923465682121,1.6276662624961684,1.0
SUB00340,9.415782775375257,1464.1488940995416,53.92229181879532,1.4187320598464395,0.919426847406505,0.40267835617841047,0.43268306996491873,45.71852275459216,17.09808892995512,1.702325196798112,1.0,1.0,0.9500459782216236,8.889197431027894,0.03609993521996257,0.0,1.0,0.04729106866154798,0.04348067816997163,9.415782775375257,0.0,5.726798621545971,85.63231248226901,0.550692116174411,430.4756790682906,0.40267835617841047,0.43268306996491873,1.5140095412906067,1.0
SUB00341,68.66513309803491,654.8144669083257,83.05235932944073,3.4016127548398836,2.6179622606282758,0.46675090717008977,0.46411897665833396,351.1926611130771,14.97399948297444,3.541850616531862,3.8333333333333335,2.8739266721958217,-0.7775809706476827,-6.847941332624648,-0.10280154118313774,0.011067467473978465,0.7497200014423883,0.11338709182799613,0.29684312724808665,91.58770336382901,0.2502799985576118,1.2095273915928308,43.73009813796609,4.5856241130572855,24114.69081838251,0.46675090717008977,0.46411897665833396,2.1685479545711637,1.0
SUB00342,6.187799730524289,107.53368622845852,31.645314740464897,1.8380776211846206,0.5122124678864618,0.3930620873490249,0.3910198174346436,33.4990107699022,19.930603826599963,1.0,1.5833333333333333,0.6637868536022304,-0.7878541274835267,-2.7985277230548125,0.19516702570724911,-0.006093799277337935,0.41923380227509294,0.06126925403948735,0.03138287581712838,14.759782481623409,0.5807661977249071,5.114146565597333,5.395405335634686,0.31046724847673063,207.28516981483108,0.3930620873490249,0.3910198174346436,0.8762440053895142,1.0
SUB00343,124.02855439747896,453.6885815478179,43.011402332859724,5.408436809751194,3.2314244779924626,0.48942086981722377,0.3860903225355899,670.2347425067537,18.610394518032248,4.379137784732879,1.5,1.2634060895804156,0.6832498590652034,5.691534514235381,0.09548427823127985,0.01945973014960796,0.8422707263869437,0.18028122699170648,0.5825651698235158,147.2549745727475,0.1577292736130563,0.34678629080058027,24.378235566592824,6.664477439062533,83128.2462200792,0.48942086981722377,0.3860903225355899,1.8985666967832997,1.0
SUB00344,1.4825044457333725,53.04348898596177,16.070869937012322,0.06419112119313708,0.21589766076808595,0.4031509960551343,0.4597309879368893,7.081391530459064,16.559364392766515,1.0,1.0,1.0,0.059603302345138665,0.916152553924483,-0.027648876621056986,0.0,1.0,0.002139704039771236,0.00046195709692263337,1.4825044457333725,0.0,10.840351935040779,3.2032321849945102,0.08952665154110397,10.498194425884213,0.4031509960551343,0.4597309879368893,0.9703499110853325,1.0
SUB00345,117.20570828240848,213.7254514886652,31.91194620184117,1.4418151284129805,0.8408747276781998,0.4641526547255248,0.4219091150668517,567.969670558589,18.24765215132712,3.456153964940974,1.8333333333333333,1.540223069700014,1.7509984544395174,2.6198382563474394,-0.06754353857592252,-0.03462449148230844,0.840121674381826,0.04806050428043269,0.04041286344888579,139.5103969536915,0.15987832561817408,0.2722729692051259,11.712490446236465,6.423056912222228,66569.28752074562,0.4641526547255248,0.4219091150668517,1.1120397992928042,1.0
SUB00346,36.23983753687444,320.9480554628089,46.619233025747796,13.595174240593865,6.705765261019067,0.3627155079644679,0.4211299014251259,178.87731341532867,16.748630365313605,2.5384117610189487,1.4166666666666667,1.304174877401896,-1.3821023031299078,-11.600155072765588,0.0985845883393331,-0.013562747461877073,0.9205940311072206,0.45317247468646216,3.0388682380025207,39.36570987027574,0.07940596889277936,1.286408444251777,19.162644852888505,2.1637493183876755,6482.484777204082,0.3627155079644679,0.4211299014251259,1.8136150102814599,1.0
SUB00347,6.7987489830396255,1568.9836388270412,60.342895110273446,2.563602534984496,0.7494764629366073,0.38319119126815854,0.40403794704581936,35.349873388502516,18.919753327557245,1.6936922458814527,1.0,1.0,0.1712496325969557,-19.778514406638195,0.1645635935800295,0.0,1.0,0.08545341783281654,0.06404532534318334,6.7987489830396255,0.0,8.87558803256404,82.9283348288566,0.35934659745996916,240.334915750661,0.38319119126815854,0.40403794704581936,1.5577172662206602,1.0
SUB00348,66.03326200466147,631.5875762895678,89.02334160887303,3.7254705711649,2.839510107985843,0.4192402820413143,0.4389274800962936,288.26843576234313,16.671411588118733,3.7985439152950735,4.0,2.951684495807959,-0.6925528335147498,7.898519490427546,0.09301945738367501,0.05347948175144344,0.7379211239519897,0.12418235237216332,0.3526170447942175,89.48552882049991,0.2620788760480103,1.3481590778082209,37.88446904758103,3.960868079804448,19035.305146368726,0.4192402820413143,0.4389274800962936,2.4778786752018442,1.0
SUB00349,4.554479412581228,107.45673363334099,30.946788766909975,1.8321183324707582,0.5947192973661105,0.3717808106908638,0.44218817964510476,24.529748273272258,17.047203890867554,1.0,1.5,0.7554120549438847,-0.5719107740051897,-3.7896405233010526,0.08829549124984457,0.009431803016636809,0.5036080366292565,0.0610706110823586,0.03631987091261931,9.043698831863798,0.4963919633707435,6.794802646691742,6.303481457795386,0.26716870647749635,111.72023350641841,0.3717808106908638,0.44218817964510476,0.9089104117483755,1.0
SUB00350,124.98832442854831,458.66912225235745,43.49952256578035,5.757954225621955,3.222180785301202,0.48632001406517783,0.4403967139217115,593.4595733789882,17.84412009149793,4.343831527502854,1.5833333333333333,1.2944004147364598,-0.6854848340562524,-13.99247684325181,0.06122610133845094,-0.033396630889046285,0.8175160514125009,0.19193180752073183,0.6184389822814309,152.88791481536538,0.182483948587499,0.34802868799675435,25.70421628527912,7.004454340570184,74175.51769272085,0.48632001406517783,0.4403967139217115,1.8440650389318876,1.0
SUB00351,2.7427847947629918,41.615844570838554,14.62469449874969,0.31814210962295963,0.2078073714631193,0.40654623761376735,0.42656061095667525,13.822043388946204,17.616656351875505,1.0,1.0,1.0,0.2002816529699334,0.7287938718325229,-0.020032895468704945,0.0,1.0,0.010604736987431989,0.00220374251841596,2.7427847947629918,0.0,5.332060512612486,2.3623009803678237,0.15569270013438102,37.91089043975598,0.40654623761376735,0.42656061095667525,0.9451443041047402,1.0
SUB00352,108.79232802875693,250.17331806306595,29.074686106428913,0.6770185112002142,0.7974609289445057,0.4021919706768544,0.39341854724466635,464.035285552649,18.615483682228334,3.4207143189776943,1.25,1.1235237535051725,0.19340349698531084,2.4312042098363804,-0.07324603906423813,-0.03306997556718659,0.8988190028041381,0.022567283706673807,0.0179965270284783,121.03919441995141,0.10118099719586197,0.267249415774462,13.438991021323782,5.844184867064068,50483.47900276168,0.4021919706768544,0.39341854724466635,1.2448677584025556,1.0
SUB00353,38.903067043651035,290.6443642626649,44.47363504449595,13.071678705467539,7.0548020740245745,0.38503513747708396,0.3951802706985907,172.24438644839063,19.718894554409548,2.5491563351639317,1.6666666666666667,1.2988180114138284,-1.371540131369973,-6.966262138839854,0.2204367086505664,-0.00947832993820414,0.779290806848297,0.4357226235155846,3.0739368680771753,49.92111635576399,0.220709193151703,1.1431909724391263,14.739384272313119,1.9728827565007447,6700.8349138942785,0.38503513747708396,0.3951802706985907,1.771094994290911,1.0
SUB00354,2.859747619202927,1474.2837463735232,57.9686628871323,1.8439009486405211,0.6180653667463191,0.3143268949200022,0.4604651076202953,13.708990220518858,16.834886231685164,1.4956437181581557,1.0,1.0,-0.020570345324131913,-2.1413263922403707,0.11532945954264719,0.0,1.0,0.06146336495468404,0.037988377202179645,2.859747619202927,0.0,20.27055202280032,87.57313391276467,0.16987032640711036,39.20425214480502,0.3143268949200022,0.4604651076202953,1.4384487657740972,1.0
SUB00355,67.20126269523779,613.2238549079493,92.74845439721986,4.1743699736899265,2.7825439024445004,0.46268003971411314,0.4077716159444576,339.9725105966216,14.346182388062411,3.4116742344537516,3.5833333333333335,2.9396895591053585,1.2736042029938053,-3.124789883727647,0.1628369987986104,0.012537224526315087,0.8203784816107976,0.13914566578966422,0.3871789238946105,81.91495047906349,0.17962151838920232,1.380159399948187,42.744741306106526,4.684261002505905,22846.58199376308,0.46268003971411314,0.4077716159444576,2.067648980548996,1.0
SUB00356,10.730544362413553,121.9714602979293,29.29491833747019,0.8710412780369902,0.4819741026253878,0.34612975460269463,0.4107625122332936,53.00046651827885,18.320071880580144,1.0,1.4166666666666667,0.7215527209103069,0.5006006169971821,-0.02074307920845703,-0.04670482618812991,-0.0070774001271086346,0.5093313324072755,0.029034709267899673,0.013993977944384976,21.067905466756386,0.4906686675927246,2.730049599355188,6.657804679643364,0.5857261058996318,568.7238572030054,0.34612975460269463,0.4107625122332936,0.785389112751729,1.0
SUB00357,125.50732699329335,414.500991077769,42.85451788990335,4.652922421839663,2.6164401229833314,0.4823867953413486,0.47536912896808586,581.6968028656706,15.032211448439705,4.502649568712832,1.4166666666666667,1.1562137329308235,1.1185983190593038,19.255893181029787,0.13173408308449444,-0.0011268477010078566,0.8161508703041107,0.1550974140613221,0.40580309712100227,153.7795664501679,0.18384912969588932,0.3414503273756546,27.574185774295564,8.349225755889737,73007.21084821502,0.4823867953413486,0.47536912896808586,1.9925030288469654,1.0
SUB00358,0.9969367924364804,58.62965594194458,15.519684524867968,0.042995126989059766,0.19876539649451994,0.387112827595442,0.45591212876649,4.6799841423623665,17.92086856662176,1.0,1.0,1.0,-0.009187121649266227,-1.6632623535891724,-0.01799218000141015,0.0,1.0,0.0014331708996353255,0.0002848647821104233,0.9969367924364804,0.0,15.567370612271592,3.2715856223143307,0.05562993717242644,4.66564837954033,0.387112827595442,0.45591212876649,0.9800612641512704,1.0
SUB00359,111.89770971861982,241.02656494539914,32.02876042095387,1.1612804965432764,0.8721483814469813,0.5001440521666541,0.46720737516233846,600.0586599662022,17.20393479857675,3.4506138977099847,1.5833333333333333,1.2512442148719127,0.6823789865537963,4.178828537309526,0.0634801135229314,-0.002498869202983933,0.7902595041296291,0.03870934988477588,0.033760296848872176,141.59615814030735,0.20974049587037086,0.2862324930643712,14.009967357312865,6.504192850572586,67145.1897470421,0.5001440521666541,0.46720737516233846,1.212659703337588,1.0
SUB00360,37.18316499763353,270.18759991678706,45.61746439753211,12.412958381648671,7.166352153337436,0.3250355871420959,0.408260319697263,204.13885773815414,18.803231696429716,2.3905305167132647,1.5833333333333333,1.2017850469316051,-0.3882464706468786,2.6564461232621763,-0.21005575912164093,0.007912691211793754,0.7590221349041717,0.41376527938828905,2.965187700920531,48.98824854736021,0.2409778650958283,1.2268311317886835,14.369210797316784,1.9774879976984874,7590.528829706224,0.3250355871420959,0.408260319697263,1.646867216760594,1.0
SUB00361,7.258930283052297,1506.8997073018284,57.86658068266464,1.408297395523596,0.8929135682236861,0.31350193920586605,0.4069605879516118,25.353534290532167,15.394017187347345,1.4727361913476764,1.0,1.0,0.09343859840227038,-45.92025599321406,-0.08674712267431946,0.0,1.0,0.0469432465174532,0.04191626175190326,7.258930283052297,0.0,7.971777992932095,97.88865953328802,0.471542300798427,184.03953784394878,0.31350193920586605,0.4069605879516118,1.3275575856866304,1.0
SUB00362,68.09367243314641,629.1122230695054,86.20868084297443,3.1525232611227536,2.501356721740995,0.43810306104363056,0.3600882795943056,370.5752516651053,15.282410363131818,3.4766246303745247,4.083333333333333,3.0097047038799563,-0.6217879769078222,13.514959693889953,0.04454844547554729,-0.018582379657295273,0.7370705397257036,0.10508410870409178,0.2628528416551414,92.38420037583793,0.26292946027429637,1.2660307156676434,41.16577216034013,4.455689306538946,25233.829798714476,0.43810306104363056,0.3600882795943056,2.1147511817115965,1.0
SUB00363,9.239357825793105,115.45033824298787,27.137541569833036,1.8964021480987825,0.6580154332277844,0.3279696611070373,0.4269610265080717,36.15294055976266,14.777993357164435,1.0,1.3333333333333333,0.7349774554628214,0.5053740886161636,2.0973618671401852,0.12707760311082048,-0.004287050452901515,0.5512330915971161,0.06321340493662608,0.04159539603517738,16.76125393528795,0.44876690840288386,2.9371675046586425,7.81231493699495,0.6252105818760451,334.0299542862761,0.3279696611070373,0.4269610265080717,0.8152128434841379,1.0
SUB00364,125.88835755535632,439.15876132420885,43.33859574117261,6.262350547503328,3.0280751265488663,0.4952989805633803,0.42463944624289485,617.3543147067844,17.40683572830412,4.45242137884559,1.4166666666666667,1.2543773681725592,0.5091677820951153,3.113643353864378,-0.03240715708385997,0.04645007005043539,0.8854428481218064,0.2087450182501109,0.63209559755415,142.17558798107592,0.11455715187819357,0.3442621429238643,25.22909781989391,7.232121881328349,77717.72070814965,0.4952989805633803,0.42463944624289485,1.9346542277384633,1.0
SUB00365,0.27991694766854325,44.64818183573886,13.262273761122813,0.3641391419392334,0.2577999010912405,0.32978107984000693,0.40106082700961293,1.4165386458322722,15.310361109970502,1.0,1.0,1.0,-0.10621291876220328,1.2127490313996476,-0.009583192229317684,0.0,1.0,0.012137971397974448,0.003129167825846119,0.27991694766854325,0.0,26.524547522245626,2.9162069735025917,0.01828284425546659,0.39651317399590125,0.32978107984000693,0.40106082700961293,0.9944016610466291,1.0
SUB00366,110.96459758780905,243.89249735402748,29.107944367153305,0.9066773572543044,0.9292045298529726,0.41800132763293724,0.40774808200316875,560.0320479674073,15.863763806802512,3.403534689440702,1.5,1.217066614102089,0.1906649594510156,-0.4274441534577018,-0.08624555121042002,-0.038689156735385165,0.811377742734726,0.03022257857514348,0.028082956915860723,136.76071174174186,0.18862225726527404,0.26231739671852966,15.374188643015751,6.994846805537191,62143.73083897992,0.41800132763293724,0.40774808200316875,1.1842427376845208,1.0
SUB00367,38.05643423970263,314.50420685676943,42.940742424530896,11.948792990294722,6.729424116248502,0.37700995272069954,0.4159874313125948,183.64342156055224,18.56041955182015,2.692696327072501,1.6666666666666667,1.3883987703295535,0.0021131949406547447,-0.024242692391745188,-0.11759235761345127,0.02871137477270482,0.8330392621977321,0.39829309967649074,2.6802831902983453,45.683842246884964,0.16696073780226794,1.1283438210228502,16.944886724068002,2.050408081210135,6988.8137961731445,0.37700995272069954,0.4159874313125948,1.9315676422784482,1.0
SUB00368,5.545214946490613,1563.3089546409362,59.121725731094976,1.016932643079503,0.8622516772875416,0.34004170550623897,0.45216687182301524,29.061778206824375,17.744723086792522,1.43620685229226,1.0,1.0,0.08669286333845236,-11.52846019446374,-0.18830456343338187,0.0,1.0,0.033897754769316765,0.029228395906125144,5.545214946490613,0.0,10.661755459725002,88.09993523114002,0.312499379075571,161.15380688407768,0.34004170550623897,0.45216687182301524,1.3253025533624476,1.0
SUB00369,68.19550109416203,599.9855759500298,97.32353109252888,4.155231114159428,2.7000515165721417,0.4827404475880819,0.4212929043011338,298.48705039423317,20.33449314524128,3.6164671162063513,3.5833333333333335,2.8794276260595275,-0.8969412049606155,-11.00944074592892,0.1233003866749777,0.0290750487695816,0.8035611979701006,0.13850770380531427,0.3739779357164638,84.86659294454819,0.19643880202989933,1.4271253899600775,29.50580433279399,3.353685808988127,20355.473971753123,0.4827404475880819,0.4212929043011338,2.2525570943231106,1.0
SUB00370,10.10637361223516,120.24535176437296,33.64433078059806,0.6655857238161775,0.5574797163510592,0.3523708729750054,0.3476550872363826,48.76251952246295,16.442040385087633,1.0,1.5833333333333333,0.7060775323262565,0.03356133221469616,-0.430821896917416,-0.12035723020114845,-0.012085146104186463,0.44594370462710936,0.022186190793872584,0.01236835135067857,22.66289109448454,0.5540562953728906,3.3290210783289225,7.313286486842069,0.6146666335524449,492.81224056792144,0.3523708729750054,0.3476550872363826,0.7978725277552968,1.0
SUB00371,125.1038573533785,437.87514642673096,44.90808821451116,4.940101901023268,2.7126422919494098,0.37126626089801706,0.3925397742118683,629.6537631469246,18.694871936228893,4.480659792535214,1.4166666666666667,1.239440433298602,0.14937255865251264,-4.353484243426565,-0.022088769205599358,-0.03057784605769972,0.8748991293872485,0.16467006336744225,0.4466909781085131,142.99232123021687,0.12510087061275157,0.3589664552681228,23.422206256367573,6.691880948964355,78772.11456675082,0.37126626089801706,0.3925397742118683,1.9785826454676436,1.0
SUB00372,0.458613064176632,56.352584007223896,15.604979824644508,0.6063266430916859,0.34515203797473953,0.34442244251415,0.4303114298977917,3.3235909329166624,20.043562976021857,1.0,1.0,1.0,-0.1319157920239078,1.408496689556714,0.054001161840137306,0.0,1.0,0.0202108881030562,0.006975829218049265,0.458613064176632,0.0,31.209959649289015,2.8115053234117395,0.02288081538822571,1.5242422218145815,0.34442244251415,0.4303114298977917,0.9908277387164673,1.0
SUB00373,110.06960870533551,249.66807371076274,30.71518720066227,0.33805003946564477,0.7500410974104703,0.44332895744839496,0.43336602267920554,472.4704935781903,18.551862220343967,3.5301200286406456,1.5,1.2974729936011522,0.29426036636682806,8.128957847098201,-0.06116661782401049,0.0028155996423373966,0.8649819957341015,0.011268334648854825,0.0084517140860155,127.25075116959,0.13501800426589852,0.2790523884107656,13.457844325567317,5.933076011346894,52004.64235296814,0.44332895744839496,0.43336602267920554,1.3287278545339354,1.0
SUB00374,39.02200626995175,284.62865499996457,46.4213201334183,12.056535873770601,6.735261529207769,0.4180791501844047,0.4924514984714102,211.98547464113324,16.885600188629823,2.508253385468677,1.5,1.2887713237519682,0.48774292917123746,-11.496441545154507,-0.2520927488608966,0.006307770698652693,0.8591808825013122,0.4018845291256867,2.7067974082040163,45.417684523365956,0.14081911749868783,1.1896190014495556,16.856294820460313,2.310963533071677,8272.098520585,0.4180791501844047,0.4924514984714102,1.7278132600696416,1.0
SUB00375,3.0273767428098224,1515.3874593019293,59.87566296371238,1.6117755561801952,0.7193159329068243,0.3288094387891003,0.4182668927012807,14.837267496373977,19.518413288293022,1.405052860323502,1.0,1.0,-0.284506012692268,5.213037078822864,-0.006183229341280206,0.0,1.0,0.053725851872673175,0.038645861261005755,3.0273767428098224,0.0,19.77806796128701,77.63886525606289,0.1551036294853751,44.9179985453707,0.3288094387891003,0.4182668927012807,1.3445053254673056,1.0
SUB00376,62.11545279041379,685.1151949642781,84.47662693756168,3.0690931752494017,2.3693558929315377,0.4336403282657147,0.37483859112896406,224.3913969009202,22.423322187858727,3.531083049783779,4.25,2.9821419029122196,-0.27240197716107883,24.115119112275984,0.04138075561184256,0.0167980125993236,0.7016804477440517,0.10230310584164673,0.2423924666911045,88.52384727281346,0.2983195522559483,1.3599937397638815,30.553688219100682,2.770127114529294,13938.173220774112,0.4336403282657147,0.37483859112896406,2.288773993975503,1.0
SUB00377,9.816302331312814,109.81718182291574,29.705318285788465,0.21975923063812539,0.48096039400075913,0.35566178356427947,0.4157435196758538,45.89592870079556,19.76826986139222,1.0,1.3333333333333333,0.7291061015718526,0.4796448426630147,-2.827039725517793,-0.03741971240173692,-0.008084065774603626,0.5468295761788895,0.007325307687937513,0.0035231828717672163,17.95130102491295,0.4531704238211105,3.026120965226601,5.55522474110851,0.4965686122326884,450.5283119033861,0.35566178356427947,0.4157435196758538,0.8036739533737437,1.0
SUB00378,127.41600156855752,458.6441564239954,41.985449881495946,5.633719351930953,3.0795902635654397,0.46980729555647294,0.44767749852192945,589.1216041906816,16.58510770871201,4.571995134672668,1.5833333333333333,1.282572941923169,-0.23553929641329,-5.419446939833413,-0.034231093150402764,-0.002701956413982646,0.8100460685830542,0.1877906450643651,0.578318242128892,157.2947595331654,0.1899539314169458,0.32951473413569043,27.653975149228227,7.682554964754738,75063.51924363102,0.46980729555647294,0.44767749852192945,2.0236751033015175,1.0
SUB00379,0.3222944734875273,61.202140350411106,13.762341802377321,0.7943922813980034,0.2921700872843321,0.32029361104463105,0.37883879092839073,1.991342629784488,21.529008500081087,1.0,1.0,1.0,-0.12126752983937457,0.8971566462170968,0.11687129532201466,0.0,1.0,0.026479742713266783,0.007736588739801813,0.3222944734875273,0.0,27.524683604754642,2.8427756136647258,0.014970242288970875,0.6417987243996596,0.32029361104463105,0.37883879092839073,0.9935541105302494,1.0
SUB00380,109.82311370804563,255.6344133579082,29.7419626108214,1.5782997702007997,0.864713927176774,0.4796818200428121,0.4132048920096447,645.7610039135743,20.30837639508321,3.317298396853507,1.75,1.3139616595640538,0.13796537532874914,-3.556198307151896,0.03538620739289624,-0.02129596682132345,0.7508352340366021,0.052609992340026654,0.045492593085084444,146.26792767518407,0.24916476596339784,0.27081696745447953,12.587634204957858,5.407774189897057,70919.48416102216,0.4796818200428121,0.4132048920096447,1.1208361226925945,1.0
SUB00381,38.67196967589394,338.9426007766191,45.570004589788,11.743589863852307,6.749737641404838,0.3001338650975074,0.46939606369743797,194.54315577152545,19.609773226376962,2.419389303016706,1.3333333333333333,1.126547333413442,0.42148383591441296,-5.207068398807506,-0.10747104480645422,0.0046747446614957815,0.8449105000600815,0.39145299546174356,2.642205018308808,45.770492464165116,0.1550894999399185,1.1783729913864183,17.284371260383057,1.9720763330335997,7523.367020649143,0.3001338650975074,0.46939606369743797,1.6459499094988272,1.0
SUB00382,8.364185349844563,1424.6600111395235,61.0529415997104,1.0838713944185472,0.6976973896929911,0.33073787289524886,0.4818817821972423,40.18167785388187,18.981856292512923,1.5328854976313009,1.0,1.0,0.5916494636605963,-6.004420566578368,-0.14043081685901634,0.0,1.0,0.03612904648061824,0.025207141421624092,8.364185349844563,0.0,7.299329109301121,75.05377710089697,0.4406410638112183,336.08700123761247,0.33073787289524886,0.4818817821972423,1.3656017906344096,1.0
SUB00383,66.58951800193512,643.4981951637166,80.23973764056562,4.0139098157077875,2.4045348493861876,0.42556585571760247,0.42326749924599527,279.90390097287167,18.673527656951663,3.602082731682387,3.8333333333333335,2.836713830627396,1.1381872924000225,-6.212869770361278,0.0855536239508014,-0.019352193363208797,0.7400123036419293,0.13379699385692626,0.32171953447208884,89.98433900925501,0.2599876963580707,1.2049905157480465,34.460451553949376,3.5659849186099337,18638.665852644903,0.42556585571760247,0.42326749924599527,2.2702923716436842,1.0
SUB00384,10.10035943282258,110.67543777660383,32.41052983163874,1.3494405190191985,0.32950291057145703,0.36328077439277523,0.4881191414734132,56.05571414037865,19.582420306513434,1.0,1.4166666666666667,0.7338366167136461,0.41812719887433786,-0.4865954771278144,0.11552424932180379,0.007794104498524929,0.5180023176802208,0.04498135063397328,0.01482148595532945,19.49867614117096,0.48199768231977924,3.2088491550425453,5.651775216968015,0.5157870822261452,566.1828610813795,0.36328077439277523,0.4881191414734132,0.7979928113435484,1.0
SUB00385,124.95569228523324,420.2606544621813,40.583478647588514,4.540196955789383,2.7833491536366126,0.5257668086774065,0.44803783282929843,661.9165001582411,16.407867752331914,4.4255389881691976,1.4166666666666667,1.2046097775879787,-0.3162673911554296,7.190996002593892,-0.20683551135795208,-0.025600381023693178,0.8503127841797496,0.15133989852631274,0.4212317784746634,146.9526209767282,0.14968721582025035,0.32478295230400245,25.61336188259155,7.615596015970712,82710.23451229172,0.5257668086774065,0.44803783282929843,1.9264251424645327,1.0
SUB00386,0.29340234875402665,41.43183629456522,14.53304956514139,0.3051260307491047,0.20699365126641053,0.38231872013571905,0.3915677107770052,2.2755507170480125,17.78691903585634,1.0,1.0,1.0,-0.11068994357251398,1.3369686203591309,-0.011166150864336248,0.0,1.0,0.010170867691636824,0.002105305040039475,0.29340234875402665,0.0,29.06609913028278,2.3293430532316197,0.016495400252430563,0.6676519250907964,0.38231872013571905,0.3915677107770052,0.9941319530249194,1.0
SUB00387,104.54721419843092,219.29452839870865,30.182778393171503,0.8119178117087954,0.7810171564909231,0.49020396381201775,0.40299775257697634,504.14632943321106,16.912742627840647,3.595037107515829,1.4166666666666667,1.2219769463922587,-0.24278226083910812,-1.117828185426284,-0.08652122533383066,0.014004829018357994,0.8625719621592414,0.027063927056959848,0.021137391353504537,121.20404880390747,0.13742803784075858,0.2886999775611859,12.966231037993825,6.1815647821857205,52707.094290606634,0.49020396381201775,0.40299775257697634,1.5040928235472109,1.0
SUB00388,36.4297492943055,321.39546128681735,48.38189214038166,13.260894340345315,7.03868321725212,0.3711761117335451,0.39209089620439636,197.3643295940586,16.47921069679856,2.4516946167618436,1.5,1.288375693279215,0.959225816786909,5.733571656082912,0.048515598936616444,0.037910751844172426,0.85891712885281,0.4420298113448438,3.111307814638073,42.413578761622716,0.14108287114719,1.3280874306742607,19.50308586983813,2.210648917874614,7189.933046750235,0.3711761117335451,0.39209089620439636,1.7230996308757336,1.0
SUB00389,8.695244364744783,1484.5453248090507,64.73479221846753,1.8047560473153166,0.8179291017091571,0.3530376176462852,0.45653318395451187,47.596978397852375,16.408004191403723,1.491125896254512,1.0,1.0,0.9790322359907695,5.174414817343624,0.04558758802660799,0.0,1.0,0.060158534910510555,0.049205416419492866,8.695244364744783,0.0,7.444850254115611,90.47689819501723,0.5299391847608307,413.867358192805,0.3530376176462852,0.45653318395451187,1.3172210089596164,1.0
SUB00390,63.169089722183934,622.611308946722,100.71698893504153,3.2355151787626757,2.410432713323027,0.4846818626848477,0.415601591863725,372.506558393901,15.05090714971895,3.5173149302580495,4.25,3.021188528971137,-0.27743649162508255,-4.2666184402969805,0.032059254004153846,-0.005771022678877401,0.7108678891696794,0.10785050595875585,0.25996638771142516,88.86192594234046,0.2891321108303207,1.5944030439253172,41.36702876134268,4.197028730149565,23530.900209286283,0.4846818626848477,0.415601591863725,2.253933135814371,1.0
SUB00391,4.458346300035386,110.95914492859866,24.282161247065147,0.41209374160203494,0.4716792345037067,0.35365329547838004,0.41248898516238136,23.72646192964993,16.857295519911663,1.0,1.5,0.7436994232049452,-0.5188368641085374,0.7889480384826197,-0.06865154353949203,-0.0310838398562921,0.4957996154699635,0.013736458053401164,0.006479202019420538,8.992234283621547,0.5042003845300366,5.4464502335479015,6.582262546061132,0.26447577517812587,105.7807837569852,0.35365329547838004,0.41248898516238136,0.9108330739992923,1.0
SUB00392,121.359943860218,439.84262033137225,43.149544956713676,4.538435644035185,2.8698145797746957,0.44461677383971376,0.43806062651949595,619.1130644430516,18.783849928288742,4.535285244381856,1.5,1.3459556638394965,-0.19756602559743383,-4.488205000842718,-0.056925318485213636,0.06645341689320158,0.8973037758929977,0.15128118813450617,0.4341489593540445,135.24956332590983,0.10269622410700234,0.35555013939700886,23.41599948948501,6.460866346544231,75135.52674393627,0.44461677383971376,0.43806062651949595,2.108086367177496,1.0
SUB00393,2.9427918513854543,44.08205544923758,18.523123167674807,0.27193452914076494,0.24243606531459225,0.3615188249104886,0.46359709638569724,13.68448919382987,16.20572686942257,1.0,1.0,1.0,0.10349448514637424,2.353510974775542,-0.022167917845257325,0.0,1.0,0.009064484304692165,0.002197557908935446,2.9427918513854543,0.0,6.294404804388118,2.7201529313944484,0.18158962415551988,40.27060328997485,0.3615188249104886,0.46359709638569724,0.9411441629722909,1.0
SUB00394,107.99357877977202,252.927577406051,31.674143332298726,0.45798793565079327,0.8127285382233952,0.4549665047533824,0.4054795936392435,521.5845539312866,21.241467773438057,3.4493128547140994,1.6666666666666667,1.3392771992290153,0.42438725609696054,0.34859236682587524,-0.14209807399227195,-0.00913350735516235,0.8035663195374092,0.015266264521693109,0.01240732884884732,134.39286360575804,0.19643368046259083,0.2932965430925373,11.907255190826824,5.084092113202054,56327.78261529064,0.4549665047533824,0.4054795936392435,1.289441279118659,1.0
SUB00395,42.83099233663051,283.44717394420496,44.50983613752632,13.210191067979558,6.997137044461771,0.37174158966688037,0.4033458614199527,223.25720413223175,20.719018805364403,2.5009039190567948,1.8333333333333333,1.503616880129395,-1.0715897930435594,6.530950300215281,-0.2020960997328343,0.04581769192657552,0.820154661888761,0.4403397022659853,3.081117242872592,52.22306758336728,0.17984533811123907,1.0391969391626728,13.680530753262172,2.0672307283943896,9562.32759928517,0.37174158966688037,0.4033458614199527,1.6442840723241847,1.0
SUB00396,2.9656145013338087,1488.4628268980807,61.32715316541584,1.3840002471309685,0.8292443679407665,0.33456881489469636,0.41902552490129436,17.8189878368013,19.892319758771936,1.4148837566357793,1.0,1.0,-0.08611912536869587,-13.585370773727321,-0.1024408310473937,0.0,1.0,0.046133341571032285,0.03825581367206615,2.9656145013338087,0.0,20.67940831076779,74.82600546081167,0.14908339184654715,52.844248727908685,0.33456881489469636,0.41902552490129436,1.355571466609103,1.0
SUB00397,64.71480519278239,618.601415442298,97.46553645054297,3.2038424480001364,2.66745240416019,0.47209064692563724,0.4576633585466825,346.7821395058417,17.87866774310108,3.547089001306244,4.0,2.92898224780707,1.1853459229029812,-5.111984573518907,-0.16623027234029059,0.015449771168718707,0.7322455619517675,0.10679474826667121,0.2848699080156144,88.37855571331563,0.2677544380482325,1.5060778775459136,34.599972678669,3.6196659685537353,22441.938602456834,0.47209064692563724,0.4576633585466825,2.2527928974505964,1.0
SUB00398,4.861809973294836,119.37360537179472,31.84839365745887,1.4812809704985754,0.5018194183059095,0.3452394784809168,0.4471207581136752,25.298069284311737,15.688877496537545,1.0,1.6666666666666667,0.7115010429396501,-0.25408472160319995,-2.06636897010279,0.11533566478227444,0.006911361918967063,0.42690062576379006,0.04937603234995251,0.02477785183210694,11.388622269167021,0.5730993742362099,6.550727780887597,7.6088047343183005,0.30988896269779737,122.99440555157055,0.3452394784809168,0.4471207581136752,0.9027638005341033,1.0
SUB00399,119.21701463833448,438.0852990902249,40.262416542424496,5.335649090087081,2.8917604418074063,0.499088481919697,0.4040961249303599,631.3061634150179,19.039880306781086,4.624819895485655,1.4166666666666667,1.1963279440537158,-1.538234194987852,3.974351586049642,-0.05276744582970197,-0.030053874265859527,0.844466784037917,0.17785496966956937,0.5143139656693168,141.17430891512907,0.15553321596208303,0.3377237440860898,23.008826317789406,6.2614371895959415,75262.43612511895,0.499088481919697,0.4040961249303599,2.2404796027189655,1.0
SUB00400,0.38946699301167415,61.81945807784462,14.677836382017977,0.11010047822470176,0.18797537930362265,0.3020496316361661,0.46746742198713415,3.2319567757523266,14.953173672669427,1.0,1.0,1.0,-0.16713550384273315,1.4077166122838471,-0.04179859916979236,0.0,1.0,0.003670015940823392,0.0006898726385266186,0.38946699301167415,0.0,29.355672764035955,4.134203175265379,0.026045774732324556,1.2587404869959644,0.3020496316361661,0.46746742198713415,0.9922106601397666,1.0
SUB00401,105.47040961034371,220.0483689488601,26.03249298605377,1.8978834292257671,0.7767478853628353,0.4114063474127612,0.39497221633087437,550.2823065400706,19.619255407169398,3.5014459995703717,1.5,1.238577555361094,-0.9597189084187367,-3.8640867938783576,0.09496312110949942,0.005967774065737591,0.8257183702407294,0.06326278097419223,0.04913923134387603,127.73169813285726,0.17428162975927064,0.24682271626923416,11.215938850994752,5.375861999931048,58038.50027210597,0.4114063474127612,0.39497221633087437,1.3920378073634976,1.0
SUB00402,36.20029402599358,284.6746347793996,43.16793315452248,12.70015103962502,6.850408331367856,0.378002099788923,0.3789592159927558,191.89419127274746,19.57180442228226,2.497529644973169,1.4166666666666667,1.2357063784310058,-0.9257370137049789,-1.576048902875331,-0.19097906227372444,0.010524607604375852,0.8722633259512982,0.42333836798750063,2.9000406830492453,41.50156603971996,0.12773667404870181,1.192474655689973,14.54513996958303,1.8496145396170007,6946.626145953709,0.378002099788923,0.3789592159927558,1.7735237644532975,1.0
SUB00403,7.769540981585451,1488.6118920776196,59.477844182740846,0.7807437265709406,0.8377796205831657,0.35060574842445386,0.42221811334186216,35.980197223437614,15.674738291907781,1.6092138722623803,1.0,1.0,0.4809429405773543,9.846879232449677,-0.050514329446769715,0.0,1.0,0.02602479088569802,0.021803039433976316,7.769540981585451,0.0,7.655258441098255,94.9688514318691,0.4956727721314839,279.5496168530256,0.35060574842445386,0.42221811334186216,1.4538230526306712,1.0
SUB00404,63.57829101253867,628.8332889841396,92.40219908281266,3.7595733208697357,2.3748914429294774,0.4812684051966431,0.44676786762663584,279.78684241637586,18.186341121501968,3.5102444996119195,4.166666666666667,2.906255217834817,0.5124942346156223,8.815086129233036,-0.01932441705604148,-0.034274184592444086,0.6975012522803561,0.12531911069565785,0.29761928362664974,91.15150805060317,0.30249874771964397,1.4533608502403665,34.57722940436112,3.4959363506807404,17788.369288627644,0.4812684051966431,0.44676786762663584,2.238678679361146,1.0
SUB00405,3.133155749274172,121.23132203170222,28.26294474774154,0.8257845598363911,0.49368561649377657,0.3332568990866384,0.4849861502899046,16.633613454190247,20.960383943098286,1.0,1.5833333333333333,0.7886817464727907,-0.4445447101256789,-3.55743391181737,0.07350802396288388,0.01445382861595761,0.4981147872459731,0.02752615199454637,0.013589265317129022,6.290027578978487,0.501885212754027,9.020599998671928,5.783831172215744,0.14947988346873003,52.11570162520039,0.3332568990866384,0.4849861502899046,0.9373368850145165,1.0
SUB00406,128.3689828991371,426.2229915109106,44.07066272475081,5.929170588988211,2.922233006670955,0.4421546297167889,0.4863434252685253,561.9033393654516,17.43391034223961,4.373878467304398,1.5,1.1674946886157682,2.099573003682969,11.863474740874564,0.2605029781087786,-0.011932922194591786,0.7783297924105121,0.19763901963294037,0.5775472665774672,164.92877974203492,0.22167020758948786,0.3433123931454555,24.44792838461717,7.363177874565487,72130.9601619717,0.4421546297167889,0.4863434252685253,1.8064988093216559,1.0
SUB00407,2.2646375942820294,46.459719361843874,10.204893037450463,0.34207689770804156,0.27249914831427297,0.32434004356160623,0.4018657028834524,10.744924549765878,19.857555575018136,1.0,1.0,1.0,-2.894162371271977e-05,-1.7254689410230726,0.020616127658120143,0.0,1.0,0.01140256325693472,0.0031071887761143333,2.2646375942820294,0.0,4.506192541895771,2.33964946925757,0.11404412722032435,24.333360083123715,0.32434004356160623,0.4018657028834524,0.9547072481143594,1.0
SUB00408,116.28008208435347,238.70816087544597,30.072971989668844,1.0123641096177125,0.818968878148091,0.4758550604376723,0.40262258327771194,473.57593398356204,19.347967382880377,3.6179383925542843,1.5833333333333333,1.3750737246134097,1.800693459225607,3.8572746937595617,-0.14741102139655304,0.00024963442793189466,0.8684676155453115,0.033745470320590415,0.027636489971033636,133.89109737999974,0.13153238445468857,0.25862530753850776,12.337635067891505,6.009937880463936,55067.44847678295,0.4758550604376723,0.40262258327771194,1.2923367508672148,1.0
SUB00409,42.84252242080035,339.0782801036448,48.446454477234845,12.562159031673383,6.700692636475778,0.31288028359597125,0.41635021012201334,227.94448140465872,17.10408160739389,2.5017445543810855,1.3333333333333333,1.1627204352546217,0.15675584528248482,3.3606710802648303,-0.16400628525358793,0.010265421023083596,0.8720403264409663,0.4187386343891128,2.805838884059051,49.12906103282211,0.1279596735590337,1.1308030372579965,19.824407289840412,2.5048127928879875,9765.7165552768,0.31288028359597125,0.41635021012201334,1.6448941059650783,1.0
SUB00410,5.608357848846848,1445.5783867043638,59.145939441465764,1.240937278079054,0.7898387164216643,0.33288918900008585,0.3726920189863913,29.408341148243537,19.11534397588662,1.5945583896734028,1.0,1.0,0.2107867465015534,0.6431134397445725,-0.035061525925475456,0.0,1.0,0.04136457593596846,0.03267134356259179,5.608357848846848,0.0,10.546035227339665,75.62397980009743,0.29339560177005486,164.93250090031736,0.33288918900008585,0.3726920189863913,1.4823912326964659,1.0
SUB00411,64.92363876416533,673.5663938486348,92.67253449803871,2.6108657756475693,2.3217386427365967,0.4596936625091131,0.3932179333667299,308.710558168495,18.038698609032686,3.456306106474194,3.5833333333333335,2.952758569716686,0.06365625390312363,2.325226990403029,-0.03596063621168549,0.03313420231154966,0.824025647362796,0.0870288591882523,0.20205826541064728,78.78837142016918,0.17597435263720393,1.4274082023447738,37.34007693389553,3.5991309667791396,20042.61276121522,0.4596936625091131,0.3932179333667299,2.1578333311908873,1.0
SUB00412,8.219689860909746,113.02506646344172,30.833913545421183,0.6543866823948098,0.47917181331261655,0.32906071667997255,0.42081470573914,36.86186982402876,18.26361520276971,1.0,1.6666666666666667,0.8044245502778576,-0.008704230314243938,4.100996495453724,-0.05144485294768547,0.007117016860961032,0.48265473016671456,0.021812889413160327,0.01045212177369161,17.030165348365216,0.5173452698332854,3.75122590598674,6.18853743952628,0.4500582042301907,302.9931376467441,0.32906071667997255,0.42081470573914,0.8356062027818051,1.0
SUB00413,131.21090618710468,387.2366952392167,40.47103088539554,5.00834164261907,3.023526994304737,0.44520045900960087,0.42244261585540793,643.9423089674668,16.933648835618044,4.4071367843891265,1.5833333333333333,1.348540348855569,0.6783367305341341,14.483893367164548,0.1726731802926154,-0.016238385049894173,0.8517096940140436,0.16694472142063566,0.5047618717719762,154.05590321359097,0.1482903059859564,0.30844258348223347,22.86788269901449,7.7485311914061406,84492.25389183787,0.44520045900960087,0.42244261585540793,1.7829186606470326,1.0
SUB00414,3.769145365708166,47.53004607629362,17.936497973506388,0.8248251781792323,0.2598657609611145,0.3944997995151293,0.47441415653039604,15.482839776407687,19.815189883465738,1.0,1.0,1.0,0.7234216275853557,4.260605902616612,0.07542590278517278,0.0,1.0,0.02749417260597441,0.00714479408624777,3.769145365708166,0.0,4.758770552256583,2.398667202071771,0.19021495064517296,58.357073791249086,0.3944997995151293,0.47441415653039604,0.9246170926858367,1.0
SUB00415,110.18655706570183,253.59742225808085,23.302314383533794,0.9837570446150011,0.413270400742841,0.47208424041776326,0.4276341970949061,576.2304260008457,21.9891989593706,3.421123322870097,1.3333333333333333,1.1954298481844017,0.5309893737982848,0.09805554818591267,0.011435773544755003,-0.0033429558660656687,0.8965723861383013,0.0327919014871667,0.013551922268721145,122.89755826665059,0.10342761386169869,0.2114805562863638,11.532817667740071,5.010940019656619,63492.84671753586,0.47208424041776326,0.4276341970949061,1.2173921815560602,1.0
SUB00416,44.177016788446394,314.10344755257,46.78122435342914,13.687236386024216,7.065303546857944,0.3699228379547071,0.46853362249100977,252.6425243634291,18.983465569302748,2.423773599131587,1.25,1.1678448877639953,1.6639910028560514,8.279990840909074,0.16094854467550976,0.054913314294391814,0.9342759102111963,0.4562412128674739,3.223482659495333,47.284764923950604,0.06572408978880376,1.0589493758135298,16.546159414669344,2.327131293660254,11160.993040278685,0.3699228379547071,0.46853362249100977,1.5402332633626594,1.0
SUB00417,9.422158778046482,1558.1352017700522,59.12297656708924,2.752345151897248,0.8051185305487496,0.3543298697176687,0.3911810565790576,48.72498165468205,20.359133605022695,1.4492561684889502,1.0,1.0,0.6093898106044024,-19.51601924427193,-0.020629542596003896,0.0,1.0,0.09174483839657493,0.07386546947528291,9.422158778046482,0.0,6.274886462839607,76.53249062551723,0.4627976298422636,459.0945136078162,0.3543298697176687,0.3911810565790576,1.2608129929280205,1.0
SUB00418,63.004905325972715,630.4204509525279,85.9855994746451,4.369168996199312,2.2655214196445663,0.42168855531422417,0.4784132412759324,316.1570484197794,19.320280468706372,3.5168788842626086,4.166666666666667,2.940307370329471,0.5783762258733396,1.695798526854803,0.024899517509417848,-0.010010954324770012,0.705673768879073,0.14563896653997704,0.3299481982312163,89.28333190852881,0.29432623112092704,1.364744523141105,32.62998443390294,3.2610761229902234,19919.444903827174,0.42168855531422417,0.4784132412759324,2.2567807777431543,1.0
SUB00419,3.540315229816341,104.6840373350412,31.567378434756364,0.8551882091013304,0.42072653325178094,0.3625098868897616,0.40170482803600244,18.210770269653583,16.372472334983424,1.0,1.5833333333333333,0.740612559465943,-0.42158026775328544,0.03042308881400284,-0.1268695985025203,0.013766153580685473,0.4677553007153324,0.028506273636711012,0.011993345683100062,7.568733533114816,0.5322446992846676,8.916544540694463,6.393905281571953,0.21623583521052414,64.47186733234122,0.3625098868897616,0.40170482803600244,0.9291936954036731,1.0
SUB00420,118.50495385715438,389.79188075816813,42.13565750976077,5.199938919129709,2.767264910316516,0.43331432190144586,0.4601581449788929,572.6913131487636,16.796772859412023,4.60953766644397,1.4166666666666667,1.3232003522105706,0.1766517058117138,-4.81116201364196,0.15376137187984737,0.03712260776979357,0.934023778030991,0.17333129730432362,0.47965361688989444,126.87573554816115,0.06597622196900901,0.3555603047662548,23.206355412477308,7.055221550534362,67866.75763908737,0.43331432190144586,0.4601581449788929,2.239438589300882,1.0
SUB00421,0.37063765088717854,50.89230114084657,17.36140447944174,0.6287780147423048,0.22122535680388736,0.37001552029013923,0.3655926308597334,2.347135655575221,20.103984702991184,1.0,1.0,1.0,-0.13426874394370233,1.1553091766530712,0.05056204053115388,0.0,1.0,0.020959267158076826,0.004636721355393544,0.37063765088717854,0.0,34.72280895888348,2.5314534353617235,0.018436029292841282,0.8699368456959377,0.37001552029013923,0.3655926308597334,0.9925872469822564,1.0
SUB00422,104.76198029665296,254.340742480986,32.68059616027702,1.4923082337234235,0.7953338695681403,0.443819004162381,0.4857203101074796,492.72415413724,19.627070231538635,3.5412625835702993,1.5833333333333333,1.3444881916436353,-2.399887164850705,2.827385961324665,0.17072688889965904,-0.018469484411437333,0.8491504368275592,0.04974360779078078,0.039562776070521576,123.37269787912439,0.1508495631724408,0.31195092024545407,12.958670829652773,5.337627015177818,51618.75812741054,0.443819004162381,0.4857203101074796,1.4460229776372402,1.0
SUB00423,40.46675660863519,299.91157564158823,44.39200317603479,13.747459385384921,7.014160892788689,0.3104556298223758,0.44388740396585313,216.73197484908022,21.286817158493538,2.4173486099404786,1.4166666666666667,1.267579500214884,-0.006431046134739562,-6.597120086316034,0.2636648349288193,-0.013169567059342288,0.8947620001516827,0.4582486461794974,3.2142297332055914,45.226279839527315,0.10523799984831725,1.0969992877205779,14.08907557238646,1.901024296273845,8770.440075526572,0.3104556298223758,0.44388740396585313,1.6080134777677748,1.0
SUB00424,9.964725544372707,1542.1784614378967,60.43279936984129,1.701133272071428,0.5163651766540203,0.3269975205544689,0.4283887749325383,41.58314559535164,17.109177453520054,1.5298133738326307,1.0,1.0,0.34248000597874617,-12.51438090165744,0.1286136256771281,0.0,1.0,0.056704442402380935,0.02928019941817315,9.964725544372707,0.0,6.064672739930001,90.13749875629513,0.582419907178095,414.36463312936985,0.3269975205544689,0.4283887749325383,1.3305188629451765,1.0
SUB00425,68.89563185707772,626.6765574057303,91.17265506466465,4.088350813230307,2.651743326216614,0.4575052897841774,0.5042365898232187,351.1561817882592,18.095260448504572,3.470437258554572,4.0,3.0030927503053206,0.38282174102555616,-7.607295041114113,0.17989245254285516,0.02422888341134244,0.7507731875763302,0.13627836044101024,0.36137523280719114,91.76623912141666,0.24922681242366984,1.3233444937960663,34.632082759412285,3.807385478266017,24193.127024820962,0.4575052897841774,0.5042365898232187,2.0925246214130175,1.0
SUB00426,10.482330851738945,97.53556155622653,31.664274910592706,0.8295323713382757,0.5084003440206782,0.36058080575204876,0.4361778598407733,52.99863492389513,17.66633751304855,1.0,1.75,0.7389410754280221,0.8487363866837,2.3469346961098947,0.021461291856958855,-0.005112497379852486,0.4222520431017269,0.02765107904460919,0.01405781809882228,24.824819732639146,0.5777479568982731,3.020728438974985,5.520983706112583,0.5933505370876437,555.549225962795,0.36058080575204876,0.4361778598407733,0.7903533829652211,1.0
SUB00427,126.38245980109896,393.6211381402498,44.73725541443837,5.14991312108612,3.0942459253975425,0.518679268041304,0.4250303690615205,540.1399090329038,18.984013636920185,4.518815448928024,1.75,1.4660881503509418,-0.28574158925263116,-1.758246080886198,0.1520556395624027,0.007905250648970066,0.8377646573433953,0.17166377070287067,0.5311699230357356,150.85675755511784,0.16223534265660472,0.3539831040228682,20.734347628929946,6.657309788026588,68264.21034032022,0.518679268041304,0.4250303690615205,1.9911662529060443,1.0
SUB00428,4.019921883002545,37.55101737091001,14.647364442975926,0.0574745413518542,0.21169691838773275,0.3374685384216623,0.4082286052974375,19.1856890520028,20.825039969217382,1.0,1.0,1.0,0.356933192256866,-0.33723916079086586,-0.021295329373608465,0.0,1.0,0.0019158180450618068,0.000405572776331195,4.019921883002545,0.0,3.6436938003470782,1.8031666410444445,0.19303309328311538,77.12497126062841,0.3374685384216623,0.4082286052974375,0.9196015623399492,1.0
SUB00429,116.22368169345282,217.80899131722524,28.59523838734238,1.0350303224836277,0.6305466552167048,0.41369931358543316,0.3728512203492977,601.8152373017834,15.635243481802235,3.583107322965343,1.5833333333333333,1.3766597177294335,-0.5249380622343993,-1.4808064135339927,-0.05898843134324797,0.025366863203421186,0.8694692954080633,0.034501010749454254,0.02175449692966396,133.6719793410372,0.1305307045919367,0.2460362464059958,13.930642754027579,7.433442391141837,69945.18257843226,0.41369931358543316,0.3728512203492977,1.2586336890962868,1.0
SUB00430,40.06240999008176,321.38103109748675,47.387437005264246,12.725806884156588,7.077895596338544,0.3933101846149054,0.38328056658040827,194.34156092934617,15.825245776266629,2.4620619210925434,1.3333333333333333,1.1940473149453357,0.13823613587220127,-3.1356081355775225,-0.07738531283678837,-0.04658568944936977,0.8955354862090018,0.42419356280521964,3.0023977501742216,44.735703505926644,0.10446451379099819,1.182840398692838,20.308122580912265,2.5315505715660978,7785.791292063921,0.3933101846149054,0.38328056658040827,1.6608137212909082,1.0
SUB00431,2.9686021350432843,1528.0108622626528,61.11947164717352,1.7983350755007759,0.6627682709364311,0.28553569947679464,0.39267814725503386,14.266249125854046,18.830293805873804,1.4198377103271007,1.0,1.0,-0.4478111679842353,1.9740937562074006,-0.0025759023944861947,0.0,1.0,0.059944502516692526,0.03972931428513285,2.9686021350432843,0.0,20.588636963397708,81.14641640833106,0.15765033544602883,42.350817614069705,0.28553569947679464,0.39267814725503386,1.360465667626235,1.0
SUB00432,65.42155547018652,558.3817214297684,85.82206360793283,3.6595155020576104,2.5388567415133845,0.4226748170865808,0.44747254224504157,356.3166450217195,18.313453990911157,3.4633986197766338,3.9166666666666665,2.955806661664198,-0.36512352399909864,-6.356256329038407,-0.09332362282836495,-0.028920244753587433,0.7546740412759655,0.12198385006858702,0.30969952010239005,86.68849316663257,0.2453259587240345,1.311831597263735,30.490246225910713,3.5723220481868028,23310.78915723918,0.4226748170865808,0.44747254224504157,2.154967510372903,1.0
SUB00433,6.929871694498062,126.47412874164938,32.61783043479746,0.8076909916561535,0.5150354639075133,0.4011087585950433,0.3447780238685347,40.14002059426151,17.90298977351579,1.0,1.5,0.7475726467910144,0.6824917418558846,0.8756552908727523,0.01062987800198747,0.014607551606926202,0.49838176452734295,0.026923033055205117,0.013866316819384883,13.904745694438155,0.501618235472657,4.706844783388158,7.064413840460591,0.38707901764818875,278.1651925327421,0.4011087585950433,0.3447780238685347,0.8614025661100387,1.0
SUB00434,125.83888642731195,438.951224307885,42.98548408774292,4.551132896244678,3.0321654730371446,0.4293018649526572,0.44947950187422064,539.6378565833795,17.13259262778618,4.475320724276355,1.5833333333333333,1.3437143497262076,0.7979886891144343,10.977550668932821,-0.06450768262141707,-0.019495474630445944,0.8486616945639206,0.1517044298748226,0.4599929343732218,148.27921094279324,0.15133830543607935,0.3415914214448531,25.62082889871437,7.34499962505514,67907.42694647395,0.4293018649526572,0.44947950187422064,1.9585429957301161,1.0
SUB00435,4.682288629242578,55.369286204667254,14.748068754185995,1.0155490994454592,0.21631279992652133,0.3300886448346391,0.4454512078713863,20.800986048783816,20.45395237352579,1.0,1.0,1.0,0.6555947699988995,-1.7885636135093523,0.1377707699893778,0.0,1.0,0.03385163664818198,0.007322542305463486,4.682288629242578,0.0,3.149756437926316,2.707021371396831,0.22891852604990978,97.39622045325396,0.3300886448346391,0.4454512078713863,0.9063542274151485,1.0
SUB00436,111.68695119382028,259.73574952712175,33.30790107422208,0.5739576947235464,0.7101139422043864,0.4057941986697228,0.384140621007947,623.411044759668,16.353824591807953,3.497172578528667,1.75,1.4763834823884217,0.4979563848938356,-3.2518783100501163,-0.11849116597188256,-0.01594454490236562,0.8436477042219552,0.019131923157451547,0.01358584537528931,132.38577031015848,0.15635229577804477,0.2982255377033251,15.882263385485375,6.829408654032349,69626.87892976154,0.4057941986697228,0.384140621007947,1.2634335546522615,1.0
SUB00437,42.39775673207184,308.24276442438764,40.27493968826443,14.293824484435673,6.7721230895510365,0.41504263443057177,0.42869537017069176,191.05971331644295,17.53560622312816,2.4494377444357194,1.8333333333333333,1.5146245598617687,0.9055266056511244,4.30234323635413,0.0756233351499359,0.060536528264405906,0.826158850833692,0.47646081614785574,3.226651294301225,51.31913395261394,0.17384114916630794,0.9499309112691426,17.578107109741,2.417809580837437,8100.503246489935,0.41504263443057177,0.42869537017069176,1.6014826097942825,1.0
SUB00438,6.143201678123316,1546.610787762781,57.228215845873656,1.689740295286973,0.7958029301140459,0.2741717388811293,0.3839926799968696,29.449485759471685,18.981764427386008,1.320105399687559,1.0,1.0,0.44352648915045884,6.6817323273276905,0.11519261838629322,0.0,1.0,0.05632467650956576,0.044823342604038204,6.143201678123316,0.0,9.315698693349146,81.47876840845221,0.3236370202371804,180.91413033745516,0.2741717388811293,0.3839926799968696,1.1972413661250927,1.0
SUB00439,62.84083980791763,622.3533254939874,90.05368885715843,3.777499608350291,2.608153671537638,0.4780131228592213,0.4270215730456524,354.0179671988826,18.020107015766506,3.6239250910181586,4.083333333333333,3.002334084341042,-0.044916679442710036,-11.758474229718347,0.07989946180973477,-0.010820589804235312,0.7352654900427043,0.12591665361167637,0.3284099824250267,85.46686966672111,0.2647345099572958,1.4330440066113204,34.53660541246874,3.487262298327956,22246.786365869622,0.4780131228592213,0.4270215730456524,2.367108294859806,1.0
SUB00440,11.926194258993391,121.50627069675483,29.563165997112552,0.5140803150461902,0.4391476826657288,0.419563214433591,0.4696911705429801,62.2412644367642,16.71971566668888,1.0,1.6666666666666667,0.7358720114342138,0.5326375739357705,-0.013321001912617704,-0.02923451130428249,-0.006319242904065033,0.44152320686052826,0.017136010501539675,0.007525239301886741,27.01147770644982,0.5584767931394717,2.478843238262646,7.267245036877923,0.7133012604247962,742.3014105982267,0.419563214433591,0.4696911705429801,0.7614761148201322,1.0
SUB00441,129.94194509909025,414.6231046582255,41.051656649847324,5.456372949110257,3.100259537157426,0.4007391259831317,0.4356818327129471,544.042257212432,18.227930419412182,4.4238859848889565,1.6666666666666667,1.4182910394541175,0.36194854636131946,2.3946255664866536,0.10380836529599852,0.04065346110419919,0.8509746236724705,0.18187909830367524,0.5638724091255621,152.6977908439997,0.14902537632752955,0.31592305793593,22.746581488848822,7.1287272942794475,70693.90911828297,0.4007391259831317,0.4356818327129471,1.8250470829071515,1.0
SUB00442,0.5051892692434171,30.085288838909534,15.88319270315755,0.8888798477143188,0.2645061262271572,0.3206033109152372,0.39719981980498625,3.153100946575433,16.933860444662734,1.0,1.0,1.0,-0.10773454854893857,-0.16793238308126487,0.11767292455031156,0.0,1.0,0.029629328257143962,0.007837138840009996,0.5051892692434171,0.0,31.440083291841447,1.7766349815639295,0.029833083300426288,1.5929127630511697,0.3206033109152372,0.39719981980498625,0.9898962146151317,1.0
SUB00443,115.93799089990837,251.5395438705782,31.73781520420624,0.40261572985335864,0.7689104959828899,0.4658695718902018,0.3990669369111098,582.6221567193169,18.08030366773459,3.4583029343129623,1.5833333333333333,1.4149686219973139,0.5492326232521518,-2.9333978943644907,-0.03885731487515178,0.021877537445601718,0.8936643928404088,0.013420524328445288,0.010319182017735306,129.73325537947517,0.10633560715959119,0.27374819037192166,13.912351722248223,6.412391795543059,67548.04230380915,0.4658695718902018,0.3990669369111098,1.1395431163147949,1.0
SUB00444,34.447465754519726,289.9944012474638,46.88821194369154,12.659977141718073,7.259981137351641,0.36130766111658347,0.43415754428952824,181.9299084272185,18.67334087136933,2.481834345273503,1.5,1.2504038942712439,-0.8211569788372515,1.2038474403832313,0.1711258477225164,-0.005944328515761016,0.8336025961808292,0.42199923805726913,3.0637065082725385,41.323606611041804,0.16639740381917076,1.361151275331176,15.529861702042519,1.8447403703391865,6267.024290269519,0.36130766111658347,0.43415754428952824,1.7928850301831087,1.0
SUB00445,3.0737363782728018,1584.583682368816,60.903097689097024,1.5280692416027108,0.6157525344225218,0.30261519933700926,0.42951737140789376,17.216120885279626,19.182118407474686,1.4787355937596764,1.0,1.0,-0.42748016885004164,-21.804986906615955,0.010274008533585241,0.0,1.0,0.050935641386757026,0.03136375027633233,3.0737363782728018,0.0,19.81402768292048,82.60733505593169,0.1602396728546447,52.91781705782614,0.30261519933700926,0.42951737140789376,1.4172608661942203,1.0
SUB00446,64.06256236463582,600.9522166323327,98.60473820932255,2.93142745779844,2.2036669984808133,0.40798576573772133,0.4253248265678961,299.3980158439191,16.578381494819222,3.6014566716833154,4.083333333333333,2.909251241153409,0.10242111586975844,1.408479183533033,-0.0908625527144254,-0.012651931680582188,0.712469691711039,0.09771424859328133,0.2153296649063643,89.91619308154107,0.287530308288961,1.539194415110609,36.249148737476666,3.864222957147868,19180.20406184929,0.40798576573772133,0.4253248265678961,2.3202054243905987,1.0
SUB00447,9.189613671284318,122.00840545295029,30.108611401227908,0.4803328944542083,0.6291606312492303,0.3856248984627548,0.489417966315123,43.15241867654,14.843666993346014,1.0,1.5833333333333333,0.8204400942705795,0.1807081472894964,3.7615841180000325,-0.020433568827040192,0.007837534783114015,0.5181726911182608,0.016011096481806944,0.010073551569485986,17.734654544322566,0.48182730888173925,3.2763740107281354,8.2195595945155,0.6190932251042655,396.5540566189168,0.3856248984627548,0.489417966315123,0.8162077265743136,1.0
SUB00448,128.86172710010604,373.5616517243211,45.884584509762846,4.245669750210669,2.968698684663078,0.4892951231702303,0.4008046228907461,472.8982316798299,17.146849437039236,4.45157519074702,1.75,1.4516273555143162,0.552940306981153,-4.238197405949377,-0.009448759206285245,-0.016222197207091005,0.8295013460081807,0.1415223250070223,0.42013714009880776,155.3484243518457,0.17049865399181932,0.35607612549005707,21.78602273822872,7.515183916046371,60938.48287684896,0.4892951231702303,0.4008046228907461,1.8743406487448993,1.0
SUB00449,5.815514174205872,31.379291489236678,13.264090355513646,0.9545629012133668,0.2661373984624815,0.333810336679181,0.407143610193818,30.471645133641843,15.776659838630495,1.0,1.0,1.0,0.6746307905241793,-3.7215850433607445,0.13729439250095363,0.0,1.0,0.0318187633737789,0.008468162906590807,5.815514174205872,0.0,2.28081128481213,1.9889692628348246,0.3686150448630508,177.20828418606553,0.333810336679181,0.407143610193818,0.8836897165158826,1.0
SUB00450,114.88901871835311,233.45986899131336,26.86922104798207,0.6519441411156627,0.5286642724417769,0.43237410476359067,0.4157268766682258,584.3729050393093,21.05965536020547,3.6116232636424535,1.6666666666666667,1.368853573506646,-0.8903646345333741,2.204279871889946,-0.05633827245212242,-0.033334043958165,0.8213121441039876,0.02173147137052209,0.011488652501186367,139.88471927891868,0.1786878558960124,0.23387109880232448,11.085645277579491,5.455408303378436,67138.02962555959,0.43237410476359067,0.4157268766682258,1.3138428892753913,1.0
SUB00451,44.32234585011181,323.61166401053805,46.37120958989389,13.189071732416137,6.186827902983823,0.3685701198412645,0.4582692551034199,228.65268980653704,15.916892795713634,2.5582056692170654,1.6666666666666667,1.3179091200112156,0.7701634908247263,-0.21561540721614558,-0.0847268865610989,-0.047598249214102016,0.7907454720067293,0.4396357244138712,2.7199505669522446,56.05134321873755,0.20925452799327066,1.0462264282380467,20.331334021278675,2.784610439925038,10134.42359716367,0.3685701198412645,0.4582692551034199,1.6717587522148292,1.0
SUB00452,5.1413640430325485,1495.6416189269369,64.81762836764251,1.5582132637902555,0.7489844512419799,0.2967752999012155,0.3927914603719072,24.994624830051276,18.102962957011318,1.5056574205755275,1.0,1.0,0.03213798330269134,18.48923983903489,-0.009819835558530606,0.0,1.0,0.05194044212634185,0.038902583543263966,5.1413640430325485,0.0,12.607087890514538,82.61860903536079,0.2840067703414974,128.50646537031415,0.2967752999012155,0.3927914603719072,1.4028301397148766,1.0
SUB00453,68.67482793641388,667.3362486491259,86.1674956224341,4.174234061562395,2.637290383869002,0.42231662793566893,0.4466050104406962,302.42141625947005,20.916948164383943,3.533761727264108,3.8333333333333335,2.9284428016649886,-1.0829377245917446,-11.110277303864706,0.004086490225328044,-0.020018438188755126,0.7639416004343448,0.13914113538541317,0.3669555783525651,89.89538977504077,0.23605839956565516,1.2547173136307923,31.904092480633665,3.2832145204312853,20768.738725905703,0.42231662793566893,0.4466050104406962,2.1602651685358305,1.0
SUB00454,6.523357961753567,125.44489817672498,30.147366415938205,0.8659350290410098,0.33977770754198855,0.32244154655286605,0.43115342132821927,29.797367526373034,16.36994359825985,1.0,1.5,0.751726241225124,0.005327176231532824,5.005367014030054,-0.061593602439760524,-0.008311908812744741,0.501150827483416,0.02886450096803366,0.009807513968261987,13.016755842769586,0.498849172516584,4.621449043988103,7.663123420294493,0.39849605605525784,194.37889469246272,0.32244154655286605,0.43115342132821927,0.8695328407649286,1.0
SUB00455,122.8829681544921,405.13260779509255,38.35858548785449,4.100420379915524,2.766064464603692,0.4831632961571762,0.44086391818219384,592.6880687571927,15.205223537509942,4.551092960910798,1.6666666666666667,1.3896477028457515,1.788042001843997,-4.683888373466624,-0.2860238708526396,0.0014220710438584826,0.8337886217074508,0.13668067933051745,0.37806757009403663,147.379041828191,0.16621137829254917,0.31215542775325006,26.644304623057085,8.081628517420391,72831.26907863753,0.4831632961571762,0.44086391818219384,2.0934335978209555,1.0
SUB00456,2.4763084104512774,47.92800915768699,14.768636307877165,0.0,0.19370075411717114,0.32513720179437827,0.44953724843664494,12.755113791412755,18.596074926333714,1.0,1.0,1.0,0.23638902231159017,0.8590775736328983,0.0,0.0,1.0,0.0,0.0,2.4763084104512774,0.0,5.963972922575406,2.5773185657483357,0.13316296155295665,31.585595557938486,0.32513720179437827,0.44953724843664494,0.9504738317909744,1.0
SUB00457,112.2546326120008,242.43115577065953,30.847499777318664,0.41149403066949963,0.9166817250346974,0.4379274801743678,0.397210414316536,590.162816915451,15.879739340378451,3.7073417775945074,1.3333333333333333,1.1494094633470553,0.9741866495211807,-2.0409488946971153,-0.04564632445746411,0.007225580239210581,0.8620570975102915,0.013716467688983321,0.01257363526251992,130.2171665150761,0.13794290248970847,0.2747993473368764,15.266696170145185,7.069047558391819,66248.51019410745,0.4379274801743678,0.397210414316536,1.4622491253544911,1.0
SUB00458,38.33680570459543,287.5296189712445,51.506139178376,12.71061891976224,7.1462758689043975,0.33851219872932853,0.3976792324924212,161.85052529529023,17.843883665378023,2.537161933819096,1.4166666666666667,1.2611453887971562,-0.1980587081071834,-0.04391636082993403,0.1615560113647944,0.012982403014864183,0.8902202744450514,0.423687297325408,3.027786308837886,43.06440417625173,0.10977972555494861,1.343516712770933,16.113623265160037,2.148456379985218,6204.832141432249,0.33851219872932853,0.3976792324924212,1.7704258197271874,1.0
SUB00459,9.008239079296478,1537.675748889036,59.95670701980631,1.1078909803874601,0.7702153189425426,0.35834869379417267,0.44767219188442103,46.592348834778825,18.750601022781005,1.4331973851381818,1.0,1.0,0.24149953276909814,15.34481975592178,-0.0633334523105331,0.0,1.0,0.03692969934624867,0.028443820160423128,9.008239079296478,0.0,6.655763295359694,82.00674458492503,0.4804240177875865,419.71501756966836,0.35834869379417267,0.44767219188442103,1.2530326035522523,1.0
SUB00460,62.71487938334443,657.4646165760316,87.77555353398293,4.119321331228322,2.5094891637268466,0.42202048393901576,0.4331271634491327,344.8760297533436,19.230249746317813,3.5128303165573875,3.9166666666666665,3.0796973022150897,-0.7095029936088577,17.445063429039365,0.09084830126699821,0.010762191925401607,0.7863056941825761,0.13731071104094408,0.34457974142087744,79.75890273634768,0.21369430581742385,1.3995969440912934,34.18908361821573,3.2612618250240355,21628.85860818765,0.42202048393901576,0.4331271634491327,2.258532728890499,1.0
SUB00461,3.5982855226282666,94.9262579747665,32.126584441225475,0.4530962482214698,0.46313953888854537,0.3301480355045501,0.4267615827104639,18.137412198792923,16.550285944690703,1.0,1.5,0.84552928517923,-0.6008490868895049,0.055609766330528276,-0.13649853106712792,-0.014742887570736258,0.5636861901194866,0.015103208274048993,0.006994892915780714,6.38349064727934,0.4363138098805133,8.928303281991784,5.735626459385655,0.217415308391248,65.26358773285789,0.3301480355045501,0.4267615827104639,0.9280342895474347,1.0
SUB00462,124.30411799266142,444.07875886157757,42.681766207138566,5.142365213653423,3.0685577436051994,0.48298066150941105,0.39191443864895503,512.6790490837647,15.610560595994636,4.582050278328693,1.5,1.4041069104731585,-0.6026696074470131,1.8769661046261499,0.23577848744007293,-0.014300337435713817,0.9360712736487723,0.17141217378844742,0.5259881532267405,132.79343303435476,0.06392872635122766,0.34336566556595,28.447329365962645,7.962822169535373,63728.11700967373,0.48298066150941105,0.39191443864895503,2.095967918475465,1.0
SUB00463,2.355434073370951,40.36149380867131,15.056900947891227,1.0278970509351437,0.2680298833382151,0.3556774214337461,0.4681086509368371,11.744098010663384,17.883305558042483,1.0,1.0,1.0,0.050419072250297875,3.2409906747851625,0.11916550268261164,0.0,1.0,0.03426323503117146,0.00918357088819473,2.355434073370951,0.0,6.392410264466764,2.2569369895108644,0.1317113363480872,27.662448615324536,0.3556774214337461,0.4681086509368371,0.952891318532581,1.0
SUB00464,106.80459675517942,261.58293651594425,28.346258305577265,1.842853087439992,0.5827413405560731,0.44416254543792166,0.4002153284759404,600.4048348393935,19.29969410748244,3.4497905684140506,1.3333333333333333,1.2195942557586794,-1.3519674143305678,3.1211643076849747,0.10689451120817278,-0.02660100760377192,0.9146956918190096,0.061428436247999735,0.03579688928742264,116.76516868990873,0.08530430818099038,0.26540298045929034,13.553734844664156,5.534004640714567,64125.99627488152,0.44416254543792166,0.4002153284759404,1.3136986333104623,1.0
SUB00465,38.35345700669559,304.41825355260386,50.10476293318582,13.354206767358106,6.321976299671573,0.3549015591468701,0.4604292669502695,201.53001168145224,16.711048815659897,2.5922405776565727,1.5,1.286379695187185,-0.46469432685395906,4.2411661030746455,0.05017853290533048,0.015088987762733314,0.8575864634581234,0.4451402255786035,2.814165956138389,44.72255409913944,0.1424135365418766,1.30639496002769,18.2165857398091,2.2950957435271584,7729.372638583439,0.3549015591468701,0.4604292669502695,1.8251714375226609,1.0
SUB00466,10.313679601903237,1540.8441989383703,58.080910005795396,1.176981703811016,0.6531332300741862,0.4005609750756447,0.4328994585246469,51.21258553121586,16.347026432831946,1.6523764062234172,1.0,1.0,0.7530873669495459,17.766157637432652,0.03268246807727415,0.0,1.0,0.0392327234603672,0.025624195398276935,10.313679601903237,0.0,5.631444086655303,94.25837813803764,0.6309208371492493,528.1901987540258,0.4005609750756447,0.4328994585246469,1.4461028141853525,1.0
SUB00467,59.064467637466045,587.8237406944507,89.11556716365737,3.672726710562157,2.59363191128284,0.35714445472275264,0.4221818013291346,270.63643572251016,18.681823819308985,3.437465168162657,4.083333333333333,2.812969421565505,-1.38496894272584,-3.9653205997973777,-0.037576109226285626,0.005196949697604764,0.6888904705874707,0.12242422368540523,0.31752337326449553,85.73854648779967,0.31110952941252934,1.5087847351921138,31.46500825507697,3.161600719969254,15984.99699925136,0.35714445472275264,0.4221818013291346,2.2561758154133362,1.0
SUB00468,7.421748603859364,92.8636879061849,30.39825270061198,0.672597339620859,0.613030444793497,0.31191011770834404,0.42960082653346743,44.27990741678702,17.980564880089716,1.0,1.3333333333333333,0.674711125463285,-0.2318568431524311,0.7799657115645198,-0.09696517937825772,-0.006188907158088555,0.5060333440974638,0.0224199113206953,0.0137440882091566,14.666520873434596,0.4939666559025362,4.0958343273449955,5.1646702161740725,0.41276504121834534,328.634341049561,0.31191011770834404,0.42960082653346743,0.8515650279228127,1.0
SUB00469,128.53879614516484,404.75072866282875,40.93133849343104,4.682117954107204,3.0847238856829424,0.43989166458488144,0.4171876832253103,729.6257643894537,17.49373757888254,4.514629189330782,1.75,1.3754446068160047,0.819273445011861,-0.688110452165785,-0.008078907641697547,-0.02634012241991808,0.7859683467520027,0.15607059847024013,0.48143470295398144,163.54195010059712,0.21403165324799733,0.3184356763945835,23.1368926644596,7.347703460484606,93785.21739111606,0.43989166458488144,0.4171876832253103,1.9438532664274857,1.0
SUB00470,0.5716280964805059,36.78934076793657,12.190965120089302,0.024292555046278908,0.2295871358486521,0.34511563032454334,0.44318469309277875,3.4581896866444963,14.73897013388276,1.0,1.0,1.0,-0.16582464849670872,0.8849182917908478,-0.0069462085817535235,0.0,1.0,0.0008097518348759637,0.00018590860451736315,0.5716280964805059,0.0,21.32674232625836,2.4960591163261268,0.03878344899867974,1.9767983878451107,0.34511563032454334,0.44318469309277875,0.9885674380703899,1.0
SUB00471,105.23083060722246,245.54384449217298,31.475967540921545,1.6958412790132869,0.5519052901658674,0.44520320325253165,0.4401524121578024,486.35101628494067,18.4492591613809,3.5118552877258584,1.5,1.161178762290067,-0.4768978482727711,-3.8374500377209637,0.053645631737100456,0.0038888010906152344,0.7741191748600446,0.056528042633776227,0.03119812577230279,135.93621502302597,0.22588082513995542,0.29911355217185953,13.309143870999446,5.703797084031318,51179.121410331085,0.44520320325253165,0.4401524121578024,1.4072386755814095,1.0
SUB00472,37.07272822067036,274.6462021193419,43.075287203565466,12.775740426494414,7.2755714471721005,0.3434441933847771,0.4953931303042109,179.31986951574459,19.306900851336234,2.5992938874398486,1.6666666666666667,1.537255859997465,-0.22300613876985365,2.111316121677935,-0.021420530859948328,-0.013016178142399842,0.922353515998479,0.42585801421648045,3.0983604087828356,40.19362161864573,0.07764648400152101,1.1619130630787593,14.225286815016384,1.9201801731998096,6647.876787123271,0.3434441933847771,0.4953931303042109,1.8578393230264414,1.0
SUB00473,4.385771302992789,1440.0959293490394,55.08379406656488,1.6327727361052593,0.7722342601366354,0.31400677251075265,0.41327998193915344,21.358610353714997,17.933449423559804,1.3560786784765615,1.0,1.0,-0.5552946109533312,-28.74236413685019,0.09202273069812049,0.0,1.0,0.05442575787017531,0.04202943486125049,4.385771302992789,0.0,12.55965946719029,80.30222715865999,0.24455815495434174,93.6739803611279,0.31400677251075265,0.41327998193915344,1.2683632524167057,1.0
SUB00474,66.85171705232717,626.705683057654,85.34780619205189,3.4077120882543035,2.7904380066176375,0.44082100349960024,0.3960881477036237,377.0152629161687,16.49427679658905,3.424547836073522,3.5833333333333335,2.991556908047181,-0.23357030210492238,-3.4290618824972605,0.026693195309614913,-0.03224081483115795,0.834853090617818,0.11359040294181012,0.31696697755583886,80.0760251158138,0.16514690938218204,1.2766733594179367,37.995341704660504,4.053025050855933,25204.11768088045,0.44082100349960024,0.3960881477036237,2.0875134950269785,1.0
SUB00475,4.62920813501752,117.25050439170018,30.446839314848855,1.2417121148313086,0.39425210761370044,0.3947401268662576,0.42987369819128846,21.39236524006253,16.072113362097706,1.0,1.5,0.7093603841669021,-0.6725346765257051,-0.8324063738573939,0.12940094073402583,0.008567527826883484,0.4729069227779347,0.04139040382771029,0.016318253944056955,9.788835629270922,0.5270930772220653,6.577116091310425,7.295276094070359,0.28802734467605345,99.0297111965635,0.3947401268662576,0.42987369819128846,0.9074158372996496,1.0
SUB00476,124.21791414017615,465.63729105441536,43.287610482193394,4.083088150185753,2.973802229130882,0.45545005371745795,0.3641351897633281,556.4937741309518,17.402039422500724,4.536483146724814,1.25,1.1276540973011526,0.05660010282732398,2.4916347925643474,-0.0797125575351912,0.011130649915851984,0.902123277840922,0.13610293833952508,0.40474322142534264,137.69505475733928,0.0978767221590779,0.34848122174507484,26.757627640605694,7.1381239361843525,69126.49585454115,0.45545005371745795,0.3641351897633281,2.052124863921291,1.0
SUB00477,0.4472351316818373,52.427477207219034,17.14789129504104,1.0116634885071651,0.2777653913638551,0.3492511228663302,0.4263933881482809,3.2625942230441023,21.199764813207775,1.0,1.0,1.0,-0.11560532749219084,1.3994699394495822,0.13126291133219226,0.0,1.0,0.03372211628357217,0.009366836827123854,0.4472351316818373,0.0,34.29578259008208,2.4730216428889777,0.02109623081305143,1.4591467569675307,0.3492511228663302,0.4263933881482809,0.9910552973663632,1.0
SUB00478,109.16781573080362,235.3777006791347,32.57359443106116,1.5752551371784935,0.7306321257950126,0.4355661512991953,0.4113628745511984,592.242767904464,18.87463526164154,3.536326643315052,1.6666666666666667,1.3076172507964674,-0.3599298569645632,1.1010219450866983,0.1329868539888666,0.031727558013178885,0.7845703504778804,0.05250850457261645,0.0383644003182079,139.1434377609474,0.2154296495221196,0.29838093043268565,12.470582737960878,5.7838371029432665,64653.84935449563,0.4355661512991953,0.4113628745511984,1.3529703286989796,1.0
SUB00479,42.2107761088805,283.1350310466311,46.71990534827446,12.922557681241107,7.102144424576409,0.38360978852725935,0.4041170999531258,222.10195828276744,15.299366377235522,2.539983478582936,1.75,1.2812531559866633,0.5492695600361965,1.9380260664978894,0.16398018486103594,-0.013109524450297018,0.7321446605638077,0.4307519227080369,3.0592623662364526,57.653600965108396,0.2678553394361924,1.106824125378858,18.506323991816938,2.758988514170589,9375.096034417815,0.38360978852725935,0.4041170999531258,1.6957679564053256,1.0
SUB00480,2.8079800085515156,1444.3110325471546,65.88886916603646,0.8379404211472167,0.6658213469180365,0.3470791126407553,0.43388351605057585,17.285497176977284,15.158172586046275,1.4362717499402786,1.0,1.0,-0.7367621997576138,-19.19421771734573,-0.06418100125392083,0.0,1.0,0.02793134737157389,0.018597287328176886,2.8079800085515156,0.0,23.464864053652914,95.2826618346266,0.18524528551260708,48.537330510825875,0.3470791126407553,0.43388351605057585,1.3801121497692483,1.0
SUB00481,60.08156143356584,639.7599636742952,93.49777124148221,3.5461190514938843,2.6066505793137678,0.4259075252032971,0.408601737966372,332.68294163582823,18.514614323638362,3.5090601714261727,4.083333333333333,2.87417563969808,-0.11228059370473685,1.6297170661620146,-0.1281175988895675,-0.04183214667979857,0.703879748497489,0.11820396838312948,0.30811644266307076,85.35770713934693,0.296120251502511,1.5561807817672277,34.55432300620422,3.245088468132834,19988.110595792412,0.4259075252032971,0.408601737966372,2.307428942754856,1.0
SUB00482,10.712525611597876,124.34048364597798,33.204497112525196,0.6468250646018961,0.5217535336904194,0.3694905899637709,0.41710678418073305,50.85245579644655,17.336161784772404,1.0,1.3333333333333333,0.8136463214327568,0.7518454846926019,-0.763024861383991,-0.06633424145170852,-0.0032691883259979935,0.6102347410745677,0.021560835486729872,0.011249442104519105,17.554761947400923,0.38976525892543235,3.0995955871112666,7.172319062873258,0.6179294900793701,544.7582351320825,0.3694905899637709,0.41710678418073305,0.7857494877680424,1.0
SUB00483,122.23714760435332,439.56875561557814,40.82829114053002,5.5428236725764775,2.95202703248401,0.43397284181694645,0.4470237278694457,630.2196050357496,15.44065147045774,4.542259398502439,1.5,1.2512048176886195,0.5264042747044643,8.635280415668714,-0.028930399381212193,0.014167467349707157,0.8341365451257463,0.1847607890858826,0.545418843924602,146.5433307276161,0.1658634548742537,0.3340088667045759,28.468277809171163,7.916579675295889,77036.24688391219,0.43397284181694645,0.4470237278694457,2.097516446415372,1.0
SUB00484,5.099204432738823,55.87024397548802,15.708426434975374,0.42012344070863233,0.270128965736876,0.3289258178531252,0.4371295644584868,25.71487955824854,20.346699441494906,1.0,1.0,1.0,0.615323400743261,0.04982120911041247,0.004573679557389779,0.0,1.0,0.014004114690287745,0.0037829170173480204,5.099204432738823,0.0,3.0805641629351688,2.7459118927931216,0.25061580367868136,131.1254278307659,0.3289258178531252,0.4371295644584868,0.8980159113452235,1.0
SUB00485,108.49814436790889,239.12340377560085,30.213837702572096,0.6213399878371787,0.6995927108515833,0.41972895586566134,0.3811565988872916,585.3006121421791,18.047018193960394,3.5072909197891122,1.5833333333333333,1.266959134268151,-0.6014733376265922,-3.715857979420299,-0.05508847573855722,-0.013793255389894343,0.8001847163798849,0.020711332927905956,0.014489497548383386,135.591373025425,0.19981528362011514,0.2784733128717786,13.250022868355382,6.011970686892687,63504.0303148276,0.41972895586566134,0.3811565988872916,1.3373280324309342,1.0
SUB00486,41.3438275575071,280.8139736338425,44.187521117048455,13.345214341811031,7.219884580434175,0.3497601095174751,0.4085739556872034,247.3618589005654,16.863076348525883,2.612155908601464,1.4166666666666667,1.168756161413968,0.17444963710682168,-2.741481162352588,0.15969652041760662,0.023058247459253337,0.8250043492333892,0.4448404780603677,3.2116969083010156,50.11346618466269,0.1749956507666108,1.0687815746035108,16.65259456993388,2.451736960861311,10226.88603868938,0.3497601095174751,0.4085739556872034,1.785279357451322,1.0
SUB00487,6.825680307519723,1543.3188922168013,58.906726720600055,0.8330508677979234,0.812089179868298,0.3488116467401114,0.4228974244794724,34.15784201980359,20.05652680907418,1.5076049730561338,1.0,1.0,0.3608568238125719,1.5958032610522772,-0.04187015782307386,0.0,1.0,0.02776836225993078,0.022550386533952985,6.825680307519723,0.0,8.630161986301003,76.94846205967012,0.3403221491186389,233.15050962194306,0.3488116467401114,0.4228974244794724,1.3710913669057394,1.0
SUB00488,64.2242657283765,619.3070164203825,91.3093680185338,3.326544212699225,2.50552225984987,0.4960736938988264,0.43225698997628803,346.51457036509356,18.383423622233128,3.496605984858446,4.25,2.93174644355345,1.3096686335691632,2.899976021386759,-0.07956047974854728,0.009426383456271904,0.6898226926008117,0.11088480708997417,0.27782435244308895,93.1025702941639,0.31017730739918825,1.4217269280229416,33.68833951426683,3.4935965709185375,22254.643845881983,0.4960736938988264,0.43225698997628803,2.212120670290916,1.0
SUB00489,6.878314493003837,101.78343927153308,26.962419077345757,0.31313996474900835,0.5021634560521666,0.384412287039676,0.3928784675511396,39.783222831753676,18.578178495375788,1.0,1.75,0.6770446916152627,0.40077031890130194,-0.5174560109781733,-0.04863537840033102,0.008541271375788643,0.38688268092300726,0.010437998824966944,0.005241581564213855,17.778812110673616,0.6131173190769926,3.9199165878167,5.478655471895027,0.3702362152842857,273.6415181820525,0.384412287039676,0.3928784675511396,0.8624337101399233,1.0
SUB00490,125.88031332465228,476.49067605373875,42.153107807347176,4.596166177881023,3.1286464388965523,0.5072829049933949,0.37758351958269154,708.2455809510583,19.55434336208392,4.543343530816081,1.5,1.31545901196396,1.4000691202893176,-9.95638919659945,-0.1716860543976159,0.03322609436363677,0.87697267464264,0.15320553926270078,0.4793259648334747,143.53960729272163,0.12302732535736001,0.334866562483301,24.367510952971156,6.437460516763531,89154.1756409196,0.5072829049933949,0.37758351958269154,2.0257372643230354,1.0
SUB00491,1.137442285008688,41.89934669755028,15.53043241037755,0.13992857509793868,0.2851227050893008,0.352230172719804,0.4602229791294475,5.851926670731539,18.043103671808822,1.0,1.0,1.0,-0.17154041864119346,-1.3609762286353217,-0.04802009236412704,0.0,1.0,0.0046642858365979565,0.0013298937950405219,1.137442285008688,0.0,13.653820167463639,2.3221806768763007,0.06304027875125873,6.656228844060166,0.352230172719804,0.4602229791294475,0.9772511542998262,1.0
SUB00492,109.64055343441122,231.57227583289125,28.47161045170076,0.902978746594941,0.8356934091879884,0.4318713623495037,0.3370761583596433,472.2167733136824,17.150419987325918,3.509710680738825,1.5,1.2677783502889233,-0.09318147563829564,3.2462812183460406,-0.06388840285939511,0.012388067085162649,0.8451855668592821,0.030099291553164702,0.025153779572207432,129.72364618321228,0.15481443314071783,0.25968138211499403,13.50242594665449,6.392878630111396,51774.10836712404,0.4318713623495037,0.3370761583596433,1.3168996120506007,1.0
SUB00493,45.32355897764734,286.78133162306045,50.219344670115476,13.008702808781862,7.1749142998476065,0.35555225334945845,0.43563405942896777,235.18186802174844,16.495876292700753,2.519088126036799,1.25,1.092564756562878,0.8415940605499426,5.783578832817454,-0.13055376251048287,0.008538768459884716,0.8740518052503023,0.43362342695939543,3.1112109268398904,51.85454535462921,0.1259481947496976,1.108018562595286,17.385031660910194,2.7475690392818066,10659.279265756988,0.35555225334945845,0.43563405942896777,1.6126169464838525,1.0
SUB00494,1.0378730097693232,1505.9668851210852,63.525330044366704,0.9090603191363127,0.6665260515288597,0.3379167677773775,0.41102574440578504,6.410641110493231,18.453491269546316,1.5050722317970056,1.0,1.0,-0.1256447049051111,10.792460549139411,-0.12261504203069734,0.0,1.0,0.03030201063787709,0.02019707950384972,1.0378730097693232,0.0,61.20722809670693,81.60877869253788,0.05624263694112554,6.653431383898566,0.3379167677773775,0.41102574440578504,1.4843147716016192,1.0
SUB00495,62.97683436271269,602.9490318647021,95.16044709242159,3.1866609331588918,2.6881879368081045,0.5090644282199671,0.4764114169463644,307.6128458904669,18.763467139509462,3.5400407476795586,3.8333333333333335,2.950626019401383,-1.117150054003565,-13.143589202095756,-0.1333680004045326,-0.009787960997179716,0.7697285268003607,0.10622203110529639,0.28554478264051303,81.8169421685557,0.23027147319963928,1.5110389090748608,32.134201391548636,3.356353806813505,19372.483243486597,0.5090644282199671,0.4764114169463644,2.280504060425305,1.0
SUB00496,5.023029080589628,124.24516519798833,29.85997299150192,1.7161297980240173,0.3955886276237128,0.3564950620092677,0.4497384481003856,24.07252278742366,16.81343763600325,1.0,1.5,0.7208193829732575,-0.6392680927872807,6.985553674348988,0.21529018757967752,-0.010045460039946491,0.48054625531550504,0.057204326600800576,0.022629381054149345,10.45274835674608,0.519453744684495,5.944614795659676,7.389634879421532,0.2987508675699742,120.91698200438553,0.3564950620092677,0.4497384481003856,0.8995394183882075,1.0
SUB00497,128.42853999577704,428.03068132694244,44.09304634490274,5.250265862431272,2.9382613969917712,0.4244139131543579,0.4132723091410184,663.7667355021291,17.932563448461043,4.514196710304263,1.4166666666666667,1.0635242019198208,0.8756478816470492,5.2116866917971665,0.05199150398135565,-0.006729488414640754,0.7507229660610499,0.1750088620810424,0.5142217835841839,171.07314655581357,0.24927703393895007,0.3433274749238183,23.86890655968518,7.161750207374768,85246.59273830155,0.4244139131543579,0.4132723091410184,1.945625910388722,1.0
SUB00498,0.824838816446424,42.76453666757582,13.965699387843673,0.08453715447481323,0.2322618799912962,0.37213263098954036,0.4406972877032509,4.358944469130551,17.8570935259473,1.0,1.0,1.0,-0.02396412335677679,0.3371313610920243,-0.034171009568215824,0.0,1.0,0.0028179051491604413,0.000654491947581158,0.824838816446424,0.0,16.931428431085227,2.394820669188784,0.046191101326085886,3.595426596873329,0.37213263098954036,0.4406972877032509,0.9835032236710716,1.0
SUB00499,113.53753742490791,238.5875549831171,33.69653116497749,1.2904427634556568,0.8609109564368257,0.43893730752676935,0.4445355918953197,638.1453006587611,18.624579686489,3.56638521764909,1.75,1.2932078590300022,0.5495336248091754,-4.984354901133391,-0.07081874431668404,-0.004194885325953119,0.7389759194457156,0.04301475878185523,0.03703187712378633,153.64172828536704,0.26102408055428444,0.29678758170410285,12.810359159739741,6.096112735755991,72453.4459560732,0.43893730752676935,0.4445355918953197,1.2956344691509316,1.0
SUB00500,39.33581200777872,300.0488525158266,43.11862502176814,14.226375771699272,6.504810149599154,0.3185483270056373,0.4339467232819531,200.83935577979847,15.856995621883579,2.367339666027752,1.4166666666666667,1.127530344371077,-0.2802417926801792,1.8266508622980926,0.05977710805855214,-0.005316296202253779,0.7959037724972308,0.4742125257233091,3.084662450392031,49.42282392299577,0.2040962275027693,1.0961671520405212,18.922175402617988,2.4806598264738753,7900.179142717539,0.3185483270056373,0.4339467232819531,1.5806234258721776,1.0
SUB00501,4.225495985557248,1498.806298414478,65.03246079886821,1.292897947340977,0.7083262460744422,0.29475841306115086,0.4172861786684787,21.81585359640196,19.495968578267796,1.507369777674877,1.0,1.0,-0.11949485071502326,-20.13137968628335,-0.019015462108007117,0.0,1.0,0.04309659824469923,0.0305264516532462,4.225495985557248,0.0,15.390491677462071,76.87775513165327,0.21673690992031136,92.18280179310113,0.29475841306115086,0.4172861786684787,1.422859857963732,1.0
SUB00502,65.52032717407582,610.1828813690082,102.95289613862212,3.913280484812057,2.543522682748849,0.45024529060150914,0.4790340565830938,263.4733340624133,19.562671806304962,3.454294701747257,4.083333333333333,2.946124776396563,0.7862793189333579,14.051925136302222,0.00044952050871584085,-0.03150024886432048,0.7214999452399746,0.13044268282706856,0.3317839225692626,90.81127116687918,0.2785000547600254,1.5713123022889468,31.19118326016945,3.3492524856936416,17262.859049413895,0.45024529060150914,0.4790340565830938,2.1438881582657405,1.0
SUB00503,5.608278522670307,126.56537761738845,32.37272378542208,0.6447328933058747,0.458058545873667,0.3271040650214349,0.46075567238672493,25.67415493114395,19.13589197548585,1.0,1.5,0.7101955431447519,-0.09431289702180978,4.243273417890335,-0.042471913183100195,0.01567044260498227,0.4734636954298346,0.021491096443529156,0.009844180386153702,11.845213427776812,0.5265363045701654,5.772310282836709,6.614030732381108,0.293076410018139,143.9878116880446,0.3271040650214349,0.46075567238672493,0.8878344295465939,1.0
SUB00504,128.3046327945781,417.0701792524187,41.421951279184526,4.667181750819746,3.130772758991643,0.4700022534053483,0.4032742843356513,614.4621841008947,17.26492439565497,4.493912504474058,1.5833333333333333,1.2811085060002763,0.8193643034229192,5.534129470554981,0.12222058292270746,0.03769468246385464,0.8091211616843851,0.15557272502732486,0.4870628495576461,158.5728304614854,0.19087883831561495,0.32284065179082866,24.157081125555464,7.431520107140944,78838.34489721974,0.4700022534053483,0.4032742843356513,1.9278198485824958,1.0
SUB00505,0.4638505055405975,52.640224256281726,13.287769039496112,0.8553575203699292,0.1390001046522951,0.3492869049825384,0.4358301685334633,3.0568337375012997,18.266810691070905,1.0,1.0,1.0,-0.17344068111453836,3.248024546524275,0.10491113399535744,0.0,1.0,0.028511917345664307,0.003963159494884926,0.4638505055405975,0.0,26.575538078992224,2.881741380393955,0.025393075637847096,1.417913874493532,0.3492869049825384,0.4358301685334633,0.990722989889188,1.0
SUB00506,109.50789033824553,255.00777678555744,31.226375723723123,0.9575610182253557,0.6607132299782847,0.4546337121950215,0.4178258131551302,619.3472755108063,16.246850515474964,3.5469173033404644,1.5,1.2012832734862984,0.4814070722428421,-1.9676889363390984,0.048587989538616656,-0.022823450154137233,0.8008555156575322,0.031918700607511855,0.021089107775098998,136.73863536837288,0.19914448434246776,0.285151833600956,15.695828341786308,6.740253456135412,67823.41352792851,0.4546337121950215,0.4178258131551302,1.3567594965755538,1.0
SUB00507,39.048721411527346,307.7223363356555,49.7803108960746,12.318539349541261,6.650928955666836,0.34297002954660377,0.4181625725855677,213.21073928253637,15.029386703748942,2.5715476118275826,1.5833333333333333,1.321192229477942,0.23359896451737316,8.570222872949145,-0.0013679377936058651,0.03199104643997872,0.834437197565016,0.41061797831804203,2.7309910017128427,46.79647734482118,0.16556280243498403,1.2748256305616001,20.474710139629117,2.598158007457949,8325.606760189552,0.34297002954660377,0.4181625725855677,1.7905731835970355,1.0
SUB00508,4.854493144532303,1474.8293767199475,60.44171220441705,1.9536997162008538,0.7316543316971753,0.3620884791634678,0.4282811115216903,21.304396289265707,16.619001978451664,1.587960495806328,1.0,1.0,-0.06971430790074525,-22.559244711432548,0.029775846420348154,0.0,1.0,0.0651233238733618,0.04764776200646323,4.854493144532303,0.0,12.450674129078452,88.74355864643518,0.29210497422328247,103.42204573463981,0.3620884791634678,0.4282811115216903,1.490870632915682,1.0
SUB00509,61.97598754856954,607.5109481358213,81.40141381686753,2.6961993210954422,2.6645815516295053,0.4724088000337161,0.4264582004285035,300.60605601676525,16.54598512027903,3.393001738055556,4.0,2.931208970160588,-2.9866625496645436,4.137979455577362,-0.09794472679622727,0.02834331332178411,0.732802242540147,0.08987331070318141,0.23947476568356377,84.57396000009395,0.26719775745985297,1.3134347194237868,36.716517252952556,3.7456813298236775,18630.35718471964,0.4724088000337161,0.4264582004285035,2.1534819870841653,1.0
SUB00510,9.719415108337879,112.37574885497497,30.225314014735186,0.7210005265956604,0.37026128658415186,0.41278980892045314,0.39026628954044257,43.94619987332936,17.38659479290832,1.0,1.5833333333333333,0.8094133259490999,0.0563248929779566,-5.030004422147273,-0.01326271804293817,0.005045918074970211,0.5112084163889052,0.024033350886522014,0.008898619420172008,19.012627329170904,0.4887915836110948,3.1097873357426784,6.463355832092609,0.5590177504051715,427.1313590028736,0.41278980892045314,0.39026628954044257,0.8056116978332424,1.0
SUB00511,126.90544250913992,416.5724057074481,42.309891567412556,5.615550956060784,3.2085346912362653,0.42209658401684796,0.44962206470295635,553.3999228382737,16.823894053471083,4.594452294217728,1.6666666666666667,1.2872518975366696,-0.22629630128833728,6.4645866235827345,0.017031687215601825,0.04892861050517515,0.7723511385220017,0.1871850318686928,0.6005896684308668,164.3105527778345,0.2276488614779983,0.33339698227966336,24.760760165480328,7.543167004368823,70229.462092315,0.42209658401684796,0.44962206470295635,2.0563434440349297,1.0
SUB00512,1.0446169453217709,46.62911206542956,15.963893072671354,0.04570792571799631,0.24175450204325752,0.3494424181797262,0.43036485068317515,6.609882938218529,20.067052592488245,1.0,1.0,1.0,-0.07778411418312331,2.890180499580372,-0.02097380785784649,0.0,1.0,0.0015235975239332104,0.0003683365607128134,1.0446169453217709,0.0,15.282054483381977,2.3236652144363426,0.05205632169981979,6.904795723856331,0.3494424181797262,0.43036485068317515,0.9791076610935646,1.0
SUB00513,112.17870326495525,243.9716229095596,30.102646548822275,1.8306431094616828,0.8722834806418337,0.46908503119892253,0.39037017674220387,488.20854565124364,16.37090352045203,3.5488062831679357,1.5,1.27832060872473,0.46886743657485874,4.322068458746501,0.14235580205743578,-0.03245773177091233,0.85221373914982,0.061021436982056095,0.0532279914444742,131.6321224495468,0.14778626085017996,0.26834546730071157,14.902758580475902,6.85232205570153,54766.601574026216,0.46908503119892253,0.39037017674220387,1.3052322178688307,1.0
SUB00514,38.344262147094526,282.8684669974056,48.58953287807615,12.09370128491401,6.773599899737095,0.3432513400361368,0.39223036281146734,199.49924182596283,16.433817062989963,2.53934181837672,1.5833333333333333,1.2806237478512548,-0.350840038125352,-6.075691514302914,-0.1186108512501612,-0.011453074850745508,0.8088149986428977,0.40312337616380034,2.730596460364797,47.40795139980337,0.1911850013571022,1.267191755879385,17.212584630410912,2.3332535588124763,7649.651226721323,0.3432513400361368,0.39223036281146734,1.7724565754348296,1.0
SUB00515,9.28121387249326,1502.190216003977,55.4648794398889,0.7450495840448949,0.8057276047690829,0.32767147089676035,0.40517464214695603,56.68488620045857,19.281506385113495,1.4860908595262805,1.0,1.0,0.7198150064505572,-14.77085772580314,-0.08990022964799006,0.0,1.0,0.024834986134829828,0.02001023389288982,9.28121387249326,0.0,5.976037208265419,77.90834315537504,0.48135315193313555,526.1045521643978,0.32767147089676035,0.40517464214695603,1.3004665820764154,1.0
SUB00516,66.42489915446465,596.1019087694002,99.5929827502407,3.2004853962780184,2.943159838798674,0.42848596444356474,0.42863505842158794,319.7037870817548,17.253954584216732,3.6494288987592163,3.75,2.935672902410431,1.0562096931690164,7.023758691409349,-0.0505790298574987,0.02311065138293842,0.7828461073094483,0.10668284654260062,0.3139846694329041,84.85051983302232,0.21715389269055171,1.4993320880871326,34.54871205669521,3.8498362117649045,21236.291816206,0.42848596444356474,0.42863505842158794,2.320930915669923,1.0
SUB00517,4.000366994628231,104.9766752094112,31.98242994760395,0.579360636375061,0.49504938582837954,0.38274847173428017,0.4411005541366535,16.275477666462773,16.845708460691103,1.0,1.4166666666666667,0.775300922575657,-0.9481216815580655,0.9245730339144862,-0.10410349280383643,-0.013730910955874732,0.5472712394651696,0.019312021212502032,0.009560404240353768,7.309660559794188,0.4527287605348304,7.994873967951082,6.231656890796297,0.23747098579813092,65.10788367872658,0.38274847173428017,0.4411005541366535,0.9199926601074354,1.0
SUB00518,126.78039542598388,407.8366855142806,41.761696353753784,5.75417097939405,2.994912941355569,0.43775489904403164,0.41579701240364647,663.4012010302712,17.146384308027965,4.382780903827158,1.25,1.0764585538145657,1.0800223745799586,-1.8948498793100386,0.025719729853393505,-0.0101416417580049,0.8611668430516526,0.191805699313135,0.5744413710986629,147.2193181250705,0.13883315694834747,0.3294018465034275,23.78557940774317,7.394001741033245,84106.2665926904,0.43775489904403164,0.41579701240364647,1.8471729953074805,1.0
SUB00519,3.417581705307009,50.821953201243296,14.943884689730114,0.46012381853226314,0.23601763211942153,0.37146113620924853,0.4015875676423197,16.81858623752615,15.943879331004679,1.0,1.0,1.0,0.27163448230421056,-3.535454757690614,0.06785246168355176,0.0,1.0,0.015337460617742105,0.003619911137724372,3.417581705307009,0.0,4.3726488430472426,3.1875525489216576,0.2143507006266119,57.47889263449762,0.37146113620924853,0.4015875676423197,0.9316483658938598,1.0
SUB00520,109.85042140282714,275.7873124510534,29.087600714587598,1.3913380822338093,0.5450730771110642,0.44525668064330065,0.44314587240095177,601.0148933694103,19.41424645230741,3.299990157295228,1.75,1.3305632580013365,-0.7317737374938702,3.7010701116313434,0.12619528198938287,-0.009701630862084754,0.7603218617150495,0.04637793607446031,0.02527936432616631,144.4788410463942,0.2396781382849506,0.26479280045655784,14.205409060225241,5.658237710780233,66021.73930600494,0.44525668064330065,0.44314587240095177,1.1029817292386852,1.0
SUB00521,42.24654919827515,300.6812109001392,43.915915174450014,13.999785150722614,7.135989352021124,0.3540912460997443,0.4073752206618198,211.7515154159676,15.925179287021132,2.486517548582144,1.5833333333333333,1.3041598071472758,-0.09903558405086425,-0.783855131317552,0.04525115702823043,0.023319381284348625,0.8236798781982795,0.46665950502408715,3.330077258871334,51.2900100105461,0.17632012180172055,1.039514848143929,18.880868182450637,2.652814667694553,8945.770813829993,0.3540912460997443,0.4073752206618198,1.6415865646166408,1.0
SUB00522,8.763985180522763,1475.7605878068082,59.59053209937338,0.8212590340406453,0.7707892441456305,0.36853091471995586,0.4179549913275276,42.68160581720289,19.636679422612918,1.55247690110801,1.0,1.0,0.28334277451410933,6.48362540078041,-0.12594952616926772,0.0,1.0,0.027375301134688175,0.02110058766986532,8.763985180522763,0.0,6.7994788754102915,75.15326578623947,0.44630688274263225,374.0609608628803,0.36853091471995586,0.4179549913275276,1.3771971974975548,1.0
SUB00523,62.811644389833354,597.2756263867944,92.27418288928861,3.1012155481307633,2.708282399494862,0.46625098663909137,0.4522570299959529,328.66299286131317,20.891502402538297,3.4648117573421864,4.166666666666667,2.8277021041926527,-0.812301240154854,2.1331878767166623,-0.13338101509441905,-0.00824873308760123,0.6786485050062366,0.10337385160435877,0.2799655828680786,92.55401570398527,0.3213514949937634,1.469061728691568,28.58940515040345,3.0065642565850985,20643.863031703142,0.46625098663909137,0.4522570299959529,2.2085788695455193,1.0
SUB00524,5.5001749476990005,113.18739824651728,29.371462428852414,0.7759998801398648,0.33344818752173583,0.30870998841835035,0.45219255024343125,25.696515392522116,17.391868801628892,1.0,1.3333333333333333,0.745359991976965,-0.15208391360235787,0.680273477633788,-0.06054371039725014,-0.024326555676693715,0.5590199939827238,0.025866662671328824,0.008625191784990738,9.838959262464197,0.4409800060172762,5.340096034788852,6.508064172834397,0.3162497952597172,141.3353302051119,0.30870998841835035,0.45219255024343125,0.88999650104602,1.0
SUB00525,127.81473649518263,426.7884722547671,44.10560032474593,4.897445157935034,3.0117058832840597,0.4431001511644023,0.4473024265630757,675.8343189930432,14.049376910603359,4.41277739914601,1.5,1.2076210555407842,-0.7833843137915285,0.7170740573973277,0.013194994510486278,-0.020033449283485293,0.8050807036938562,0.1632481719311678,0.4916554798404658,158.7601539929419,0.19491929630614382,0.34507445333901915,30.377750911690676,9.097537727720734,86381.58539649702,0.4431001511644023,0.4473024265630757,1.8564826692423573,1.0
SUB00526,0.33536794392558483,54.21495295863543,15.708844875688621,0.3114032728562198,0.2298833429010035,0.3840573056731343,0.4028711304577996,2.72626907399232,16.52859544689532,1.0,1.0,1.0,-0.08290177790004088,-0.0680805992860029,-0.007648924946980886,0.0,1.0,0.010380109095207328,0.0023862141784833715,0.33536794392558483,0.0,31.417689751377242,3.2800701749173125,0.020290165912952955,0.9143032539327125,0.3840573056731343,0.4028711304577996,0.9932926411214883,1.0
SUB00527,108.95921230869958,236.14263832791812,31.220130900317418,0.47172324076736527,0.8347558018374391,0.3902431234822539,0.4507826754348066,514.4983219631391,18.845065039942494,3.49382421599767,1.5,1.2814267292555597,-0.7283663591218155,2.5097080631725173,-0.05663398325898048,0.01390557127009402,0.8542844861703731,0.01572410802557884,0.013125790403070579,127.54441181197974,0.14571551382962689,0.286530438673378,12.530741487355392,5.781843261233556,56059.331895251344,0.3902431234822539,0.4507826754348066,1.3146399698236784,1.0
SUB00528,40.93724060438546,288.6207133785487,46.442506348419506,11.994764865320574,7.2129633233945265,0.32251798981516533,0.3907656393162451,217.0932833959234,17.87463451264587,2.5709150680668578,1.4166666666666667,1.2026972582288808,-0.03307097586270357,-9.672737902018639,-1.3075893402567154e-05,-0.01660412765207407,0.8489627705145041,0.3998254955106858,2.8839266348766195,48.220301320841095,0.15103722948549592,1.1344806260206088,16.146943489913408,2.2902421067923573,8887.199975974954,0.32251798981516533,0.3907656393162451,1.7521702559791485,1.0
SUB00529,8.321618510133717,1552.2910047482073,53.101579782809516,1.8261048441879588,0.7171609481774941,0.35317842324930027,0.40424593485785537,37.62047736811807,18.404919005846605,1.5326571969817817,1.0,1.0,0.5544426787783721,10.72879657049529,0.134734212862374,0.0,1.0,0.06087016147293196,0.04365370271764506,8.321618510133717,0.0,6.38116007338532,84.34109404421167,0.4521410014078425,313.0632608265979,0.35317842324930027,0.40424593485785537,1.3662248267791073,1.0
SUB00530,74.00398714132129,601.5797532069354,93.52504446103933,3.2096954626094547,2.5226701098357336,0.4894490392910013,0.44576469154740317,357.2529984797324,19.422810656308194,3.477770836119113,4.0,3.0359485406866593,0.1862211422160154,-5.8920074507006746,-0.1889474096132292,-0.006839262560909909,0.7589871351716648,0.10698984875364849,0.26990009350667493,97.50361200072693,0.24101286482833517,1.2637838591377484,30.972847537467636,3.8101585013024915,26438.146305692593,0.4894490392910013,0.44576469154740317,1.9976910932926872,1.0
SUB00531,10.492817735727597,123.99143697035204,29.47352123781569,1.5806890992179534,0.45479385261907995,0.3578364599995651,0.4047598988082524,56.786443043435106,16.608789041409704,1.0,1.6666666666666667,0.7383424551167157,0.5410589097467493,0.9026864422206742,0.06353990720089228,0.007164825694176478,0.4430054730700294,0.05268963664059845,0.023962922840877206,23.685526192289082,0.5569945269299706,2.808923396949859,7.465411033953865,0.6317629605365256,595.8497967150408,0.3578364599995651,0.4047598988082524,0.790143645285448,1.0
SUB00532,125.67478514422447,462.91392444574996,43.92307628755941,4.022983735842901,2.9060234751339387,0.4601878652183444,0.47017585937637457,567.3428219713808,17.865950039499136,4.480890190432411,1.3333333333333333,1.1697488476084208,-0.9686515287716836,3.02617750774212,-0.04911244076279227,0.02344710289951042,0.8773116357063157,0.13409945786143004,0.3896961725480501,143.24987841184262,0.12268836429368435,0.34949792225348353,25.910400702023207,7.034318626570373,71300.68725437127,0.4601878652183444,0.47017585937637457,1.9673944875479212,1.0
SUB00533,1.0459893112844254,52.472617987422495,16.16779724219752,0.04052036561287808,0.3465758689227272,0.335329537442476,0.45911183040828707,5.69913993811262,16.59639081937211,1.0,1.0,1.0,0.0194395968912422,0.6927457520442669,-0.012981252634555034,0.0,1.0,0.0013506788537626026,0.00046811269737832714,1.0459893112844254,0.0,15.45694307558863,3.161688499536533,0.06302510724581732,5.961239458779983,0.335329537442476,0.45911183040828707,0.9790802137743115,1.0
SUB00534,117.76520816835044,222.45724659102657,26.828737961442986,1.7758199230805394,0.7145174440378418,0.42862715750338487,0.5114795215832633,541.4771440331027,20.46350543932802,3.63313880112165,1.5,1.2813051012388657,-0.6870484229725975,1.6099513333475308,0.16656501128645904,0.03431235802309458,0.8542034008259104,0.05919399743601798,0.042295143750366124,137.86553419769328,0.14579659917408958,0.22781548454523298,10.870925670608447,5.75488928412148,63767.16858546222,0.42862715750338487,0.5114795215832633,1.2778346377546415,1.0
SUB00535,35.54117575818368,331.99515871122395,50.30876016669044,12.330894403785988,6.730243032558122,0.36810785993976664,0.464651325246807,216.27696768800118,16.92471326377378,2.572998588570442,1.5833333333333333,1.2626404697631584,-1.2267076091913833,-0.39253933615600234,-0.45633885048844447,0.0108713700978035,0.7974571387977842,0.41102981345953293,2.766330538209686,44.568132917794415,0.20254286120221573,1.4155063554729586,19.615999014992916,2.0999573348316156,7686.737721046262,0.36810785993976664,0.464651325246807,1.8621750734067684,1.0
SUB00536,2.9391628023300975,1502.2400699455932,61.02130916504887,1.9453839966473012,0.9252818431607097,0.30802370230049975,0.4404724741928258,14.718121977515542,13.166604051034028,1.5230130989780752,1.0,1.0,-0.39073727835995725,11.242786092140415,0.07179425265653225,0.0,1.0,0.0648461332215767,0.06000094966910542,2.9391628023300975,0.0,20.761459391318045,114.09472511840409,0.22322861619730053,43.25895663647078,0.30802370230049975,0.4404724741928258,1.4642298429314733,1.0
SUB00537,70.91736424839503,631.8354383626131,89.91763624634791,3.6576015231687147,2.5234169385605787,0.42082799026429557,0.48886691284749767,416.6338461052335,19.33330982367846,3.626321342677874,3.9166666666666665,2.888155443745974,0.48149785234426545,1.6390756228097054,0.14935141711155137,0.026514304469904198,0.7374013898925892,0.12192005077229048,0.30765512126896355,96.17199698894647,0.26259861010741087,1.2679212940204962,32.68118310444563,3.668143990613497,29546.574222454605,0.42082799026429557,0.48886691284749767,2.2079740577099733,1.0
SUB00538,9.151579007302612,107.95005830815444,28.50304737239669,1.003459391818378,0.5290187379631663,0.3616623091143327,0.4815934593401661,42.37397960539902,16.90232202174284,1.0,1.75,0.7487766113023998,0.4559565045098032,-4.9392969705241505,0.01460626525828864,-0.02621243587400791,0.42787234931565704,0.03344864639394594,0.017694960701901494,21.388573068439058,0.572127650684343,3.1145496694780586,6.386699896575716,0.5414391582133027,387.7888222126387,0.3616623091143327,0.4815934593401661,0.8169684198539477,1.0
SUB00539,127.48547804704747,439.6539558954712,43.062032121913944,5.800262505002867,2.655623939018038,0.4985115961069247,0.4026786035402186,460.14350825989203,15.902029488280368,4.471620583950966,1.5833333333333333,1.2405409264690819,0.4239514717245671,9.520777562443136,0.1539844763480851,-0.00904103947095094,0.7834995325067886,0.19334208350009557,0.5134438653624782,162.71289612536287,0.21650046749321142,0.3377799007509095,27.64766322559593,8.016931306850044,58661.615120757866,0.4985115961069247,0.4026786035402186,1.9219110230100171,1.0
SUB00540,5.636014009483546,56.28364394055802,13.015420487929207,0.8260040640547798,0.23444641832844001,0.35382174807403155,0.4055509814814606,28.653966188623844,19.767854613982383,1.0,1.0,1.0,0.6472619758483599,0.1946487072799722,0.07127485427680219,0.0,1.0,0.027533468801825993,0.006455123144745949,5.636014009483546,0.0,2.309330755038679,2.847230771352747,0.2851100496002752,161.49415486635183,0.35382174807403155,0.4055509814814606,0.887279719810329,1.0
SUB00541,110.69173331536945,231.6315552137763,27.53397776689457,0.723220175070095,0.7923984846088697,0.43228384433271705,0.45220651694132874,503.1824736272074,16.63137851665167,3.5704214963940633,1.4166666666666667,1.1932694153974661,0.967913330650407,-2.2391853780746307,-0.036648556403653505,0.00901907942151525,0.8423078226335055,0.024107339169003164,0.019102619025470155,131.41482287234112,0.15769217736649455,0.24874466179374122,13.927381604709565,6.6555958187436275,55698.14017971076,0.43228384433271705,0.45220651694132874,1.3565868300866741,1.0
SUB00542,40.75463330047743,276.0850563960218,49.01763487096346,12.508792880841378,6.9976696018644375,0.3720885101087506,0.41729965986672557,199.2775540426771,16.91317125803366,2.4202153314726087,1.25,1.157602107221633,0.271915506902371,-7.428960524004276,0.18344730891583141,-0.026203372453066334,0.9260816857773063,0.41695976269471263,2.9177466566094,44.00760097773669,0.07391831422269365,1.202749991873666,16.323671781238716,2.4096387767089635,8121.483640025379,0.3720885101087506,0.41729965986672557,1.6051226654630601,1.0
SUB00543,2.3547668272150917,1498.0342152783999,60.90519070715587,2.4886191690701858,0.5784810517475021,0.3860199287412987,0.43632176534006634,12.08438490208602,19.790040955057332,1.3727150830159573,1.0,1.0,-0.5457239407894643,-33.445457310331754,0.0045378589343989684,0.0,1.0,0.08295397230233953,0.04798730114409053,2.3547668272150917,0.0,25.864637637683437,75.69636761643882,0.11898746609785729,28.455908694731054,0.3860199287412987,0.43632176534006634,1.3256197464716555,1.0
SUB00544,69.74670909659801,634.8350499060624,93.79522018432756,4.2807750665248685,2.3776104651059993,0.39842833687845186,0.41886051821506154,342.4540672671697,22.351310645595643,3.3802422463525903,4.166666666666667,3.063723639865756,0.0590930177607413,-9.222578698992326,0.03387918305201633,0.003816800113447723,0.7352936735677814,0.1426925022174956,0.3392671865644786,94.8555816591948,0.26470632643221864,1.344797789017153,28.40258721164334,3.1204751346580073,23885.044208630094,0.39842833687845186,0.41886051821506154,1.98530806442063,1.0
SUB00545,6.8586736043436645,91.41470781627753,33.145829406367035,1.4684581073451328,0.650132258868408,0.3820844644853207,0.40134921952896097,36.045828385988116,18.242976360201265,1.0,1.6666666666666667,0.7522926146457163,-0.41135820600009504,0.15702271802570417,0.06518433662013909,-0.0055331600021003334,0.45137556878742974,0.048948603578171095,0.03182306621273061,15.195048377936644,0.5486244312125702,4.832687968323126,5.01095358626387,0.3759624235059852,247.22657169767828,0.3820844644853207,0.40134921952896097,0.8628265279131268,1.0
SUB00546,134.33664803761476,452.6520879404016,41.10077879268055,4.979892203192604,3.085044065281197,0.46981270985901974,0.4035680371901282,645.9159253127326,17.622324272891728,4.576091152123392,1.5,1.1292235207698547,-0.0781164439282767,5.176031648291809,-0.03829008896265894,-0.018077648487105854,0.7528156805132364,0.16599640677308677,0.5121062295733149,178.4456029741968,0.24718431948676356,0.3059535829803657,25.68628751411143,7.623094772138752,86770.18032062682,0.46981270985901974,0.4035680371901282,1.8893581913710968,1.0
SUB00547,0.24442145154629924,58.55093079974403,14.810722037753758,0.810475237680839,0.2659629898568963,0.30989100382878393,0.4459664937408287,1.450760383486436,17.776470245058,1.0,1.0,1.0,-0.10282859179359917,-0.7329366377547702,0.10034795819011184,0.0,1.0,0.027015841256027965,0.007185213913952487,0.24442145154629924,0.0,29.621444075507515,3.29373210725125,0.013749717923570926,0.35459695877762043,0.30989100382878393,0.4459664937408287,0.995111570969074,1.0
SUB00548,114.06923307916573,217.43646283033027,29.762958713851194,1.0180582017846571,0.7526745545698702,0.46365931131213983,0.4154249479387442,563.0251119313442,21.653855222251565,3.505940572979958,1.5833333333333333,1.3454988910519032,0.5796061902035048,7.609504477489874,0.02583986371137704,0.00543832631257873,0.8497887732959389,0.0339352733928219,0.025542216785148994,134.23245477431263,0.15021122670406106,0.2609201264042449,10.041466547115911,5.267848699844813,64223.842722319874,0.46365931131213983,0.4154249479387442,1.2245559113966435,1.0
SUB00549,40.9832025124934,319.09775043778404,46.618505621692485,12.757971698273598,7.054412770141595,0.40750283475432436,0.3848616936462483,202.15451978185504,18.78006595349326,2.6254332949945858,1.3333333333333333,1.1859106120952292,0.3578676866822009,-11.898662496232342,-0.07450912637148396,-0.0331987856310238,0.889432959071422,0.4252657232757866,2.9999999489802107,46.07789951395586,0.11056704092857805,1.137502751462168,16.991300841434427,2.1822714900993283,8284.939623035618,0.40750283475432436,0.3848616936462483,1.8057692447447178,1.0
SUB00550,7.596509556550619,1444.6483384774338,57.44914885329134,0.9785854347554532,0.7549499262263288,0.35179792928233594,0.37853911175716387,42.534976729470365,18.378747060286738,1.5158627051850992,1.0,1.0,0.17573053336105995,24.684049683748515,0.0685032091496773,0.0,1.0,0.03261951449184844,0.024626100059159644,7.596509556550619,0.0,7.562571787163989,78.60428862417213,0.41333119889142766,323.11735721307986,0.35179792928233594,0.37853911175716387,1.3639325140540868,1.0
SUB00551,59.122649730275604,597.449337031573,89.3889364605169,4.00302087597344,2.4058262168328106,0.4514105319142585,0.46908463185845634,306.6384195796598,19.58255910012632,3.5386515734404935,4.083333333333333,2.9223218713445145,-1.1207720148065294,-3.992251688627564,0.036443758751389485,0.012762034898478844,0.7156706623700853,0.13343402919911465,0.3210190856648648,82.61153186645828,0.28432933762991475,1.5119237190538586,30.509257445709384,3.019148285368597,18129.27587465351,0.4514105319142585,0.46908463185845634,2.3561985788349817,1.0
SUB00552,10.939694095132731,114.38489326881411,30.236981214229914,1.3142080566487468,0.5932096411946727,0.31007140998917637,0.4061692617253077,47.41993426578579,14.771239527469662,1.0,1.4166666666666667,0.7700590908008543,0.5131964623020908,-0.36491240840009953,0.12798916875742608,0.003660302784439244,0.54357112291825,0.0438069352216249,0.025986696324658373,20.12559835114346,0.4564288770817499,2.7639695361941516,7.743757255854915,0.7406077245439346,518.759574878999,0.31007140998917637,0.4061692617253077,0.7812061180973454,1.0
SUB00553,124.45662334766564,426.3110366001919,42.33636426666859,4.311027921694578,3.014696207418415,0.4437993284465769,0.4706013788908083,460.6894804587949,17.556380240980477,4.439273419156996,1.5833333333333333,1.3180242084388525,0.5581687261502626,-1.9381613187754914,-0.19126749905743082,-0.01547882979353706,0.8324363421719069,0.1437009307231526,0.43321465085358457,149.508877787515,0.16756365782809313,0.3401696360377968,24.2823993755323,7.0889683203121985,57335.857149692005,0.4437993284465769,0.4706013788908083,1.9501409522036832,1.0
SUB00554,3.231290625407634,46.569158145123225,14.914291545943628,0.295436224961189,0.18123361506801242,0.35329391124335086,0.37318692208044135,15.287645808880479,20.287611646909745,1.0,1.0,1.0,0.27237655902591096,0.3925975735937287,0.0039002011010828086,0.0,1.0,0.009847874165372967,0.0017847658357254283,3.231290625407634,0.0,4.615583454076391,2.2954480278715677,0.15927407728646223,49.3988265867878,0.35329391124335086,0.37318692208044135,0.9353741874918473,1.0
SUB00555,111.91162084800794,220.44067802454194,29.519129721386573,1.367650127475863,1.051210130274104,0.5280570595141126,0.4999214874650327,523.2028426347463,16.98448983676622,3.533932941973043,1.6666666666666667,1.2540984776802389,-0.9469357993150026,6.981874106442043,0.15822215024723446,-0.03068756727474787,0.7524590866081433,0.04558833758252877,0.047922922289109895,148.72784825082184,0.24754091339185672,0.2637718004413303,12.978940206220111,6.589048121171915,58552.47815153969,0.5280570595141126,0.4999214874650327,1.2957005250128844,1.0
SUB00556,39.23043112887898,312.34526166325844,48.42942142022568,11.573191005220623,6.619093978856145,0.2996984250463058,0.4135715372680835,186.88403964635543,19.43998293514589,2.4698329446646237,1.3333333333333333,1.2093072317566973,-0.11443485676073203,-5.093469681384517,-0.23086761821415974,0.04842465114222768,0.906980423817523,0.3857730335073541,2.5534679632935973,43.253889608505844,0.09301957618247697,1.234486087117584,16.067157193773248,2.018028064106661,7331.541446433036,0.2996984250463058,0.4135715372680835,1.685224322087044,1.0
SUB00557,6.741285835841812,1406.8291556169816,62.91501756247549,1.9548863073042908,0.9046563179101536,0.40777403408036045,0.4361823474461526,34.68350720384735,16.2079404615676,1.5805791972131065,1.0,1.0,0.25517472948295633,0.658508676518553,0.07781735281594551,0.0,1.0,0.06516287691014302,0.05895000828996255,6.741285835841812,0.0,9.33279185818992,86.79876132028411,0.41592488890410256,233.81143585061358,0.40777403408036045,0.4361823474461526,1.4457534804962702,1.0
SUB00558,67.51166462248328,613.4141096198222,94.15159553384142,3.6114153450787025,2.356856130197214,0.504385709656224,0.3854949108244789,365.369720257917,15.295766081713865,3.5572991324595513,4.0,3.0714860724689323,0.1779643198605797,-3.4561530145527253,-0.05483201878533299,0.0180793463514294,0.7678715181172331,0.12038051150262342,0.28371954649123426,87.92052189670628,0.2321284818827669,1.3945974530523766,40.10352318038915,4.413748501501581,24666.718017263025,0.504385709656224,0.3854949108244789,2.2070658400098857,1.0
SUB00559,9.097889075173107,105.95425255641122,28.136181240967304,0.5067648079513342,0.4058931446471481,0.3874661546175764,0.47192028843989814,47.009870759662284,17.65848510560239,1.0,1.5833333333333333,0.8002929566573487,0.4893480932653548,0.2143236939565254,-0.0039949328903178425,0.01075320874156695,0.5054481831520097,0.016892160265044472,0.006856412049862503,17.99964739894413,0.49455181684799027,3.0926054394032003,6.0001892530858045,0.5152134523865062,427.6905896096312,0.3874661546175764,0.47192028843989814,0.8180422184965379,1.0
SUB00560,122.29348657333061,381.89326641818235,41.24594084161348,5.7114085388047755,2.690433955570723,0.4188554143747862,0.45473259849345765,512.7911087867155,17.262506698164493,4.3907534982532415,1.5,1.2674132946209264,-0.04940358630450461,-3.7878435989633905,0.029462120117938268,-0.026221284019494587,0.844942196413951,0.19038028462682585,0.5122055822312312,144.73592050717875,0.15505780358604904,0.3372701359436772,22.122700549555105,7.084341151122274,62711.012577331516,0.4188554143747862,0.45473259849345765,1.9448837667866292,1.0
SUB00561,0.19268801670932614,40.48568131681222,13.228086557369386,0.7738094582522782,0.19546633198381638,0.3688789076423666,0.47995017869468204,1.3203836947129377,17.711094113352317,1.0,1.0,1.0,-0.08365648829542909,-3.496832066991965,0.10876678176366782,0.0,1.0,0.025793648608409273,0.0050417898819652305,0.19268801670932614,0.0,26.45617311473877,2.285893861649701,0.010879509502694104,0.25442211542956833,0.3688789076423666,0.47995017869468204,0.9961462396658135,1.0
SUB00562,114.43546955982454,225.04498247144383,34.62692957244217,0.899097117298184,0.7374501043612519,0.46568363651580363,0.4413029930793864,558.6726273098717,18.508263594472705,3.4031464393032778,1.75,1.4777809031217934,1.6129706536376431,-7.326370810198677,-0.10246418879209868,0.008555538606400044,0.8444462303553105,0.029969903909939467,0.022101308766081552,135.51540103586524,0.15555376964468945,0.302589133470894,12.159162382939646,6.182939257143467,63931.964436426024,0.46568363651580363,0.4413029930793864,1.1144370481067871,1.0
SUB00563,43.14596999102226,294.3290301956954,51.92630993896733,12.65279805243105,6.705542018606334,0.36418854936048145,0.4041359387582621,236.975105028102,17.808776379836836,2.626931144435669,1.5833333333333333,1.2014130883563492,0.8938399648508584,4.45709384703663,0.12342648453886672,0.023820984603846584,0.7587872136987469,0.421759935081035,2.8281289664505596,56.86175150567579,0.24121278630125312,1.203503130182774,16.527189960616038,2.422736355984137,10224.520770161838,0.36418854936048145,0.4041359387582621,1.7640117446152237,1.0
SUB00564,3.2320568490088726,1501.8892852775807,64.10575382746782,2.594136300460894,0.8867671292303977,0.38343910315004903,0.4644989337858674,14.942909255302055,21.22569151627979,1.5511758388707337,1.0,1.0,0.24949294703586494,5.925655828667663,0.1086027181506057,0.0,1.0,0.08647121001536313,0.07667982666640238,3.2320568490088726,0.0,19.834352185706816,70.75808503697766,0.1522709800304943,48.29633220271708,0.38343910315004903,0.4644989337858674,1.4865347018905564,1.0
SUB00565,59.44972795575339,603.1457011566121,90.68015546063553,3.1457082818449185,2.5613956402718228,0.43214344287113365,0.39680079708561294,274.7571405955578,18.298423590533258,3.3875781921247583,3.6666666666666665,2.880323642432863,-1.2810186824139433,-10.51610817814404,-0.009805451057187525,0.02649951669638455,0.7855428115725991,0.10485694272816395,0.2685801159561514,75.67980647259618,0.21445718842740094,1.525324985980188,32.961620883486994,3.248898882552368,16334.237262306598,0.43214344287113365,0.39680079708561294,2.1985836330096906,1.0
SUB00566,10.930334494124088,111.71694480224168,31.21752658715938,0.8039196313643919,0.4120426190698287,0.4092945517051884,0.43151557320589834,43.63145889026867,19.02180552030527,1.0,1.8333333333333333,0.7148115623018639,0.4966598127634532,-2.6989127205463226,-0.03923173471733429,0.005527898343325264,0.3898972158010167,0.02679732104547973,0.011041638347634507,28.03388701216672,0.6101027841989832,2.8560449457371364,5.873098885538853,0.5746212935704892,476.9064401372607,0.4092945517051884,0.43151557320589834,0.7813933101175182,1.0
SUB00567,129.9062935689979,432.13906847881066,43.97549975660301,5.4712231790491614,2.7833419352707867,0.4627881857941531,0.3977080792285899,599.7822239408213,14.99036310319208,4.511535853482226,1.5,1.3010384728186948,0.7543796323527511,0.4058865506184003,0.15496123758605848,-0.042849053117724835,0.8673589818791299,0.1823741059683054,0.5076094970491026,149.7722353523756,0.13264101812087015,0.3385170844955717,28.827791928988702,8.665987119507157,77915.48566072277,0.4627881857941531,0.3977080792285899,1.9134099821022676,1.0
SUB00568,3.5729372274852538,41.50526436100672,15.641901813083484,0.08223284574154602,0.2242198254489988,0.38601412227520954,0.43381178968122663,17.26461788055106,17.018203794168926,1.0,1.0,1.0,0.44207787388414543,2.0536951431459136,-0.03091642899197713,0.0,1.0,0.002741094858051534,0.000614607810611463,3.5729372274852538,0.0,4.377883186067825,2.438874564143366,0.20994796341018526,61.685395943728444,0.38601412227520954,0.43381178968122663,0.928541255450295,1.0
SUB00569,109.39177847230711,242.79932330815964,30.957037525959844,0.8676764386147179,0.7218298786576495,0.4140040220153029,0.4521848791122201,493.1175952881268,14.864544303026657,3.5646626261859677,1.3333333333333333,1.0799311318428133,0.37450966203063246,-1.2700561608450471,-0.024523697185432593,-0.0021385392425573423,0.80994834888211,0.02892254795382393,0.020877159279978776,135.06019071869156,0.19005165111788996,0.28299235973932646,16.33412490544509,7.359241981608088,53943.010744555555,0.4140040220153029,0.4521848791122201,1.3768270567398257,1.0
SUB00570,37.20039529554125,308.98993849168295,47.36418040782737,12.810169749742292,7.2319824235190255,0.3245813910578803,0.43962396053659125,181.8185595009554,15.271515289944086,2.5032616264661605,1.5,1.270244924037715,-0.1968319674823889,9.845679348117322,-0.12536040455873348,0.028086214198277466,0.8468299493584767,0.4270056583247431,3.0880974157477126,43.929002893346805,0.15317005064152336,1.2732171266337142,20.233089685287823,2.4359334741351297,6763.722285501427,0.3245813910578803,0.43962396053659125,1.7592537205553356,1.0
SUB00571,8.213311830822489,1474.3194208103012,58.60128877560998,0.892758477473074,0.5911551583701261,0.3531758118782644,0.43323240104890925,37.72263427227071,21.018326179378953,1.4731434766871272,1.0,1.0,-0.10704703348057876,-23.122621550034253,-0.09798148969614909,0.0,1.0,0.029758615915769133,0.017591959304562258,8.213311830822489,0.0,7.13491585156844,70.14447336233432,0.39076907270002104,309.82775835823094,0.3531758118782644,0.43323240104890925,1.3088772400706774,1.0
SUB00572,64.04231148811067,636.9533415842266,94.76904422568283,3.9678521331624705,2.1706962464510027,0.3946361916196241,0.46551459454865723,344.3281816612836,15.847507603779873,3.554698886654076,4.083333333333333,3.065203457816476,-2.906652142015578,-13.049116767002518,0.2538994762895287,-0.0041418383137180655,0.7506620713019942,0.13226173777208236,0.287100057730946,85.31443633089356,0.24933792869800578,1.4797880030185437,40.19265095239982,4.041159852343949,22051.57266408668,0.3946361916196241,0.46551459454865723,2.2738526568918624,1.0
SUB00573,9.055980589700926,131.82534455885624,27.030644799239425,0.8954176025986635,0.4805083220794879,0.326361114220147,0.4602691502487987,39.71486058547379,17.866790011854246,1.0,1.25,0.6934578517302789,0.7421510204060817,-1.158639669095954,-0.04751442390521177,0.010606270672829366,0.5547662813842231,0.029847253419955453,0.014341853659504052,16.323956400351022,0.44523371861577693,2.984839083023268,7.378233273654241,0.5068610860536488,359.65700658472895,0.326361114220147,0.4602691502487987,0.8188803882059814,1.0
SUB00574,121.45860109106111,444.39351333008784,47.02337510945469,5.402954629854843,3.026313427971168,0.43425942937778195,0.44574101967902385,567.604801451553,17.861392792702592,4.533585892834492,1.3333333333333333,1.1137345457713372,-0.8125529546693177,8.339349303577348,0.03240929309329955,-0.019855130458303394,0.835300909328503,0.1800984876618281,0.5450344715682901,145.40700211699934,0.16469909067149702,0.3871555796546666,24.88011536881089,6.800063270580106,68940.48515687513,0.43425942937778195,0.44574101967902385,2.10441387101327,1.0
SUB00575,0.28242844951692186,45.51215781917373,14.529785467479266,0.21555496646061456,0.24997776453960596,0.3551513054393544,0.4151024824040784,1.5254409201600778,20.643500630052205,1.0,1.0,1.0,-0.0930529824732584,-4.973267039232304,0.02621048713833548,0.0,1.0,0.0071851655486871524,0.0017961316217078058,0.28242844951692186,0.0,29.059570934958533,2.204672484322667,0.01368122851730732,0.43082791391047737,0.3551513054393544,0.4151024824040784,0.9943514310096616,1.0
SUB00576,105.72679665341343,222.0515039259202,28.015014175147765,0.3606031771636147,0.5784446397299347,0.48768969487257835,0.4696380048171907,571.5711264488694,17.822144349630296,3.4862568466985357,1.6666666666666667,1.2865437277628724,0.24436722695383142,0.8385942514869424,-0.08585447439459461,-0.0038257194135558,0.7719262366577234,0.012020105905453823,0.006952965829995896,136.96489590921018,0.22807376334227658,0.2649755318605247,12.45930341320159,5.932327478629508,60430.384259022074,0.48768969487257835,0.4696380048171907,1.3717209136302673,1.0
SUB00577,37.42908876575758,304.84570209713,39.57610735731196,14.507690415930439,6.496740999937508,0.33487740087849366,0.39732088135421934,182.9182184470783,16.764391062925995,2.4182725346027936,1.5833333333333333,1.292002635856266,-0.5159867339038297,0.0598046250302135,0.2848056018713593,-0.01805120738954883,0.816001664751326,0.48358968053101464,3.141756904652524,45.868887751796414,0.1839983352486741,1.0573622992798748,18.184120195769484,2.232654238693525,6846.462235129929,0.33487740087849366,0.39732088135421934,1.669690759287642,1.0
SUB00578,5.807063409532983,1429.7141212825672,55.88397618170586,1.2124637783519658,0.6961850208026227,0.39004404715573865,0.4140625901677877,31.3617940674981,18.527209622517017,1.4097564743490951,1.0,1.0,-0.13573679368036104,-12.31290026195967,-0.12112591014466052,0.0,1.0,0.04041545927839886,0.02813663735847966,5.807063409532983,0.0,9.623448590205799,77.16834593078529,0.31343432323858295,182.11992678667679,0.39004404715573865,0.4140625901677877,1.2936152061584354,1.0
SUB00579,69.20302752032107,677.1354015185366,86.97174383487504,3.3660006442246044,2.5249816008596806,0.45817072028690714,0.42080198522163537,284.32589132931236,18.230509048768525,3.5512315646596693,3.9166666666666665,3.0682656876142658,0.6285086952629243,-15.12860602795926,-0.0819591152478402,0.02266870883437031,0.7833869840717275,0.11220002147415348,0.2833029898382986,88.33824013852238,0.21661301592827253,1.2567621237284206,37.14297827378974,3.796000832187171,19676.21248240222,0.45817072028690714,0.42080198522163537,2.167171014253248,1.0
SUB00580,7.194528618728378,100.3171921236476,29.783450695349206,0.8603548136272501,0.5969514513672353,0.3776142048404732,0.432639029837565,36.32791823042637,18.15267036894743,1.0,1.4166666666666667,0.78311705593106,-0.5356849558728457,0.7252072179243537,0.001422990457295846,-0.003492574319029483,0.5527885100689834,0.028678493787575,0.017119668489519138,13.014974963626795,0.4472114899310165,4.139736218133689,5.5263049504415385,0.39633444956041186,261.3622473676269,0.3776142048404732,0.432639029837565,0.8561094276254324,1.0
SUB00581,129.49073563442997,394.73892942018523,43.19688631251491,5.163448125290022,2.8099591669285284,0.4355144111941603,0.42161254959895644,623.6050286366848,15.118395346325594,4.506642815572401,1.4166666666666667,1.2984690311777385,1.2837996676701229,-0.8435521568246813,0.017238975291062813,-0.0032680697474024335,0.9165663749489918,0.1721149375096674,0.4836359464206207,141.278077806025,0.08343362505100818,0.3335905545742332,26.109843034110323,8.56511108937905,80751.07390349408,0.4355144111941603,0.42161254959895644,1.9168281028838017,1.0
SUB00582,4.071779548328515,51.4683709602401,13.577253037177975,0.0644006531359857,0.239638431104223,0.357433175150365,0.4238115922076686,20.23765424923275,19.21782876228376,1.0,1.0,1.0,0.48759317716052253,0.009228039815141491,-0.016099258385952716,0.0,1.0,0.00214668843786619,0.000514429049319829,4.071779548328515,0.0,3.3344764558168434,2.678157433749755,0.211875108197428,82.40326667816959,0.357433175150365,0.4238115922076686,0.9185644090334297,1.0
SUB00583,111.3185280558871,244.4731713944086,31.66136982135939,0.49378525917942295,0.8067484531371095,0.44540932626273566,0.4481770533212231,546.5894024766137,18.748408684174787,3.6625950862609797,1.4166666666666667,1.3093982328907936,-0.021048652393974233,1.9433246547275391,-0.0785356101166782,-0.013090471830665747,0.9242811055699719,0.0164595086393141,0.01327868313416354,120.43795700793953,0.07571889443002809,0.2844213840616353,13.03967582063454,5.937492078986372,60845.52773464349,0.44540932626273566,0.4481770533212231,1.436224525143238,1.0
SUB00584,36.165851707599366,280.6010882555035,46.729223403252114,13.239638547382745,6.5611258816218685,0.305140835678446,0.4575500403691932,165.93929923942216,19.715729725340065,2.605584644817204,1.6666666666666667,1.3085587356202422,0.2757290779989604,-10.100393884558338,0.15246747788687648,-0.06958717127366787,0.7851352413721453,0.4413212849127582,2.895564504551716,46.063212809545966,0.21486475862785473,1.2920813750235312,14.232346058936633,1.8343653626533756,6001.336088755897,0.305140835678446,0.4575500403691932,1.8822676106652168,1.0
SUB00585,6.6853334905381345,1424.279712755441,61.71209580253707,1.7869644107584797,0.9045396788827483,0.3423385068871338,0.41356820398247013,24.014497867587227,13.854064760168859,1.5959208555047812,1.0,1.0,0.33533705237215244,-4.853303233931677,0.15915384801985666,0.0,1.0,0.05956548035861599,0.05387934047607916,6.6853334905381345,0.0,9.230967443864879,102.80590840388719,0.4825539367881987,160.5449268526375,0.3423385068871338,0.41356820398247013,1.4622141856940185,1.0
SUB00586,58.21592154719165,633.5477416022492,100.3155644440905,2.983636837402706,2.518563831998778,0.4288569582895263,0.42419214912976383,307.1497163195849,16.931873513428318,3.5161390699728137,4.083333333333333,3.021187649862211,-0.7852265269482883,-4.339907260512074,-0.009061784353764863,0.016693389257640846,0.7398826897621742,0.09945456124675686,0.25048266088338916,78.68263760286703,0.2601173102378258,1.7231637287193258,37.4174624621307,3.438244533366128,17881.003788503127,0.4288569582895263,0.42419214912976383,2.351820639028981,1.0
SUB00587,4.492636449101289,79.53523838214534,32.51433142093513,1.5563936008848553,0.5078032997902273,0.3327081465101531,0.45051567812775234,30.34029981728224,15.757744270920142,1.0,1.5,0.7441399741336508,-0.7933516847184944,-2.452548096238767,0.08466221067752316,0.009645584202613078,0.49609331608910057,0.05187978669616185,0.026344726876724123,9.056030999406554,0.5039066839108994,7.237249617079372,5.047374612426112,0.2851065718455748,136.30793683578335,0.3327081465101531,0.45051567812775234,0.9101472710179742,1.0
SUB00588,130.54703472356044,405.33462154849536,41.18366773436271,5.452206745031213,3.186822584188054,0.4030387837347267,0.4403660797833611,713.2009952864779,16.390432211508564,4.503723661591608,1.5,1.2130994303738247,-0.14511191106977728,-3.939880647256996,-0.030141027526125963,-0.006119432395799537,0.8087329535825498,0.18174022483437377,0.579173852957597,161.4216833198885,0.19126704641745018,0.31546995932593247,24.729953201837418,7.964831740794283,93106.27509654169,0.4030387837347267,0.4403660797833611,1.8927829671203993,1.0
SUB00589,0.38099308235548884,42.87553594197686,17.32484711949966,0.4076813504872943,0.24503271465560764,0.37211918220152235,0.45150320526414606,2.7026150007459435,18.922505379329426,1.0,1.0,1.0,-0.1402283414397973,-2.3152323047706,0.01410937812389144,0.0,1.0,0.013589378349576476,0.003329842267478865,0.38099308235548884,0.0,34.64969423899932,2.265848791292365,0.02013438890453049,1.0296776195543789,0.37211918220152235,0.45150320526414606,0.9923801383528902,1.0
SUB00590,110.92161780528312,225.5987352382568,36.113136163824784,1.002607132463061,0.7231837235442701,0.46734256869856305,0.46097963901038086,591.2054381566642,16.068560210895225,3.4770982193338846,1.6666666666666667,1.2679642175152022,-0.5720659586840423,5.242956897192242,0.04168789383276341,0.006909649061811407,0.7607785305091213,0.0334202377487687,0.02416897197688932,145.80014203483526,0.23922146949087875,0.3255734714149178,14.039760394045166,6.903021574395518,65577.46365561846,0.46734256869856305,0.46097963901038086,1.2586658632282224,1.0
SUB00591,40.08154057704587,257.78262105342117,47.8715856705507,14.178400459368403,7.739929394739214,0.33596001596384517,0.4489925319982207,202.98330360514572,18.33267101859143,2.502371334439633,1.6666666666666667,1.3694426105051944,-0.21389729429297755,-5.574501749342217,-0.10510639703643833,-0.003787583860329047,0.8216655663031166,0.47261334864561344,3.657993949528316,48.78084493352078,0.17833443369688337,1.1943549320049358,14.061378224264214,2.186344834116021,8135.88351991247,0.33596001596384517,0.4489925319982207,1.7007405228987156,1.0
SUB00592,5.848306657258543,1489.5928856497294,58.229242966108124,1.9429320647788675,0.7403834794051001,0.3491768565868926,0.39205540751705814,24.94999101942463,16.659247376642355,1.5787551352531768,1.0,1.0,-0.18649671765989162,16.94053978710015,0.029903912877804934,0.0,1.0,0.06476440215929559,0.04795049341229044,5.848306657258543,0.0,9.956598786391908,89.4153770558844,0.3510546740219701,145.9151985774419,0.3491768565868926,0.39205540751705814,1.461789002108006,1.0
SUB00593,60.12295675768764,584.7178420226239,96.36337652588344,4.048227395450668,2.1798248688767274,0.44352800472222415,0.40305020223960303,241.4178438667677,19.22053569490921,3.4025922121466006,3.75,2.9616335918237566,-0.9156114781731188,15.562157530939812,0.1316129418632834,0.01176832249521456,0.7897689578196684,0.1349409131816889,0.2941475583823809,76.12727261865335,0.21023104218033156,1.6027717484729642,30.421516408488735,3.1280583284477306,14514.75458733586,0.44352800472222415,0.40305020223960303,2.2001330769928478,1.0
SUB00594,8.180264294908755,117.95657121391055,30.53578332502427,1.5034442452270849,0.31226740454260943,0.2847493938302687,0.35307130329013425,40.71949827732435,16.747437092633476,1.0,1.6666666666666667,0.7229930223667645,0.777102924514149,4.966418802399505,0.07259583380027834,-0.014583254458565965,0.4337958134200587,0.050114808174236164,0.015649221077719475,18.857407199058272,0.5662041865799413,3.732860238272396,7.043261041165212,0.48844872499965525,333.0962578645949,0.2847493938302687,0.35307130329013425,0.8363947141018249,1.0
SUB00595,128.94723888596985,420.30274419022976,43.857584044754596,5.1726082668435645,2.8662983872059224,0.4549277497865137,0.4018022636514869,580.2539619338633,14.805899294780005,4.417708281707122,1.4166666666666667,1.1195097941848553,-0.6279005553143937,14.755952700785624,-0.004477508491527992,0.0015226499719643216,0.7902422076598978,0.17242027556145215,0.494207957763391,163.17432508169165,0.2097577923401022,0.34012038120132665,28.387518773575103,8.709179788318007,74822.14624401632,0.4549277497865137,0.4018022636514869,1.8387635039877246,1.0
SUB00596,5.9563015595651345,49.83156721390427,17.47062387528555,0.9443760793703483,0.28707876904602864,0.3715169266192393,0.4032644940125681,24.070292980472704,19.354062476818275,1.0,1.0,1.0,0.7362704024105902,2.6232948991714564,0.15140465212318616,0.0,1.0,0.03147920264567828,0.009037010746071808,5.9563015595651345,0.0,2.933132867866594,2.574734233373022,0.30775458985416715,143.36992361877927,0.3715169266192393,0.4032644940125681,0.8808739688086973,1.0
SUB00597,111.33474593624,257.1674331453388,30.0102487567457,1.4618673249188394,0.9177647855409057,0.4278193927274491,0.42599185633826303,454.4451602822671,18.069456612165066,3.4745176058861227,1.5,1.2752852970945148,-0.8586219858536457,2.331397065527217,0.0288565396163961,-0.030810995368649292,0.8501901980630099,0.04872891083062798,0.04472167839811321,130.95275173707506,0.14980980193699014,0.2695497124853744,14.232161966187938,6.1614883239646,50595.536461980075,0.4278193927274491,0.42599185633826303,1.2478226871613227,1.0
SUB00598,37.77814037282439,321.4022753764242,52.02033672398233,13.0402863101272,7.27706635984859,0.3775511195303675,0.485849998688561,182.09063327460328,18.28591742222146,2.463617840374061,1.6666666666666667,1.2800106056592024,0.3694777376848348,4.4032898504765905,0.2203591676026052,-0.007450225307412998,0.7680063633955214,0.43467621033757337,3.163167627674025,49.18987937261236,0.23199363660447858,1.3769956967337396,17.576491676914657,2.065969100730792,6879.04550442445,0.3775511195303675,0.485849998688561,1.7080550329175734,1.0
SUB00599,9.804110518932342,1546.8212210569125,60.37360438385698,1.9986717964612841,0.8474314629124731,0.3609033102350232,0.4346120904879049,54.81258659220066,18.46287523104694,1.510458928236001,1.0,1.0,0.06784816406459121,3.518397641119503,0.07796481451699562,0.0,1.0,0.06662239321537614,0.05645791214523622,9.804110518932342,0.0,6.157988964656388,83.78008309647228,0.5310175363394035,537.3886567784843,0.3609033102350232,0.4346120904879049,1.3143767178573542,1.0
SUB00600,58.07411431424348,613.4072073578268,90.96327052862121,3.1687283835442925,2.448598002822576,0.3645672597022114,0.46046399934586585,284.57706028738977,19.882562487137246,3.578331938403906,3.9166666666666665,2.9195812931153635,-0.24921230542514627,4.699310103273745,0.08379792463208005,-0.01063778887901499,0.7454250110081779,0.10562427945147641,0.2586313997144588,77.90738633212612,0.25457498899182207,1.5663307413766483,30.851516636985913,2.9208566225713484,16526.560730341233,0.3645672597022114,0.46046399934586585,2.416849652119036,1.0
SUB00601,11.45955747112997,121.80953055441728,30.62563748688348,1.0036260323163664,0.4651266782373375,0.3183885182459288,0.4550885343175306,60.50686222832115,21.867020288249396,1.0,1.4166666666666667,0.7498118629407652,0.2733690830150929,-0.485828250737276,-0.009471057771748326,-0.009413501855837066,0.5292789620758342,0.03345420107721221,0.015560441420127673,21.651261985145865,0.47072103792416575,2.672497394776243,5.570467715707642,0.5240566533561023,693.3818651031894,0.3183885182459288,0.4550885343175306,0.7708088505774006,1.0
SUB00602,121.06392722112007,430.12916306015205,45.215611971213406,5.377665164362267,2.652716378478256,0.44182892017882286,0.3903486060968333,507.8543698556629,18.84309609964703,4.662216262096342,1.5833333333333333,1.1734146163539199,-0.341615153496581,8.58993641899024,0.020051795138475284,0.011200085305816829,0.7411039682235284,0.17925550547874225,0.47551401531585835,163.35619887627604,0.25889603177647164,0.3734854221987057,22.826883691805257,6.424842636311123,61482.84447113377,0.44182892017882286,0.3903486060968333,2.2409377176739405,1.0
SUB00603,2.840995508391927,43.79373866414819,14.971652239624376,0.04422850199669732,0.2663630192346002,0.310030917168217,0.4189802716909676,16.06558184124582,19.435916816962326,1.0,1.0,1.0,0.36987321473555174,-0.836503213520529,-0.01972999185559116,0.0,1.0,0.0014742833998899105,0.00039269457760212804,2.840995508391927,0.0,5.269861284679995,2.253237605232393,0.14617244636036425,45.64224585068228,0.310030917168217,0.4189802716909676,0.9431800898321615,1.0
SUB00604,113.3177694231714,215.60268182829518,27.48957523323739,1.1550981956685389,0.7951559476894068,0.4923747822432239,0.45377543220159305,566.3496218040532,20.567102938236115,3.4920019449010486,1.4166666666666667,1.27486214238216,0.9053069135698537,2.87284914560596,-0.03903911466434616,0.019569752392867724,0.8999026887403482,0.0385032731889513,0.030616106681704697,125.92224786192115,0.10009731125965181,0.24258838991597972,10.48289019974078,5.509661217890993,64177.47585649203,0.4923747822432239,0.45377543220159305,1.2256465564376207,1.0
SUB00605,40.66469579777361,291.9829094705528,45.76765441132562,13.810507819979664,7.442027739623711,0.3119209738827264,0.4545432589012621,202.701673153854,17.516290525366838,2.5939628651353526,1.5,1.2962660598074514,-0.2714436502680619,6.234956868305316,0.050230745397027404,0.015937368338507042,0.8641773732049676,0.4603502606659888,3.4259394098192946,47.055959874256814,0.13582262679503243,1.1254886705394067,16.669220520618072,2.3215358148395397,8242.801876501206,0.3119209738827264,0.4545432589012621,1.7806689491798804,1.0
SUB00606,11.913402988357198,1503.970903644251,58.261354469647735,0.9967182358388292,0.8756548741031892,0.31958725375696856,0.4610807456517397,67.63405949961137,17.06480557725345,1.4748374021684743,1.0,1.0,1.0812370926923187,-1.172237309407795,-0.08267245067763092,0.0,1.0,0.03322394119462764,0.029092706043993426,11.913402988357198,0.0,4.890404070657707,88.13290587083925,0.6981270858565879,805.7518065573986,0.31958725375696856,0.4610807456517397,1.2365693424013302,1.0
SUB00607,64.24617907542122,637.344232928479,86.89162078572838,3.2221318603641773,2.408795388119028,0.4557585237274809,0.40136522016768544,367.45112418736807,17.810868918734013,3.5085443273733303,4.166666666666667,2.812521399874178,-1.001642100058007,4.884869076903982,0.008259264471133638,-0.02212717868699762,0.6750051359698027,0.10740439534547258,0.25871521217188714,95.17880035552109,0.32499486403019734,1.3524791985484885,35.78400558875042,3.6071333391177305,23607.33072600649,0.4557585237274809,0.40136522016768544,2.2236207458649058,1.0
SUB00608,3.319494360345027,113.74946828058377,29.18346772666419,0.37322754143685793,0.5029644497842004,0.2884941059456128,0.42682005183796456,16.56293732283446,16.327403808002973,1.0,1.3333333333333333,0.7203967752172912,-0.8943028512407375,3.406581339995509,-0.05389053679783664,-0.001485864467527261,0.5402975814129685,0.012440918047895265,0.00625733950076997,6.143826059083948,0.4597024185870316,8.791540083722532,6.966782326093313,0.20330815599219498,54.98057703389715,0.2884941059456128,0.42682005183796456,0.9336101127930995,1.0
SUB00609,121.93874283041448,406.20574253028866,43.6179699164166,4.865410720665769,3.1951781545321913,0.5089033866883769,0.45324296533790465,747.3541908254474,18.44854685286452,4.565907544438623,1.5,1.2019431988391716,0.01761899808779407,0.19010259997920764,0.1662995284053832,-0.0008846851324102688,0.801295465892781,0.16218035735552563,0.5181951349165997,152.17700339106966,0.19870453410721897,0.3577039495730902,22.0183056026018,6.6096665392093445,91131.43047829674,0.5089033866883769,0.45324296533790465,2.1271326878303336,1.0
SUB00610,4.622726144233704,37.46638221247101,13.717293674500125,0.02991716886801943,0.17210932602827766,0.34269922429589844,0.44360861805828017,22.028611580599826,21.334178809365895,1.0,1.0,1.0,0.7681337519895419,-0.5085716603938054,-0.011297392439671669,0.0,1.0,0.0009972389622673143,0.0001716341256849665,4.622726144233704,0.0,2.9673602213297454,1.756167066342527,0.21668170054918104,101.83223867480815,0.34269922429589844,0.44360861805828017,0.907545477115326,1.0
SUB00611,114.28406226365759,205.04195242094877,28.515176750410276,0.6398532072837961,0.6967596345556218,0.4007223850960914,0.3927639420077334,568.2101628202914,20.046379946589056,3.4721291735594995,1.5833333333333333,1.312796770390948,0.8346044047557594,5.172605230189185,-0.04264986093952011,-0.032632141771897306,0.8291348023521777,0.021328440242793203,0.014860796229210011,137.8353217588315,0.17086519764782226,0.24951140330157937,10.228378039688767,5.700982549874464,64937.3656265972,0.4007223850960914,0.3927639420077334,1.1864479282863476,1.0
SUB00612,40.01218546860171,302.87570074412434,49.50232055609465,12.35825817639864,6.577865158330845,0.33685942200892266,0.44935432810279147,217.98776632154343,17.394232627974144,2.6946764766936524,1.4166666666666667,1.141734218966073,0.16929783831340325,-4.205479498865623,-0.03263830271458684,0.0021614194981705325,0.805930036917228,0.41194193921328803,2.7096985292063303,49.647219529939306,0.194069963082772,1.2371811231091094,17.412420957106598,2.3003133466349306,8722.166935943806,0.33685942200892266,0.44935432810279147,1.8944327673216184,1.0
SUB00613,6.0582655452747645,1538.895253949465,60.77461215311828,1.2310603516359115,0.764694549589663,0.32404984072130055,0.40191183152489457,30.99960236228237,19.16746078087189,1.4184098113797656,1.0,1.0,0.06677817929008004,14.48024292989346,-0.16836534460293684,0.0,1.0,0.04103534505453039,0.03137950470373052,6.0582655452747645,0.0,10.031685091869297,80.28686071371544,0.316070324313411,187.8038229086335,0.32404984072130055,0.40191183152489457,1.2972445004742703,1.0
SUB00614,61.2036340865618,649.6596759642671,85.66197353328464,3.327838152279519,2.6974479319084588,0.4088959902949188,0.4637960361394426,298.73754564248543,14.401971163162116,3.495861449829493,4.0,2.8659668929672435,-0.8786987732888635,-1.2497185391108032,0.023068241732599058,0.013419408858246343,0.7164917232418109,0.1109279384093173,0.29922233805308185,85.42127159493509,0.2835082767581891,1.399622339616808,45.109080458790956,4.249670645301018,18283.82343142023,0.4088959902949188,0.4637960361394426,2.271788768098257,1.0
SUB00615,9.07595020111039,103.52038517810252,23.098619312211653,1.6629228788236798,0.4788010221249605,0.36938666106647333,0.44258250788337145,34.73354528710445,20.145417606776476,1.0,1.4166666666666667,0.7806000449940459,0.05611842380108328,-3.510622924041466,0.12566494011018833,-0.008367492930151677,0.5510117964663853,0.05543076262745599,0.02654030580319199,16.471426309407644,0.4489882035336147,2.5450359246556546,5.138656700930366,0.45052181981362543,315.2399273337724,0.36938666106647333,0.44258250788337145,0.8184809959777922,1.0
SUB00616,119.58957430032281,420.5195200835331,39.63244182781776,4.092724791053148,3.174462529303368,0.47386204260744574,0.4596639863000167,534.1661607710377,15.262201106823497,4.5976521473468335,1.75,1.4052831127599628,-0.6905550469404526,-5.717422849512912,-0.018651757196527518,-0.01254081197758066,0.8030189215771216,0.1364241597017716,0.4330733830649725,148.92497684294912,0.19698107842287843,0.3314038206063819,27.55300609264841,7.835670193525109,63880.70377224618,0.47386204260744574,0.4596639863000167,2.2058606613403775,1.0
SUB00617,1.2472767172732828,67.13216408618577,13.36847241873834,0.14829116618797963,0.2289221384489025,0.3046243351281387,0.47269297580775943,6.4098205336809295,17.384195842674,1.0,1.0,1.0,-0.09612098390921761,1.7355208247536886,-0.03801469391781789,0.0,1.0,0.004943038872932654,0.001131571029227796,1.2472767172732828,0.0,10.718128730859057,3.861677853478418,0.07174773734494637,7.994819913560431,0.3046243351281387,0.47269297580775943,0.9750544656545344,1.0
SUB00618,115.03581778165278,227.69538077802153,28.395148843339786,0.6528808213630081,0.7781316984077123,0.4207682061199644,0.42954300080152036,694.2750673295803,21.873199175763645,3.5808812013591322,1.75,1.3953365392536083,0.2844864138018176,3.0662414117854304,-0.06440143805359438,0.05974886744273403,0.7973351652877761,0.021762694045433604,0.016934242079500658,144.2753597104096,0.2026648347122238,0.24683745802751678,10.409788661839501,5.259213197725413,79866.50013567031,0.4207682061199644,0.42954300080152036,1.2801648457260768,1.0
SUB00619,41.79238984270288,278.55654167332244,46.61675535578296,12.218211143308428,6.58295354554555,0.3026531889610334,0.45747825029204514,216.29215605145453,17.37181725721236,2.5914418983825045,1.6666666666666667,1.3900260991211135,0.24747531364711353,6.310621055363549,0.07937816821502063,0.010332490725820919,0.8340156594726681,0.40727370477694763,2.681063878868879,50.10983830822481,0.16598434052733194,1.115436459394591,16.034968452000754,2.405758086440363,9039.366105621115,0.3026531889610334,0.45747825029204514,1.7555941015284469,1.0
SUB00620,3.3349701549389845,1442.8536506699504,59.955264392641304,1.1914074463852158,0.6883160194859875,0.37401574568184465,0.44754384278023945,21.423470860397515,18.897182002948693,1.4381249700735752,1.0,1.0,-0.6149495025205294,10.474094310020085,-0.04305268689099272,0.0,1.0,0.03971358154617386,0.027335494369394562,3.3349701549389845,0.0,17.977751406215575,76.35284723641912,0.1764797605494089,71.44663593463072,0.37401574568184465,0.44754384278023945,1.3714255669747955,1.0
SUB00621,62.78364044098049,629.4769079252669,94.55856894394576,2.9810233995094646,2.516927910523942,0.4715611333599266,0.4150791257127498,305.89625290164463,18.36602867341318,3.5744978454427776,3.9166666666666665,2.953086283553427,-0.0950087285227786,-0.845820599503853,-0.12136504281230724,-0.029148668604595643,0.7539794766519388,0.09936744665031548,0.2501006998716778,83.26969418288748,0.2460205233480612,1.506102039954742,34.27398046244494,3.4184657749046545,19205.28035442009,0.4715611333599266,0.4150791257127498,2.318825036623168,1.0
SUB00622,11.505995576700952,109.02262031579454,29.625691493916495,1.3939176831256361,0.44855256623506395,0.329293755888787,0.4653597917167221,58.7044080663764,16.415170869151904,1.0,1.5,0.7423170255692094,0.9061981936921609,-0.7123393138252586,-0.03446995763901836,-0.011976121351271046,0.4948780170461396,0.04646392277085454,0.020841511796214626,23.25016505153875,0.5051219829538603,2.5748047004213173,6.6415769403091955,0.7009366925521022,675.4526595445745,0.329293755888787,0.4653597917167221,0.769880088465981,1.0
SUB00623,125.70401618074942,456.803034395941,43.35417491040909,4.674689245216472,2.85607050868367,0.42869962758551555,0.4520479421697626,554.271078469607,16.132553385517344,4.5124617816510915,1.5,1.2727795460783369,-0.7596348611250542,2.4991252855183337,-0.13437719050586378,0.04652895423540059,0.8485196973855579,0.15582297484054905,0.44504140301744965,148.14507732474112,0.1514803026144421,0.3448909289268074,28.31560655525406,7.791947943813874,69674.10061646492,0.42869962758551555,0.4520479421697626,1.998381458036103,1.0
SUB00624,3.53134320128817,35.517545773112495,16.11800006309763,0.027068582001349015,0.20913009857716144,0.36523021262902783,0.39314767581984,18.65974451814314,18.38085386412735,1.0,1.0,1.0,0.14230003283738804,-0.31093853943144006,-0.008294857570965796,0.0,1.0,0.0009022860667116338,0.00018869517407620325,3.53134320128817,0.0,4.564268932347916,1.9323120697036633,0.19212073755616163,65.89396194191897,0.36523021262902783,0.39314767581984,0.9293731359742365,1.0
SUB00625,109.60079308936572,243.45758991766868,26.716416450750774,0.4100289216631124,0.830898435614657,0.4597205519293715,0.46876826825494833,479.6391200362303,17.157840788616298,3.2727192130316567,1.3333333333333333,1.1424075109882732,0.12998592932283204,5.231325061266016,-0.06360081251259361,-0.026648457276854907,0.856805633241205,0.013667630722103747,0.011356412985554828,127.91791841372184,0.14319436675879504,0.2437611599121083,14.189290652422613,6.387796368997811,52568.82795265633,0.4597205519293715,0.46876826825494833,1.0807033512443422,1.0
SUB00626,39.54820815139727,285.4555117483846,50.198061381528014,12.252260926431338,6.859595473038499,0.3568286492265893,0.44134267212996353,167.71399206216503,16.150768393434408,2.5049885154364335,1.6666666666666667,1.4305837550737077,-0.7584538979190665,1.6796298141538104,-0.32360204661601516,-0.05245227322426245,0.8583502530442246,0.4084086975477113,2.80151845284783,46.07467407522233,0.1416497469557754,1.2692878825093996,17.67442296209434,2.44868895324351,6632.787867976292,0.3568286492265893,0.44134267212996353,1.7140243524084882,1.0
SUB00627,1.5074269274665024,1518.1001350502463,64.00177531502446,0.6989306176158272,0.6451641183284443,0.31377616132628866,0.3574267806258186,10.824334374923346,16.731493465334903,1.5783638165041503,1.0,1.0,-0.23476868394548983,-4.179925630450432,-0.15759817438249515,0.0,1.0,0.023297687253860905,0.015030831856229006,1.5074269274665024,0.0,42.457630382515966,90.73309194995161,0.09009518071950126,16.316893108660743,0.31377616132628866,0.3574267806258186,1.5482152779548202,1.0
SUB00628,65.20791933959781,646.067064319465,90.10855853354525,3.236313455398331,2.497728824316685,0.3766447220774367,0.453364477593418,354.2561936120299,17.20150629966783,3.5091407796054317,4.0,3.0313992241196765,0.6556182369340953,3.181944217532217,-0.03731669384278526,0.009196621401903955,0.7578498060299191,0.10787711517994437,0.2694477800690781,86.04332787415593,0.24215019397008086,1.3818652618597878,37.558749394635335,3.7908261174114157,23100.30929860619,0.3766447220774367,0.453364477593418,2.2049823928134753,1.0
SUB00629,3.739281425927523,116.17962314522441,31.321166374486115,1.505697029325349,0.5958182901205702,0.3902778815843109,0.4344500790598976,18.60521939226163,17.324628249792227,1.0,1.4166666666666667,0.7701645202985565,-0.3837821020105912,-1.0142506253623673,0.13454480825547607,-0.022552185342542497,0.5436455437401575,0.05018990097751164,0.02990406098174172,6.878160722521735,0.4563544562598425,8.376252762712811,6.706038448277686,0.21583617102851071,69.57015129879048,0.3902778815843109,0.4344500790598976,0.9252143714814496,1.0
SUB00630,124.06971966345247,424.2532218550996,39.43425331253395,5.732145338264541,3.1013025768381937,0.49321907567669854,0.47011118271830804,671.8545154347812,19.981985939249785,4.585339839214741,1.4166666666666667,1.2419263107424205,0.5011912944340529,-1.1551747478322854,0.049792841628706966,0.013927605067209118,0.8766538664064144,0.1910715112754847,0.5925705702790286,141.52646148934463,0.12334613359358554,0.3178394649355381,21.231784625659085,6.209078519054879,83356.80138461801,0.49321907567669854,0.47011118271830804,2.103945445945691,1.0
SUB00631,0.29449839328728833,51.12406276688418,16.42540895739422,0.3478280426921127,0.26553924563163267,0.3168190209384882,0.42860638067507456,2.245494099718376,15.465390112187153,1.0,1.0,1.0,-0.09986972942399495,1.007903358215207,0.010162154168564095,0.0,1.0,0.01159426808973709,0.0030787332021996977,0.29449839328728833,0.0,32.85081791478844,3.305707932100401,0.019042416075570927,0.6612944045031478,0.3168190209384882,0.42860638067507456,0.9941100321342542,1.0
SUB00632,111.72179292578251,266.5759810198512,34.810700622848856,1.5503171035901666,0.6074226224008288,0.4771622825986363,0.40168876370108486,538.7134353692965,18.668642881973206,3.4443706733260844,1.5,1.3031159650841293,1.3166595415361504,-1.640720846919764,0.12318688564349847,0.03912126170493419,0.8687439767227528,0.051677236786338884,0.031389922687186544,128.60151657942018,0.13125602327724714,0.31158379856984414,14.279344390762438,5.984462482469103,60186.030872665455,0.4771622825986363,0.40168876370108486,1.2099348148104343,1.0
SUB00633,39.18278845511364,336.0405268865696,44.63902398132549,14.196765772430632,7.082330781921584,0.38020768252745585,0.39554197088300996,191.64204795152463,19.16178454095802,2.6069912842344807,1.6666666666666667,1.4051117698694642,-0.48111594590167206,-4.958953921600519,0.10402691424022584,0.009915170341825064,0.8430670619216785,0.4732255257476877,3.351539707793874,46.476478829336294,0.15693293807832154,1.1392508226529694,17.537016250667474,2.0448402585553045,7509.069823989334,0.38020768252745585,0.39554197088300996,1.823335515132208,1.0
SUB00634,3.6203299296105307,1581.738012446103,59.65763735891077,2.4436636345865668,0.7724944321058212,0.39236406638288734,0.39102653766566936,15.80266069173104,18.38057655708015,1.4405038623173316,1.0,1.0,-0.08997761200411132,-7.620479973501604,0.16228367199150895,0.0,1.0,0.0814554544862189,0.06292388505525323,3.6203299296105307,0.0,16.478508456086665,86.05486381420509,0.19696498193991574,57.210845469753735,0.39236406638288734,0.39102653766566936,1.368097263725121,1.0
SUB00635,69.6769959428825,624.6437944326866,85.64040619685026,3.9115293526216806,2.3145837061753762,0.47454212968244325,0.37843780846877034,327.4649995849573,19.856884663497834,3.391924293895093,4.083333333333333,2.839006315629412,1.0233412513840916,-0.4737106037739786,0.01787969145984932,0.008384130562863206,0.6952668528072029,0.13038431175405601,0.30178540352682864,100.2161913250363,0.30473314719279704,1.2291058912335102,31.45729075925721,3.508959090192386,22816.777447517088,0.47454212968244325,0.37843780846877034,1.998384375037443,1.0
SUB00636,10.906486334495845,129.55647620338183,29.344091076598673,0.6614250194687805,0.40356403738070074,0.34742728103367293,0.41124062641315945,53.731193515685156,19.566881791263636,1.0,1.6666666666666667,0.6915813868237234,0.8102200839313061,3.992582487127977,-0.04326281648050386,-0.0018669083339042762,0.414948832094234,0.02204750064895935,0.008897578376047655,26.283930670321794,0.585051167905766,2.690517383567153,6.621212188302132,0.5573952176358244,586.0185278149719,0.34742728103367293,0.41124062641315945,0.7818702733100831,1.0
SUB00637,124.27050292442293,445.6771685494327,43.22660623367194,5.324031299755322,3.3145179575505743,0.46566322482641365,0.4156692244766389,704.2261908643964,20.015762698107267,4.539332915803048,1.3333333333333333,1.192444118174918,-0.7377596038702832,-2.568120956958073,0.029669597133346545,-0.029461733832168175,0.8943330886311884,0.17746770999184405,0.5882199116533446,138.9532652924916,0.10566691136881151,0.3478428526193451,22.266309571684562,6.208631906700923,87514.54291126919,0.46566322482641365,0.4156692244766389,2.05392285731459,1.0
SUB00638,5.340660034709388,47.76636085081512,14.798841550126864,0.9120055391228025,0.28517570407434345,0.3640147820409838,0.40219434261992487,21.934534835990245,20.27317794911036,1.0,1.0,1.0,0.759615425298184,-0.007431887729232074,0.11620052930660672,0.0,1.0,0.03040018463742675,0.008669394057968212,5.340660034709388,0.0,2.7709761441372374,2.3561358249169433,0.263434773182354,117.14489357851394,0.3640147820409838,0.40219434261992487,0.8931867993058122,1.0
SUB00639,114.71699781630019,236.57063306420795,29.44777881119443,0.9947212462866516,0.7129017691770415,0.4437451506409033,0.4409008842319773,589.9643121609728,19.954713689185102,3.5829913407863856,1.4166666666666667,1.2221210417029618,1.1533325925323896,-6.935414929317153,-0.05745600821584059,0.022009585198455573,0.8626736764962083,0.03315737487622172,0.02363795121052485,132.9784377822086,0.13732632350379173,0.25669935032949565,11.855375965249888,5.748867140021839,67678.93470986537,0.4437451506409033,0.4409008842319773,1.2886513844603815,1.0
SUB00640,40.36871316906746,321.56386499671066,45.579487141112445,13.455339107796329,6.510141350369786,0.33823332809655393,0.4573703599470668,187.02889024959086,20.748862606061103,2.567170158779216,1.5833333333333333,1.2858085294197612,-1.1903171180356567,-7.087192183353728,-0.038257432184231055,0.04711147963114355,0.8120895975282703,0.44851130359321095,2.919871983630419,49.70967894667824,0.18791040247172972,1.1290795163626306,15.49790323941787,1.9455867984433548,7550.115624814732,0.33823332809655393,0.4573703599470668,1.7597958953978667,1.0
SUB00641,2.9016599353690435,1497.4524836310673,63.64931867594041,0.9200130610806386,0.7409231477408786,0.3302117386493066,0.4297757506207514,14.56825140723818,16.91670166596581,1.5566863741099504,1.0,1.0,-0.6798864665595489,-0.6259753942346323,-0.013569891943147833,0.0,1.0,0.03066710203602129,0.0227219657726196,2.9016599353690435,0.0,21.935485237295822,88.51917549883531,0.1715263408118619,42.272111436766714,0.3302117386493066,0.4297757506207514,1.4986531754025696,1.0
SUB00642,64.969620327507,616.9930923802459,98.66826445495373,3.5195574323995564,2.426746745933134,0.4519597461517218,0.45588838919424207,293.94946283788414,19.5935874818815,3.5993477056775807,3.75,2.7938511236858594,-0.13495924048116045,-1.4400326875215563,-0.01686491368420791,0.008559864659425934,0.7450269663162292,0.11731858107998522,0.28470248487334665,87.20438757908049,0.25497303368377083,1.518683100771936,31.489541818249936,3.3158613953460763,19097.78499605196,0.4519597461517218,0.45588838919424207,2.299955299127441,1.0
SUB00643,6.633142439426016,121.1512134579222,26.93435865704635,1.5660959088820452,0.4172846226582514,0.3162020488579296,0.3786513418398229,35.30241112912398,16.000719467601638,1.0,1.3333333333333333,0.7736148865198039,0.22428930894905472,-3.394856697961241,0.0609268709689074,-0.0012538556952005262,0.580211164889853,0.05220319696273484,0.02178359134614918,11.432290243303484,0.41978883511014703,4.060572934022061,7.5716103705980204,0.41455276138406444,234.16592147465758,0.3162020488579296,0.3786513418398229,0.8673371512114797,1.0
SUB00644,127.8208334429841,437.2684141752107,43.951230699603435,5.391397044668853,2.9515554144627316,0.38344837036399076,0.4177106814026524,494.4974146425029,15.176378667554983,4.665136530051036,1.5,1.2702257089837163,0.17117452428454522,12.470288768092603,0.07077920120622401,-0.05129680452322835,0.8468171393224776,0.1797132348222951,0.5304335712903574,150.94266224376508,0.15318286067752243,0.3438502904083188,28.812434359590053,8.422353991222392,63207.07167500561,0.38344837036399076,0.4177106814026524,2.1087198611913545,1.0
SUB00645,0.21274262917640793,46.63765945101168,15.70015085029578,0.79228447296616,0.2830223286522148,0.3272681651600606,0.4564186510893462,1.3867103414531876,20.604034939433514,1.0,1.0,1.0,-0.07596746431125567,1.3220776868170834,0.08988906708833516,0.0,1.0,0.026409482432205332,0.007474473216462512,0.21274262917640793,0.0,31.40030170059156,2.263520693306198,0.010325289672715779,0.2950124039468655,0.3272681651600606,0.4564186510893462,0.9957451474164718,1.0
SUB00646,110.89309288010105,226.59337544912566,34.01068594215045,1.4293405499415968,0.6536109638617454,0.41734055618706895,0.4761606484889114,562.0981703016454,19.32956463715831,3.5299112349569413,1.5,1.2395286348318992,-0.44774874148704064,-10.06540151691115,0.06444227347515116,0.012478641927294374,0.8263524232212661,0.04764468499805322,0.03114108848446681,134.1958827298169,0.17364757677873385,0.30669796520981896,11.72263212868915,5.736967953583653,62332.80460699522,0.41734055618706895,0.4761606484889114,1.3120493773549202,1.0
SUB00647,44.32350397099813,283.2863841072223,48.441328238633766,11.782397572888756,7.147239635680581,0.3983332196498226,0.40490135060144844,221.4891773459357,18.129645524634856,2.5234492435323834,1.5833333333333333,1.3100357942023968,0.9052111461831842,2.911605497905899,-0.1638836490611577,-0.06875348712584121,0.8273910279173032,0.39274658576295857,2.80705396454324,53.57020136243031,0.1726089720826967,1.0929038523292296,15.625588692414762,2.4448080857825176,9817.17643162569,0.3983332196498226,0.40490135060144844,1.6369791641124207,1.0
SUB00648,9.015263514129115,1561.4813635741918,62.40531000980585,1.1976456081389213,0.6672277620599694,0.3832766796716256,0.45395569402854363,41.75646385972413,16.31481286971186,1.5606093642638,1.0,1.0,0.8682140837754373,17.836569408563868,-0.1110683569122299,0.0,1.0,0.039921520271297375,0.026636746628649448,9.015263514129115,0.0,6.922183684592416,95.70942529614005,0.5525814844536636,376.44552511362195,0.3832766796716256,0.45395569402854363,1.3803040939812177,1.0
SUB00649,62.46358563998951,621.1162258235498,95.90883037083444,3.388515452611438,2.5351627466381226,0.429682858328825,0.37931115223690925,234.61184836387517,17.624376416063694,3.601475844798563,3.8333333333333335,2.8995299869877957,-0.9899695846995067,3.840416111498513,-0.12450730112151111,-0.029504344034652408,0.7563991270402945,0.11295051508704794,0.28634793806227116,82.5801926615153,0.24360087295970548,1.53543587656987,35.241883806875286,3.544158622432578,14654.69728243315,0.429682858328825,0.37931115223690925,2.3522041319987728,1.0
SUB00650,8.93553214780806,108.3586583715661,31.32425623844061,0.511790099898246,0.5909685743471703,0.3126354517076178,0.41796252783528115,54.543570957424116,22.791047063887518,1.0,1.5,0.7113642695922944,0.6089351306781006,-1.4457674446555469,-0.08982081537688447,-0.0032397947551349743,0.4742428463948629,0.0170596699966082,0.010081728856728743,18.84168040853942,0.5257571536051371,3.505583743674924,4.754439673956916,0.39206325724132424,487.3758317463132,0.3126354517076178,0.41796252783528115,0.8212893570438389,1.0
SUB00651,121.5786564032973,408.8654946195398,42.31928745764896,5.931729679121954,2.898110777896053,0.5094076565024853,0.41617144220539243,571.7646245952061,19.078044130220867,4.487835041983982,1.5833333333333333,1.3078067647545244,0.6440826831147222,-4.218978699048904,0.052234626767043095,0.023545146362671177,0.8259832198449628,0.19772432263739848,0.573026990487641,147.19264687497844,0.1740167801550372,0.3480815523842327,21.431206041287542,6.372700239785522,69514.37483722084,0.5094076565024853,0.41617144220539243,2.056261913918036,1.0
SUB00652,2.485362639672789,61.65875325211755,14.549718768436037,1.0172772587338297,0.23001065871648532,0.2922294247837521,0.4066478021579129,11.902107040774888,14.946685054947773,1.0,1.0,1.0,0.25098946247570714,4.038218660598604,0.10989424531405775,0.0,1.0,0.03390924195779432,0.007799487079288955,2.485362639672789,0.0,5.854163306466853,4.12524603451832,0.16628186320484914,29.581052172528363,0.2922294247837521,0.4066478021579129,0.9502927472065442,1.0
SUB00653,105.40968720145293,218.31940003504954,23.44904524495436,1.6664987686967185,0.9722132987609463,0.4527613156953318,0.44971105968499964,401.5680490580278,18.144653943797,3.4545997261843078,1.4166666666666667,1.2121022114473818,-0.14106327959618856,0.3340580097008002,0.0683533400575914,-0.0004912814897993902,0.8556015610216813,0.05554995895655728,0.05400640884318973,123.19950313739763,0.14439843897831875,0.22245626438621238,12.032161137450904,5.809407417080483,42329.16244130441,0.4527613156953318,0.44971105968499964,1.3464059821552494,1.0
SUB00654,41.0472453405818,304.43032368880216,47.809758832457305,13.669740016824207,6.471983301897005,0.38640418549155237,0.46497903278762526,219.0781453097475,16.320996983954906,2.6069265038034772,1.4166666666666667,1.2572121546605584,0.19472686411094625,3.1751551619524805,-0.1213227549417149,-0.012723195159754295,0.8874438738780411,0.4556580005608069,2.9490109710053183,46.25334237894892,0.11255612612195885,1.1647495084204755,18.652679366835628,2.5149961966744527,8992.554379288837,0.38640418549155237,0.46497903278762526,1.7859815969918413,1.0
SUB00655,6.12426414550245,1383.563959500134,63.98003098389329,1.2599735082446044,0.3954480406329323,0.3931374426889614,0.4165882815331517,34.26543102562041,19.424570336200997,1.4720134998923335,1.0,1.0,0.203762133418666,17.181234092342223,-0.05552585469571862,0.0,1.0,0.041999116941486815,0.016608468502824353,6.12426414550245,0.0,10.44697443869711,71.22751935066624,0.31528440729980217,209.8505506603943,0.3931374426889614,0.4165882815331517,1.3495282169822844,1.0
SUB00656,63.528227343818344,633.0115869267355,90.43527292505331,3.2711763618307477,2.5674050962672967,0.46525307586150616,0.4885479105855106,320.42488470589427,19.66120044919703,3.5547010732951354,3.9166666666666665,2.8865306712111334,-1.090655600588199,-0.7628927346966854,-0.19906267855027884,-0.006387696452648006,0.7369865543517787,0.10903921206102492,0.27994782873844587,86.19998149042895,0.2630134456482212,1.4235447250182587,32.19597849899282,3.231146923503995,20356.024922212833,0.46525307586150616,0.4885479105855106,2.2841365264187683,1.0
SUB00657,7.248735503167584,126.09018106736404,30.714218622228717,0.9272463743621425,0.5983949410874644,0.3378175593430974,0.43225643517901124,27.10402820495752,19.053382403482246,1.0,1.5833333333333333,0.7530919736638003,-0.5842792607664972,-0.16545225809059147,-0.0037755347372543297,0.00047594286438337453,0.4756370359981897,0.030908212478738085,0.01849531798533331,15.240056922722841,0.5243629640018103,4.237182969196088,6.617732137907413,0.3804435007740561,196.46993152813113,0.3378175593430974,0.43225643517901124,0.8550252899366483,1.0
SUB00658,125.28288142626259,429.06148296450755,41.53806183887294,5.168056159011765,3.0738567981598552,0.45167770612014935,0.44206725185624096,515.6404834938795,18.573974513074834,4.52983947762617,1.5,1.3488314011273188,-0.36648752463134104,-8.261767081999993,-0.2204729586049836,-0.037510955373952375,0.8992209340848792,0.1722685386337255,0.5295288185883408,139.3238042814925,0.1007790659151208,0.33155417057773284,23.10014384172203,6.745076630640999,64600.92555214442,0.45167770612014935,0.44206725185624096,2.024181849100918,1.0
SUB00659,5.901706201507737,57.0315840031721,15.702754348643388,0.7416802079582655,0.21490826727918286,0.33331985578347934,0.4385084542731774,27.861987782260098,17.14382274442681,1.0,1.0,1.0,0.8926393109788846,2.674114262646375,0.08702482322756258,0.0,1.0,0.02472267359860885,0.005313106945585828,5.901706201507737,0.0,2.6607143447147084,3.3266550204919834,0.34424680478140673,164.4332660808972,0.33331985578347934,0.4385084542731774,0.8819658759698452,1.0
SUB00660,115.11356244408977,224.3775989983126,30.351929059367592,0.49250954325743895,0.708518482738155,0.4868593785518571,0.37888391934896,595.5234750596859,19.788875624351597,3.4413436952513883,1.5833333333333333,1.2220200170110151,-0.060946305789548495,8.05890782637938,-0.032075255366715766,-0.038590327090953856,0.7718021160069569,0.016416984775247966,0.011631737144094078,149.14906302621765,0.22819788399304303,0.26366944445933044,11.338572400859412,5.817084539276929,68552.82873320449,0.4868593785518571,0.37888391934896,1.139072446369593,1.0
SUB00661,37.33554816202666,268.7251065002492,47.11201232655071,13.593340175917346,7.379628456955626,0.30290246420415473,0.4177023671788132,167.27377322180618,18.660292874674422,2.4369808798808683,1.6666666666666667,1.3282336030704642,0.5613016365510548,-5.12501904609522,0.1659969135257121,0.0007943669450487519,0.7969401618422784,0.4531113391972449,3.3437933329092613,46.848621702937464,0.2030598381577215,1.2618540411432213,14.400905082522067,2.000801831609949,6245.258016366671,0.30290246420415473,0.4177023671788132,1.690269916640335,1.0
SUB00662,1.8163582091023631,1512.0577665434328,61.324054992585644,2.20536559501211,0.8627909797454817,0.34702456437855617,0.4286939571320194,9.922156763124491,13.827285910242873,1.4220738883149033,1.0,1.0,-0.6225478196734734,32.659268726928616,0.1884080312780986,0.0,1.0,0.07351218650040366,0.06342565141391585,1.8163582091023631,0.0,33.76209311867605,109.35318589336046,0.1313604290019674,18.0221908887017,0.34702456437855617,0.4286939571320194,1.385746724132856,1.0
SUB00663,70.67801579853598,579.2174505867582,89.76471465853787,3.2262277860401625,2.623035346495383,0.47065114160550525,0.3729526390944066,376.9564274849638,17.922073197863302,3.522334104780001,4.0,2.945956349733185,-0.17868076221603457,-2.0776461705848606,0.03602256187861547,-0.01612602968511898,0.7364890874332962,0.10754092620133875,0.28208365062096297,95.96614125655634,0.2635109125667038,1.2700514246807315,32.31866337069829,3.9436294572751955,26642.532337141954,0.47065114160550525,0.3729526390944066,2.1087737888092812,1.0
SUB00664,11.175305762997587,125.25328493257474,30.894994910107425,0.5680020280064085,0.5789297815580684,0.34627789233715683,0.40605150540255447,50.96824378848635,20.552385294056513,1.0,1.5833333333333333,0.7848776971018876,1.019516911365549,1.966119735983608,-0.05487821403151892,-0.020195962788544738,0.4957122297485606,0.01893340093354695,0.010961109666609665,22.543937979230453,0.5042877702514393,2.7645771458355486,6.094342974817448,0.5437473851869321,569.5857085393375,0.34627789233715683,0.40605150540255447,0.7764938847400482,1.0
SUB00665,125.70190493383855,389.67259411231254,40.7059044684758,3.9801657589125425,3.124235436683115,0.4767045821337861,0.46325415556350985,647.3584223847923,15.490623464094163,4.6022669718443145,1.5833333333333333,1.273515668008184,-0.28329975564595855,4.537364894119266,0.04206044469646684,-0.0006124987271743416,0.8043256850578004,0.1326721919637514,0.4144991635955769,156.28234590668998,0.1956743149421995,0.3238288591561185,25.155384805236384,8.114709212653963,81374.18686873287,0.4767045821337861,0.46325415556350985,2.0882288731675436,1.0
SUB00666,2.6553223186169297,51.19329563759379,14.263608208029636,0.05922584379662368,0.2745310975445678,0.3473447900584539,0.4453889167086147,15.201196846008449,17.00223815268434,1.0,1.0,1.0,0.30269879596172833,-2.117492911947339,-0.01689574689760055,0.0,1.0,0.0019741947932207893,0.0005419778633496743,2.6553223186169297,0.0,5.37170501224088,3.010973918719714,0.1561748691420196,40.36407725489551,0.3473447900584539,0.4453889167086147,0.9468935536276614,1.0
SUB00667,112.4538788142661,227.84226137319595,28.29949286354187,0.539658945502243,0.8238255997132935,0.4526191838898364,0.3851756802593222,557.7874359233309,18.608407456730617,3.646329892660399,1.5,1.288335538915466,-0.5728892022356074,-0.615306020042988,-0.06745680318429821,-0.05496690378879537,0.8588903592769773,0.017988631516741436,0.014819495147300965,130.92925959598722,0.14110964072302265,0.2516542173728181,12.244049465435902,6.043175864229682,62725.36072344248,0.4526191838898364,0.3851756802593222,1.3972523163750772,1.0
SUB00668,37.394923109869644,300.8359028038359,44.5701675971242,14.133286113883388,6.985843500572792,0.36293659082985935,0.4607820319963973,199.81526119630675,19.40741743897301,2.4340160668290878,1.5833333333333333,1.2578743765631466,-0.8717140267091812,5.989263142795988,-0.10634694794987432,0.0030102492919267775,0.7944469746714611,0.47110953712944625,3.2910974980135985,47.07038267133448,0.20555302532853895,1.191877503429357,15.501078582445091,1.9268366451877839,7472.07632861441,0.36293659082985935,0.4607820319963973,1.6861176046316948,1.0
SUB00669,5.201491615025763,1467.1243543886767,62.25581210028391,2.6848885490649432,0.7727217179397411,0.35022011348905596,0.39604547958646497,24.892323662129943,17.69794272327606,1.4266835183945286,1.0,1.0,0.3081491220301673,-26.91748364588492,0.20972764267120053,0.0,1.0,0.08949628496883144,0.06915572307034006,5.201491615025763,0.0,11.968838307927477,82.8980168671886,0.29390374329694496,129.47721280707628,0.35022011348905596,0.39604547958646497,1.3226536860940132,1.0
SUB00670,66.31879964228796,674.744459970751,96.97979264331151,2.932360917714592,2.7889809529472736,0.4891619128397406,0.4541794384306496,321.5418894788492,19.089323654051643,3.4622109258701834,4.083333333333333,2.90583136595426,0.11103235043497932,0.9208640488824943,-0.09418095480510487,0.03165183671689342,0.7116321712541045,0.09774536392381973,0.2726099582224328,93.19252602846045,0.2883678287458955,1.4623273214594295,35.34669285297276,3.4741304010638436,21324.2721449505,0.4891619128397406,0.4541794384306496,2.1358349330244244,1.0
SUB00671,11.387708148819522,107.26436996164027,34.33738800012836,0.54457260055542,0.4717890153626576,0.32058590381142144,0.3745974003862851,51.240728428428554,16.570888370813233,1.0,1.5,0.7908002338067117,0.23036020216784833,3.846704973641023,-0.09925017362784991,0.019011724989536533,0.5272001558711411,0.018152420018514002,0.008564112366984115,21.600350496866923,0.47279984412885884,3.0153027765896736,6.473060922344271,0.6872116867842167,583.514460675864,0.32058590381142144,0.3745974003862851,0.7722458370236096,1.0
SUB00672,127.36635777319593,459.0439347705504,40.775982095585555,4.831822425441796,2.8759683661168083,0.5085934834622553,0.3916380141008025,680.0065530148551,17.914276560736358,4.54165189567203,1.75,1.4431415413614312,0.5340414264265951,-7.060180841193257,0.1792683883664254,0.07195814082189565,0.8246523093493893,0.16106074751472654,0.4632056148754799,154.44855526286202,0.1753476906506107,0.3201471943493606,25.62447516170765,7.109768420810882,86609.95791940775,0.5085934834622553,0.3916380141008025,1.994324740208111,1.0
SUB00673,0.366652163816826,48.93047686566447,13.507724955566118,0.04717797866302431,0.21331420670578727,0.3841666153327823,0.4176897088346827,2.048151144733177,18.731419707527042,1.0,1.0,1.0,-0.03690462072623441,0.9771210361454262,-0.018853875938126572,0.0,1.0,0.001572599288767477,0.00033545776974951966,0.366652163816826,0.0,27.015449911132237,2.6122140035120895,0.01957417908208476,0.7509590490403285,0.3841666153327823,0.4176897088346827,0.9926669567236635,1.0
SUB00674,107.64708833351808,243.13290917014362,26.738750113149237,1.596442747440875,0.5723494443906142,0.41833970675004767,0.4798975076931655,581.5188963500992,17.18497196690168,3.690317602756456,1.75,1.4206588057079246,-0.6234369200019847,0.08853107673782815,0.12908526126567355,-0.03515190746647615,0.8118050318330997,0.05321475824802917,0.030457437316640346,132.602144742125,0.18819496816690023,0.24839269252044963,14.147995681250949,6.2640246688121906,62598.81600300908,0.41833970675004767,0.4798975076931655,1.5373758360860945,1.0
SUB00675,37.82354278096453,314.52560299896226,48.485151969671136,13.201841890866326,6.9255056153159815,0.35342771583720317,0.38899707902562036,186.99225637080997,21.609660837357875,2.5585877738602982,1.4166666666666667,1.1923240948849194,-0.7190587301900759,-2.1355204275407056,0.19652342187205324,0.00541570409803191,0.8416405375658255,0.44006139636221087,3.0476476715902834,44.94025785682444,0.15835946243417456,1.2818775927587693,14.554860687828269,1.7503070994791725,7072.709608550418,0.35342771583720317,0.38899707902562036,1.8021169182410075,1.0
SUB00676,5.029099955599231,1490.1199525518487,59.84346974697817,1.0699287126575334,0.8884105151805182,0.3852363198211948,0.46703060107379296,25.42801590012787,15.080855214472818,1.5703923294178193,1.0,1.0,0.21861205915702445,-8.580368767108135,-0.0828374134628218,0.0,1.0,0.03566429042191778,0.031684530627283596,5.029099955599231,0.0,11.899439318232373,98.80871683734541,0.3334757799924302,127.88003363430963,0.3852363198211948,0.46703060107379296,1.4698103303058345,1.0
SUB00677,66.00631018393274,672.6873597328195,85.0906490820546,3.1020876272197238,2.6293994138337005,0.41732497210794467,0.3650641667242973,294.0313855950109,14.491912794051435,3.2973382108873945,4.333333333333333,2.9987191756063063,-0.8854800267130664,-10.90995000083308,-0.0770293162506464,0.03416770476570333,0.6920121174476092,0.10340292090732413,0.27188757962241056,95.38317107421163,0.3079878825523908,1.2891290066804457,46.41812087145188,4.554699653659706,19407.92684139582,0.41732497210794467,0.3650641667242973,1.9772120072087398,1.0
SUB00678,8.061119992301627,118.63478107650762,29.42725126555249,1.3714307458666528,0.47927575980949183,0.36590983763680196,0.4436257848984409,40.433351976299406,18.918570420546573,1.0,1.75,0.695968820194541,0.5981594692874441,0.9876888086091062,0.18393977293921765,-0.01698368026550074,0.39769646868259484,0.045714358195555096,0.02190978375837794,20.269528716221217,0.6023035313174052,3.650516465907408,6.270811083466643,0.42609561997067297,325.93810197191567,0.36590983763680196,0.4436257848984409,0.8387776001539675,1.0
SUB00679,121.21941648218564,410.3890469065866,44.696180747921176,4.414329042151038,2.9208815113639583,0.4497004204345285,0.47150514952959655,506.43801556682473,18.440252727982234,4.536294326376393,1.5833333333333333,1.2723965041146126,-0.6407943248230927,11.048955720021944,0.014058194166327203,0.02833429400327309,0.8036188447039658,0.1471443014050346,0.4297910694765313,150.84192870917556,0.19638115529603412,0.3687212993183292,22.255066292222782,6.573630972976892,61390.12073140654,0.4497004204345285,0.47150514952959655,2.1119059967326805,1.0
SUB00680,2.9236538200158706,35.42828421014688,17.395072128383973,0.02175049934079973,0.20779794165057544,0.3392321193533676,0.4397830861561343,17.310826076368265,15.149162612501035,1.0,1.0,1.0,0.22032443565535004,-0.4588665794134102,-0.006723606869646712,0.0,1.0,0.0007250166446933244,0.0001506569664296794,2.9236538200158706,0.0,5.949771484330366,2.3386298712584668,0.192991117383827,50.61086278580442,0.3392321193533676,0.4397830861561343,0.9415269235996826,1.0
SUB00681,110.12777123845183,233.78487722133266,30.213236960112592,1.1949665192115893,0.48430527947112356,0.4474611175962145,0.4766474389720487,476.58943883356596,18.5177414547402,3.563494512012022,1.3333333333333333,1.2041149663297348,0.48090242942295697,-4.398486517173242,0.11821000816989881,-0.028742961387776853,0.9030862247473012,0.039832217307052976,0.019290953134846817,121.94602045808799,0.09691377525269884,0.2743471208065586,12.624913129537623,5.947149197844597,52485.73269452508,0.4474611175962145,0.4766474389720487,1.3609390872429854,1.0
SUB00682,36.76050478165208,273.1004042113076,48.17344605250887,14.7904192250092,7.183964930571771,0.3045557615887617,0.4124774586617816,163.30448980110268,18.25719956020917,2.312198576632031,1.4166666666666667,1.1640906839654772,-0.24269960519831116,-0.7545556746920218,-0.0818584088605711,0.02469816787749994,0.8217110710344545,0.49301397416697335,3.5417951006973536,44.73653340872501,0.17828892896554555,1.3104674796672875,14.958504633236245,2.013479923929304,6003.155478198689,0.3045557615887617,0.4124774586617816,1.5769884809989894,1.0
SUB00683,2.314890766385822,1414.1530476116552,57.98767789370684,1.8177175553237896,0.531964483083678,0.3782088068617224,0.4191837114265226,12.885304070276694,17.196858784903885,1.581069794453566,1.0,1.0,-0.654181595899943,22.657842799968606,0.12120595682128707,0.0,1.0,0.060590585177459653,0.03223203932366489,2.314890766385822,0.0,25.049854937320205,82.23321859530866,0.13461125635444127,29.82807141435717,0.3782088068617224,0.4191837114265226,1.5347719791258496,1.0
SUB00684,66.10218618453898,593.0618956880986,84.76731692798411,2.1982662654042695,2.443410981670762,0.45150869498615903,0.45418854451870905,309.9798287666415,13.958357962255855,3.5418105279915335,4.083333333333333,3.018424168613166,0.5878500991959217,-10.151486824971089,0.03864401309528939,0.007741598704417813,0.7392059188440407,0.07327554218014232,0.17904226445083887,89.42323715144029,0.26079408115595926,1.2823678280675508,42.487941439227285,4.735670654333613,20490.34435458405,0.45150869498615903,0.45418854451870905,2.219766804300754,1.0
SUB00685,2.887088739694702,126.35448225197497,29.909868347264762,0.378796068532358,0.6683685255856594,0.3158945476074591,0.4108615503396145,12.756903864056858,19.966637071821705,1.0,1.3333333333333333,0.7485162542561613,-0.42557542048724595,-3.1728806987877824,-0.10706583969512141,-0.0037905956852906696,0.5613871906921211,0.012626535617745266,0.008439178994087216,5.142776300498197,0.438612809307879,10.359871498244148,6.328280611174885,0.14459564368849878,36.83031349928638,0.3158945476074591,0.4108615503396145,0.9422582252061059,1.0
SUB00686,127.25715457054768,433.27039830902316,40.68181066807107,5.681718918875203,2.907349278765734,0.5309768611671185,0.45908460473067225,582.3697431016711,15.636724568044391,4.56573896538059,1.4166666666666667,1.142741066206197,-0.4991906572701207,-10.312661079342622,0.23693466407360939,-0.011721264163130553,0.806640752616139,0.1893906306291734,0.5506247133647149,157.7618712640301,0.193359247383861,0.31968191340879193,27.70851378903646,8.138351098836495,74110.71641509951,0.5309768611671185,0.45908460473067225,2.0205958739696364,1.0
SUB00687,5.097173759313672,41.34198399103593,16.392176940377315,0.36845269365493305,0.3037038811539044,0.3365402665871646,0.44250437812080246,23.04035927919273,20.505816798605697,1.0,1.0,1.0,0.7072792831513821,-0.1406020670920871,0.011675773083571431,0.0,1.0,0.012281756455164435,0.003730017102820458,5.097173759313672,0.0,3.2159344990790544,2.0161100821815108,0.2485720910010401,117.44071472306047,0.3365402665871646,0.44250437812080246,0.8980565248137266,1.0
SUB00688,114.05906968647487,221.4470367390559,30.633193582959063,1.1175619231607932,0.626968142081889,0.426546064112937,0.4433568744260426,641.768598621235,17.050561802142443,3.59187092017965,1.25,1.2164141808589082,1.0890116299889214,-0.737789346034769,0.1503838949284699,0.019224493167912412,0.9731313446871266,0.03725206410535977,0.023355857420852843,117.20829907410518,0.026868655312873458,0.2685730618982205,12.98766804922701,6.689461086973866,73199.52931273077,0.426546064112937,0.4433568744260426,1.3106895264501524,1.0
SUB00689,44.24828957887801,305.9349064050145,45.672569351795836,12.904326101078615,6.738114920795226,0.41780753794854486,0.4345092004281621,178.29512805632461,18.080975498529487,2.623126060438368,1.5,1.366192314772661,0.6264750541136096,-2.188218615016947,-0.010158530386150104,-0.025599597398610254,0.9107948765151073,0.43014420336928716,2.89836107481617,48.58205806798263,0.08920512348489273,1.0321883577076776,16.920265526043988,2.447229110092909,7889.254456739389,0.41780753794854486,0.4345092004281621,1.738160268860808,1.0
SUB00690,9.862338106911778,1529.523049874897,59.52840913056898,1.2136550046185692,0.6601213967988574,0.37512982694930447,0.4112388583107882,48.98685454337473,17.4123814418157,1.4844950213526875,1.0,1.0,0.533064279050882,8.0351423318032,0.0038209852540213537,0.0,1.0,0.040455166820618976,0.02670532122935779,9.862338106911778,0.0,6.035932705333835,87.84111782675281,0.5663980047684603,483.124922300869,0.37512982694930447,0.4112388583107882,1.287248259214452,1.0
SUB00691,66.90580454319853,617.1320969011134,99.63333271399192,4.0907578372376685,2.180822892391286,0.432687834118843,0.37084312186277635,317.579056785283,17.342624575872204,3.632861866144425,4.083333333333333,3.027825412011559,-0.06263852143096517,-22.830475094661264,0.11922437649037529,0.01414733817234703,0.7415082641660962,0.13635859457458896,0.2973739446225658,90.2293444004176,0.25849173583390384,1.489158278481839,35.58470023964503,3.8578823090180205,21247.88230028949,0.432687834118843,0.37084312186277635,2.2947457752804548,1.0
SUB00692,9.279227939557426,88.80011431286793,30.25437666653586,1.0563783664024202,0.5348073124213503,0.3556791644950534,0.36890078663741144,54.21904986033766,20.247638676452848,1.0,1.4166666666666667,0.7342771911814846,0.6503084966034205,-4.721410910212148,0.00524371364155985,-0.0001104506310165654,0.5183133114222244,0.035212612213414006,0.01883196250119116,17.90273900953019,0.4816866885777756,3.260441155622571,4.3857022407328285,0.4582869186790052,503.1109223203024,0.3556791644950534,0.36890078663741144,0.8144154412088515,1.0
SUB00693,123.8266584461823,417.1187489534536,44.87114796564406,5.1857955367850375,3.1643592583111,0.38185475193665464,0.4631152913878389,546.7540386504838,17.689178654670965,4.3894747596980475,1.6666666666666667,1.2178639603844663,1.9990293687853729,1.8502659076879497,0.1317446840742132,0.03530983841322316,0.7307183762306798,0.17285985122616793,0.5469906706178038,169.45879900397026,0.26928162376932024,0.3623706601526845,23.580447520852537,7.000136120705916,67702.72559804421,0.38185475193665464,0.4631152913878389,1.9129415907744014,1.0
SUB00694,5.938049114458818,56.84529650957449,13.800129506531492,0.0982059215196266,0.22642202144979892,0.3455632042197158,0.4413090430983553,32.926107535161336,14.59970768458989,1.0,1.0,1.0,0.8640373568317716,3.3016825527675446,-0.007916732453519057,0.0,1.0,0.0032735307173208865,0.0007411994422938054,5.938049114458818,0.0,2.3240174071529567,3.893591415503145,0.40672383603450346,195.51684369174058,0.3455632042197158,0.4413090430983553,0.8812390177108236,1.0
SUB00695,109.90227534560468,218.13740347289306,29.497178300730756,0.6228392084282084,0.7391557524104186,0.4584313403166658,0.433107881358648,651.1766846587917,18.214126176133654,3.5256001138615267,1.4166666666666667,1.088329046751687,0.29284863905057035,-5.1284439118475085,-0.08050378727893483,-0.01565017565191366,0.7682322682953084,0.020761306947606948,0.015345839457882066,143.05865541091572,0.23176773170469153,0.26839460973826357,11.976276070752327,6.033903261832671,71565.79929600851,0.4584313403166658,0.433107881358648,1.327554606949433,1.0
SUB00696,38.457806836520696,285.030506125949,41.99123626776817,14.279621718404501,6.799727649783635,0.41642149970041903,0.4053917254326311,197.5543306756991,16.332764300721326,2.6517362319812965,1.1666666666666667,1.057766959385369,-0.7447856034499909,-9.594591343237646,0.21039186106640087,-0.004144410304028002,0.9066573937588875,0.4759873906134834,3.236584620902866,42.41713253677827,0.09334260624111242,1.0918780794304688,17.451455300396443,2.354641634963301,7597.506288844172,0.41642149970041903,0.4053917254326311,1.8825800952508827,1.0
SUB00697,5.290640150606889,1468.2661278369408,56.14889625789326,0.9496223530956865,0.5568669249472865,0.3961300629325141,0.37161251285988434,24.84245688371035,19.28518810975728,1.5127145346275075,1.0,1.0,-0.2057316887346138,-0.5166830077100626,-0.09398523876313791,0.0,1.0,0.03165407843652288,0.017627109320986708,5.290640150606889,0.0,10.612873803456926,76.13439492944724,0.2743369740806473,131.4324998286785,0.3961300629325141,0.37161251285988434,1.4069017316153698,1.0
SUB00698,58.753173519848815,646.9693180540806,104.58480632986384,3.1762951815853975,2.5533063731304986,0.43345238936885916,0.4094283784803941,325.3827081080786,19.49730523577051,3.493045856244082,3.8333333333333335,2.8581617346115373,-1.3052475729121293,1.9671497596821723,-0.05011736254577325,-0.018765723304838985,0.7456074090290966,0.10587650605284658,0.270335157669523,78.79907416203804,0.25439259097090333,1.7800707615314013,33.1824993367353,3.0133996882839975,19117.26670983226,0.43345238936885916,0.4094283784803941,2.3179823858471056,1.0
SUB00699,3.5255172511992363,116.37767014084501,27.543107437916593,1.6628817757427095,0.44324336817928844,0.33369646007975984,0.3942215641800432,14.857920416679088,17.27988395117768,1.0,1.75,0.6787609672325923,-0.7630066020923844,3.265241909864446,0.026357361858442455,0.016733570826529234,0.3878634098471956,0.05542939252475698,0.02456871063880516,9.08958453334942,0.6121365901528044,7.812501109886091,6.734864103813237,0.20402435925844056,52.38185474594747,0.33369646007975984,0.3942215641800432,0.9294896549760152,1.0
SUB00700,121.00293475614332,449.2159279389271,45.465216271713395,4.77395233416873,3.061912359258924,0.49027183047532535,0.37216542550118664,560.8582459026642,19.437088603702062,4.5131142556779,1.5,1.1987492374875262,0.2167029803289032,4.051830400110049,-0.03868599041704873,-0.026790535289273307,0.7991661583250175,0.159131744472291,0.4872474551501408,151.4114849529601,0.20083384167498256,0.3757364758411789,23.111276441543193,6.225363130417414,67865.49373640506,0.49027183047532535,0.37216542550118664,2.0930555605550336,1.0
SUB00701,5.468873672339939,45.16142720849759,16.71351485153551,0.05348869450636042,0.26399768281563285,0.3202531364206751,0.41301707345818933,22.18785945361452,19.34479598020643,1.0,1.0,1.0,0.6820051091415532,-0.07304453110465128,-0.02132379063939693,0.0,1.0,0.0017829564835453475,0.00047069638021708074,5.468873672339939,0.0,3.056116460701566,2.3345517448055126,0.28270516152952363,121.34260041145127,0.3202531364206751,0.41301707345818933,0.8906225265532013,1.0
SUB00702,111.79170413405033,213.9832783640318,30.058036349148768,1.0500315396436204,0.7659491990617924,0.46615294214095804,0.3866136225111805,524.7525494683338,17.05358553175817,3.475170648828605,1.6666666666666667,1.2908223623854127,-1.1688331145917603,10.314423016909727,-0.030901755666058645,-0.061639277607653746,0.7744934174312476,0.035001051321454014,0.02680902722598839,144.34170984283955,0.22550658256875242,0.26887537480514595,12.547700186892651,6.555319637965012,58662.98175375258,0.46615294214095804,0.3866136225111805,1.2393365661475984,1.0
SUB00703,39.40588269095341,289.11863188730075,49.73637289062819,13.121951973871196,6.759316434992944,0.40791264463051674,0.41668656012550637,186.9059188909611,15.382553309780063,2.449132059203954,1.5,1.1917009586053695,-0.7441370014809249,-4.594934268736525,0.01921891884702228,-0.007807199326525568,0.794467305736913,0.4373983991290399,2.9565141878725227,49.600383057175954,0.20553269426308698,1.2621560410330916,18.79523028881572,2.5617257354732894,7365.1927140620655,0.40791264463051674,0.41668656012550637,1.6610144053848854,1.0
SUB00704,4.533350209754009,1448.8731623965323,62.64419630024696,1.3818804017252395,0.700736534971301,0.36029193932750503,0.4322089154940489,21.619026074761194,17.32649202565242,1.548692322546536,1.0,1.0,-0.6225524871515616,31.047726638731238,-0.0662593111930891,0.0,1.0,0.046062680057507986,0.03227780281498979,4.533350209754009,0.0,13.8185212705299,83.62184106577544,0.2616427031531969,98.00661639069605,0.36029193932750503,0.4322089154940489,1.458025318351456,1.0
SUB00705,61.53871766785778,691.001748990653,99.79577192882645,3.6078725913287744,2.5149332867581706,0.4087146371715081,0.3971087647225744,254.1245935073821,21.53121396724337,3.427214356601524,3.9166666666666665,3.0360988853792517,-1.160587111782623,14.75410674606426,0.05976746971540671,-0.01747289704935571,0.7751741835010856,0.12026241971095915,0.3024519624771731,79.38695454216143,0.22482581649891445,1.6216745442674485,32.0930231821537,2.8581164889950026,15638.50161230991,0.4087146371715081,0.3971087647225744,2.1964400032443683,1.0
SUB00706,10.256677997772652,99.0992134077938,28.72639188247693,0.9298752619316875,0.6138315703562347,0.3534426678814411,0.4900693962725546,38.44669874285743,18.829847265181836,1.0,1.5833333333333333,0.7590653538726131,0.4532203155538591,-0.4827271853703427,0.08556275158426455,-0.02046406706402749,0.47940969718270304,0.030995842064389583,0.019026226408898093,21.39438993004731,0.520590302817297,2.8007500955684845,5.262879300727924,0.5447031966498325,394.33540908285926,0.3534426678814411,0.4900693962725546,0.794866440044547,1.0
SUB00707,123.61037787763998,450.80853825058233,42.581663550096515,4.494770240945853,3.109497949479055,0.41565418620145783,0.4493860007183403,565.6198409968588,16.458082045181225,4.507988495440502,1.4166666666666667,1.2424379471246214,-0.5084641138681202,5.219458040350232,-0.24873714936513205,0.02630298732835898,0.8770150214997328,0.1498256746981951,0.46588262825335364,140.94442494982698,0.12298497850026728,0.34448291705933826,27.39131674110076,7.510618645495935,69916.48228071236,0.41565418620145783,0.4493860007183403,2.0357809378877025,1.0
SUB00708,2.848446250282185,59.60144072877258,14.120003144221934,0.18931208668692326,0.28407534982305477,0.33979347172096386,0.4307994863130696,15.330077601422168,15.99431004332103,1.0,1.0,1.0,0.05354040517738167,1.136452537635307,-0.02518410746220544,0.0,1.0,0.006310402889564109,0.0017926299083773397,2.848446250282185,0.0,4.957089551127432,3.7264152418791703,0.17809122385192544,43.66690206030589,0.33979347172096386,0.4307994863130696,0.9430310749943563,1.0
SUB00709,110.48649438750579,238.03579764104214,25.57199969536818,0.5746205657439171,0.8261727830889313,0.3824727874571692,0.4002934432875036,487.3941676931854,20.188803608945737,3.6027034617119154,1.5833333333333333,1.3972940846034156,-0.6451841957548142,-1.9294846508246517,-0.14242153672759764,0.009192774385343022,0.8825015271179467,0.01915401885813057,0.015824529067359604,125.19694413258416,0.11749847288205324,0.23144910006539185,11.790485570703535,5.472661804414641,53850.47297333618,0.3824727874571692,0.4002934432875036,1.3929735739617994,1.0
SUB00710,40.87272576219359,325.85439859950617,47.742549975878546,13.282512827512656,7.27583663964696,0.44504233186790537,0.4439934705821748,201.89421230249528,17.41120625082696,2.394135223755414,1.4166666666666667,1.1476796406503007,0.3943497522026067,3.1190947139413203,0.12672084213439866,0.017609397863530732,0.8101268051649181,0.4427504275837552,3.2213797832332443,50.45225698200802,0.1898731948350819,1.1680784456034345,18.71521099142855,2.3474953528996476,8251.96677241398,0.44504233186790537,0.4439934705821748,1.5766807085115424,1.0
SUB00711,4.038504929623943,1508.9504234586338,62.55915071705861,2.448029743514915,0.7311210697011828,0.33282438607225967,0.40782377773144146,23.43486446198409,16.254077366465115,1.3582738985520197,1.0,1.0,-0.34852942558819633,-20.951322776018557,0.1015073188735076,0.0,1.0,0.08160099145049717,0.059660204157964566,4.038504929623943,0.0,15.490670881237227,92.83519386783844,0.24846103771820696,94.6418156547917,0.33282438607225967,0.40782377773144146,1.2775037999595409,1.0
SUB00712,62.824376704375176,637.1179761956829,87.1992141510333,3.8547373513885668,2.326820572189103,0.3960229447842962,0.41400267565637366,313.4657901897444,19.408104133545958,3.489500247538393,4.25,2.942258092725601,0.9100501713352265,-0.2283059926068925,0.09699083928209488,0.023278440172266244,0.6922960218177884,0.12849124504628556,0.29897607231988843,90.74785167682285,0.30770397818221157,1.3879837528887196,32.827419505363004,3.237017705185656,19693.292886815132,0.3960229447842962,0.41400267565637366,2.2330127134508895,1.0
SUB00713,6.222144116731183,130.36269805875585,27.870601806602068,1.048230722844754,0.4917289015164403,0.3851963569877371,0.433952819655361,30.681740142122283,15.784248345509774,1.0,1.5,0.7173518802649127,-0.14710764673284749,0.37696422899275434,0.061962156262384015,0.021323026368966328,0.47823458684327513,0.034941024094825135,0.017181511396007834,13.010652696205504,0.5217654131567249,4.479260088441016,8.259037440692627,0.3941995830609969,190.90620891638113,0.3851963569877371,0.433952819655361,0.8755571176653764,1.0
SUB00714,123.15184200617794,407.7656688654387,44.84235207665375,4.921620199243271,2.9784076340334082,0.4316226767207773,0.4202529821393701,631.649036350304,18.47831806228244,4.538854599731908,1.3333333333333333,1.121768656428046,-0.004024382076524331,-13.204375804170008,0.19885162857805558,-0.00955461973892558,0.8413264923210345,0.16405400664144235,0.48861970577463937,146.37818151479948,0.15867350767896543,0.3641224633441067,22.06725024924003,6.664667292287437,77788.74232796718,0.4316226767207773,0.4202529821393701,2.0758177596083494,1.0
SUB00715,1.4743638493546427,40.58637469516568,15.338858300783542,0.9333204802049863,0.1871576176433184,0.3726124479529915,0.48052993531046306,5.363434353447047,15.267892047957616,1.0,1.0,1.0,-0.10977027070139873,-0.7111916910542875,0.1374853023950629,0.0,1.0,0.03111068267349954,0.005822601252429438,1.4743638493546427,0.0,10.403712969154563,2.6582827916048117,0.09656630035918208,7.907653719109118,0.3726124479529915,0.48052993531046306,0.9705127230129071,1.0
SUB00716,112.794945039178,233.6285386714521,34.456450620749116,0.9118760337709352,0.7718979792887103,0.43660138534991094,0.4240574435077838,527.6854650917791,16.2955421491097,3.530717806279869,1.4166666666666667,1.211370861047304,0.06247143653511924,-5.590657555652264,-0.009982737753790652,-0.009647378645355866,0.8550853136804498,0.030395867792364507,0.023462508927652954,131.91074999719865,0.14491468631955018,0.30547867733594863,14.336960165772473,6.921828313968708,59520.2530330003,0.43660138534991094,0.4240574435077838,1.2748189054963093,1.0
SUB00717,40.98532439602945,319.61128653052486,49.45788415826393,12.937365690156932,6.852638579257857,0.34455203770819276,0.434133795158195,170.13462280659158,19.922779962923418,2.647476973754891,1.3333333333333333,1.2245295788242727,0.492692698079579,-1.5898371263141233,-0.08606614227187459,0.027545727696059334,0.9183971841182046,0.43124552300523106,2.955169708077878,44.62701443861824,0.08160281588179541,1.2067217934001586,16.042504466009568,2.0572091079811017,6973.022706724266,0.34455203770819276,0.434133795158195,1.8277704858343022,1.0
SUB00718,4.395663318643183,1403.7191580405736,52.55229366373615,0.9490743137750446,0.7352845060151004,0.3174619200419488,0.432122735251565,23.501389806542175,18.15864330431771,1.549495120125397,1.0,1.0,-0.4942318612278561,10.371193235814305,0.07248089359268675,0.0,1.0,0.031635810459168155,0.023261321265856803,4.395663318643183,0.0,11.95548654530656,77.30308561690846,0.24207002940566572,103.30419710975225,0.3174619200419488,0.432122735251565,1.4615818537525334,1.0
SUB00719,67.53284059815637,616.2413654524777,86.92085017485552,3.0851856265809663,2.567089545787919,0.41555502175419456,0.469084931581962,375.87039956550893,16.716687914502977,3.4086435926854524,3.6666666666666665,2.8412679582654854,-0.18077944302395052,-9.863647102657778,0.009288389312505151,0.008014926262439265,0.7748912613451324,0.10283952088603221,0.26399825896037166,87.15137718926682,0.22510873865486758,1.2870900943152157,36.86384340033304,4.0398457483654155,25383.595779422856,0.41555502175419456,0.469084931581962,2.0579867807223247,1.0
SUB00720,9.086425318949413,118.9710358910324,27.155045327363,0.9837516247097838,0.38242110644230665,0.3565223728671533,0.4486888525235886,44.24840969546287,17.16608241518831,1.0,1.3333333333333333,0.6988200999258916,0.47244359652192486,5.343257430374816,-0.03609462830783624,0.01874866241027364,0.5241150749444187,0.03279172082365946,0.012540246159531079,17.3366990444093,0.4758849250555813,2.9885289730750473,6.930587481379472,0.5293243443192298,402.05987018010046,0.3565223728671533,0.4486888525235886,0.8182714936210117,1.0
SUB00721,116.88945931706581,427.0312231154487,46.03178815067819,4.8032541481744175,2.676142693648048,0.42937889388129985,0.3954043493554023,641.0218829327018,22.079051992813664,4.363901682571437,1.4166666666666667,1.205868037094095,-0.719338135048544,-3.0862149556193015,-0.16465161703663223,-0.02000837729193772,0.8512009673605376,0.16010847160581393,0.4284731164790549,137.32298693165808,0.14879903263946234,0.39380615172336214,19.341012614782542,5.294133976183001,74928.70130641098,0.42937889388129985,0.3954043493554023,2.0261124962301205,1.0
SUB00722,1.1771079727064244,50.165364350438686,17.906929793922767,0.008719583038277358,0.29742513536342674,0.37308632926015667,0.3907305125260865,4.455114860492659,15.024488652347648,1.0,1.0,1.0,0.011400047942808975,2.5013750911777595,-0.003292709678790052,0.0,1.0,0.0002906527679425786,8.644743884907609e-05,1.1771079727064244,0.0,15.212648464822546,3.338906601829681,0.07834595905016013,5.244151221608779,0.37308632926015667,0.3907305125260865,0.9764578405458715,1.0
SUB00723,112.90485090768311,209.07549830791527,31.270103367493743,1.56571585192964,0.7773828577451098,0.4554471019424832,0.465927215200532,617.3577365210689,17.752786474294396,3.461844413994791,1.5833333333333333,1.1937442040520265,-1.432282576457089,5.586882258748906,0.03777637120148344,-0.0007434442095610416,0.7539437078223326,0.052190528397654666,0.04057202211299609,149.75236179607356,0.24605629217766742,0.27695978619255085,11.777052498809216,6.359838275031731,69702.683198616,0.4554471019424832,0.465927215200532,1.2037473958411287,1.0
SUB00724,39.97822271216185,311.58800008301586,49.06283354558381,13.078935093332364,6.961653595532546,0.3767790002266171,0.403848495963002,156.79782108942848,16.312657641967277,2.4691496937324295,1.3333333333333333,1.1486340833839663,-0.62377211381129,3.991305220487398,-0.07876186134972256,0.017704085939765832,0.8614755625379747,0.43596450311107876,3.0350338506078014,46.406682267785826,0.1385244374620252,1.2272389870562783,19.100995492077214,2.450748589813508,6268.49821229488,0.3767790002266171,0.403848495963002,1.6695852394891926,1.0
SUB00725,7.9996890288995175,1517.246274242375,60.22245054820957,2.242220214186589,0.6950366984185624,0.3604444896748049,0.4358241742408868,45.95678842403937,18.461263222814825,1.54856912069176,1.0,1.0,0.43901975877857896,9.01256841675059,0.10856667601707246,0.0,1.0,0.07474067380621964,0.051947511159853625,7.9996890288995175,0.0,7.528098946177926,82.18539847085488,0.4333229493750639,367.64001615924406,0.3604444896748049,0.4358241742408868,1.3885753401137697,1.0
SUB00726,65.1063441516768,621.0748771339872,90.13511469534723,2.856168625952545,2.628109142281179,0.5503981737304741,0.44039429972982735,312.7141925991882,17.985006531086807,3.447683127781705,4.333333333333333,2.9820030700217366,0.9151072801317609,-11.552889653459786,-0.022792426819946067,-0.020831442697442047,0.6881545546204008,0.09520562086508484,0.25021076259208525,94.61006065358487,0.3118454453795992,1.3844290578712493,34.5329247482045,3.6200345014688473,20359.67784447649,0.5503981737304741,0.44039429972982735,2.145556244748169,1.0
SUB00727,6.768151469008568,123.57497686048497,27.531972230654443,0.5279255899659584,0.5559373890816726,0.2840130400323105,0.39642262383424426,32.34366242576194,16.970067676516674,1.0,1.5833333333333333,0.783081057988448,-0.063416606569406,0.7731115491262532,-0.0526768079077993,0.009315799095042038,0.49457751030849345,0.017597519665531948,0.009783119137169219,13.684713372403293,0.5054224896915065,4.067871760365237,7.281937775150365,0.3988287847769985,218.9068063600379,0.2840130400323105,0.39642262383424426,0.8646369706198287,1.0
SUB00728,125.99694348636554,462.48794293040487,44.13629015567583,4.608112853624378,2.841725272972249,0.45434976762794993,0.41298639147655686,628.7448476622529,19.264067507303643,4.461792863246403,1.75,1.409912826364985,-0.4299431579836103,6.524616642494373,-0.15102524115066532,-0.007899052239495665,0.8056644722085629,0.15360376178747925,0.4364996918950888,156.388853961713,0.19433552779143717,0.35029651461705447,24.007803271819952,6.540516089792352,79219.92903824439,0.45434976762794993,0.41298639147655686,1.9418539935190924,1.0
SUB00729,0.8573211429290034,38.46852773908298,13.63962044504096,0.023866652559966783,0.30383885184796783,0.3106456391874745,0.4506039039586575,5.503510066601937,12.618151806134371,1.0,1.0,1.0,-0.21584168763199119,-4.97960282476438,-0.011015378104600048,0.0,1.0,0.0007955550853322261,0.00024172054370915564,0.8573211429290034,0.0,15.909581324965043,3.0486657895795273,0.06794347984561518,4.718275540420448,0.3106456391874745,0.4506039039586575,0.98285357714142,1.0
SUB00730,106.85840585385036,256.57968210819485,31.19920141928547,0.8609053309499024,0.7276467890060886,0.43153118348870945,0.4419090182033119,499.5861878523362,16.475101995957083,3.6117532549752878,1.6666666666666667,1.4491730154764788,-0.587951472611052,-1.2832667907676318,-0.08058488816720312,-0.027056304233989296,0.8695038092858872,0.028696844364996747,0.02088116665679735,122.89584555312283,0.13049619071411275,0.29196768536821,15.573784136277782,6.486054282399765,53384.98362050287,0.43153118348870945,0.4419090182033119,1.4745851378982806,1.0
SUB00731,42.30322347868093,263.10285657597694,47.77448561496299,13.439212567176824,7.194056408707797,0.35575949078113905,0.446403367401723,221.55871569534017,20.111939956999024,2.53945265499366,1.75,1.3553330010146398,0.4326008018367338,-1.0338677501476097,0.11411077292152338,0.015543655803072346,0.7744760005797942,0.4479737522392275,3.2227484432294933,54.62173578911621,0.22552399942020582,1.1293344025908416,13.081923332036215,2.103388512949456,9372.647863709506,0.35575949078113905,0.446403367401723,1.6933881854200414,1.0
SUB00732,3.5113249082693145,1532.3342389835088,57.40344084597936,2.413651748254311,0.7385589844946923,0.34835856085007966,0.4371634781683054,14.378205898646153,15.85427402665392,1.4597938211468549,1.0,1.0,-0.04800847966930613,1.1319146457603602,0.12424172747638042,0.0,1.0,0.08045505827514371,0.05942080613715142,3.5113249082693145,0.0,16.348085792571315,96.65117661063358,0.22147497276545985,50.48655250814102,0.34835856085007966,0.4371634781683054,1.3895673229814687,1.0
SUB00733,68.5112302649065,635.5654039263396,96.14729050690501,3.0025652020478195,2.6548570799852613,0.4432095805172072,0.3827584746600592,355.4353331306306,17.26618300934413,3.466335277605317,4.0,3.1026063245466795,0.07750001055996689,5.190221434398922,-0.1699977276963039,0.010246987007677072,0.7756515811366699,0.10008550673492732,0.26571271615913433,88.32732625195902,0.22434841886333012,1.4033800025943268,36.80983825912095,3.9679430148417594,24351.311952396387,0.4432095805172072,0.3827584746600592,2.096110672307187,1.0
SUB00734,4.6641681384523315,131.7313485317583,29.853244011941246,0.7750966414888438,0.578091069684582,0.3337025207446866,0.446963872164643,30.086364828049884,18.793294423938317,1.0,1.5833333333333333,0.8357554211288658,-0.5081715677156944,-1.9689597002509232,0.004789106124002987,-0.01135245462829426,0.5278455291340205,0.025836554716294795,0.014935881552907091,8.836236893214444,0.47215447086597945,6.4005505645958936,7.009486764809207,0.24818257157251036,140.32786423284313,0.3337025207446866,0.446963872164643,0.9067166372309534,1.0
SUB00735,126.71224898944975,405.03711456031783,39.265407334823514,4.863899457423388,2.938254803537086,0.4483053807746742,0.42386186159388384,601.2648321628835,17.440851709366267,4.406638235802015,1.5833333333333333,1.1815457995794587,-0.4733506924709683,0.7309274133255175,-0.03189208118049479,0.018047119478624894,0.746239452365974,0.16212998191411293,0.4763791981565232,169.8010586115554,0.25376054763402606,0.3098785448760586,23.223471038561758,7.265255797192601,76187.619121623,0.4483053807746742,0.42386186159388384,1.8723932560130203,1.0
SUB00736,4.414378975789542,49.66859935168518,15.86118772584521,0.055015063882991426,0.3292809664476227,0.3901477809592613,0.3850982076521086,21.234936179243338,18.754477546902354,1.0,1.0,1.0,0.4665850899780386,-1.9363992124199554,-0.02410429502200129,0.0,1.0,0.0018338354627663808,0.0006038471134856374,4.414378975789542,0.0,3.593073411420987,2.6483595305425536,0.23537733667865662,93.73905582188449,0.3901477809592613,0.3850982076521086,0.9117124204842092,1.0
SUB00737,109.13496910383309,245.51318654335262,28.357908203601298,1.2044552099220855,0.8378788449547899,0.45844353570833923,0.3999082217244448,424.2981165121134,17.697937455561064,3.5093141727029895,1.6666666666666667,1.3518251819948057,-0.6977898159379564,-4.898338722865572,0.055786957218942064,-0.006182946286191939,0.8110951091968834,0.04014850699740285,0.0336395846696432,134.55261641497816,0.1889048908031166,0.2598425457620375,13.872418023841938,6.166536037200232,46305.761836364065,0.45844353570833923,0.3999082217244448,1.3266147906263277,1.0
SUB00738,34.195221327692536,305.54205303096313,43.41924302876148,12.40902970174208,7.103305969479787,0.40949277153105995,0.4466514046787708,177.44468043040865,18.526732079152627,2.414708017920996,1.4166666666666667,1.1885948271366122,-1.4444176879247783,3.219476978712907,0.14975768683381793,0.025379736054461446,0.8390081132729027,0.41363432339140266,2.9381711585278834,40.75672307184223,0.16099188672709727,1.269745927732861,16.491956148854612,1.84572331383639,6067.760120739496,0.40949277153105995,0.4466514046787708,1.7308035913671451,1.0
SUB00739,8.702441913962096,1482.786206508062,54.097826212309876,1.1889671916456328,0.8325830857388389,0.38777038453549034,0.4767112076313241,43.907946225378765,17.664588107682384,1.393621931383792,1.0,1.0,0.30354042632773803,9.030821501809527,-0.1039857715170463,0.0,1.0,0.03963223972152109,0.03299713244208541,8.702441913962096,0.0,6.216396127334784,83.94117074618873,0.49264901399978733,382.10635158772993,0.38777038453549034,0.4767112076313241,1.21957309310455,1.0
SUB00740,68.42815571108666,566.4497570344233,95.85168800393582,2.5676985857465473,2.5000925514348653,0.4443534597772036,0.39739707029216614,359.18665156929313,17.33484531302706,3.5604200371057044,4.25,3.071057101825583,0.8592708756245405,13.83303558096442,-0.06834608499895929,-0.013785614483216226,0.7226016710177842,0.08558995285821824,0.2139828036184927,94.69692426078345,0.27739832898221584,1.4007638669765583,32.67694327844615,3.9474338810317047,24578.48012292742,0.4443534597772036,0.39739707029216614,2.1918569228839715,1.0
SUB00741,5.5464164786042405,93.43806096155384,29.31016108199779,1.6957918948157504,0.500415963695155,0.3753169571510751,0.3803787002123899,26.58668597745908,17.34993627493831,1.0,1.4166666666666667,0.7629744071094476,0.04245619981876033,-1.1855841094796182,0.18522042194414323,0.0010832759182747627,0.5385701697243159,0.05652639649385835,0.028286711175688553,10.298410105861132,0.46142983027568407,5.284522212687085,5.385498798432104,0.3196793573597123,147.46083321685532,0.3753169571510751,0.3803787002123899,0.8890716704279151,1.0
SUB00742,120.97318120607262,409.3070710837542,43.435860710163944,4.776096546861357,3.2592382844166834,0.42245563700205774,0.4564064797458622,640.3497081048689,19.057597211045145,4.596639679577584,1.5833333333333333,1.2690566880243515,1.0456652048728639,6.5771766492374875,-0.06240621867030077,-0.03658554776311906,0.8015094871732746,0.1592032182287119,0.5188812238533618,150.93168969554566,0.19849051282672536,0.3590536371542782,21.477370234613495,6.347766713002026,77465.14127382601,0.42245563700205774,0.4564064797458622,2.1771760554561315,1.0
SUB00743,0.5261549359439657,39.67426285724738,12.72546595542056,0.42413800877453395,0.27224552816777436,0.3248918502159657,0.3809526270928499,3.6563742855375305,18.11920119399947,1.0,1.0,1.0,-0.06605098589368166,-1.6575519580497278,0.038988291389627415,0.0,1.0,0.014137933625817799,0.0038489892071617037,0.5261549359439657,0.0,24.185777013742193,2.1896253831756276,0.029038528261290695,1.9238193779941626,0.3248918502159657,0.3809526270928499,0.9894769012811206,1.0
SUB00744,111.79702178330568,206.8517983456608,28.79153281810458,1.8462137335139703,0.9289948004087233,0.4340523664666705,0.4033219170765802,629.1889396348157,15.039377208995537,3.5244964736738873,1.25,1.1407558232687673,0.7415228541842542,-3.3346812700191535,0.22654064075541505,-0.0357634387118497,0.9126046586150138,0.06154045778379901,0.05717076529592183,122.50323371455386,0.08739534138498613,0.2575339875682085,13.75401357856335,7.433620437183813,70341.4495901685,0.4340523664666705,0.4033219170765802,1.2885560380077736,1.0
SUB00745,43.26976949276851,272.1912685964717,41.73825752738853,12.074220709849468,7.393025319939601,0.3556241257084565,0.41036522263355923,232.7588027876361,17.92669170602768,2.519223738808781,1.5,1.3273711129952823,0.36148338836202293,4.750169403832388,-0.37079196775884343,-0.004298849597585061,0.8849140753301882,0.40247402366164897,2.975500647548541,48.89714233172668,0.11508592466981178,0.9646054974793443,15.18357503213769,2.413706343720937,10071.41974403378,0.3556241257084565,0.41036522263355923,1.653828348953411,1.0
SUB00746,7.830700002211828,1482.5137394751657,60.02210314658722,1.6060384974626272,0.7831768532398709,0.35832029445820535,0.43101384760573547,37.298955693653305,22.169073843957477,1.4854578875161393,1.0,1.0,0.15843854640922136,6.932134960380725,0.023225459154036444,0.0,1.0,0.05353461658208757,0.04192707255416236,7.830700002211828,0.0,7.664972879772385,66.87305703026686,0.3532263033327487,292.0769324327898,0.35832029445820535,0.43101384760573547,1.3288438874719026,1.0
SUB00747,59.846683002553014,625.4290555126976,80.50725574531047,2.9715108330412776,2.251115355710382,0.4457570809240024,0.4297132105212101,311.48327554345184,19.312554889033102,3.580874110316696,4.083333333333333,2.8895511231962865,-1.3766588202965053,9.726023644225059,-0.05839398103442669,0.0061834922876098704,0.7076451730276621,0.09905036110137592,0.22297378886396566,84.5715978623846,0.29235482697233794,1.3452250267884704,32.3845839717383,3.0988485649062296,18641.240852045838,0.4457570809240024,0.4297132105212101,2.3839404502656354,1.0
SUB00748,8.497963247787423,140.62659256967518,29.128229056861315,1.388675364974645,0.6338121181848408,0.33258920970463807,0.4655855354898925,47.30972320775123,16.90671418490904,1.0,1.3333333333333333,0.7418089458815643,0.6376658204056994,1.300516176182645,0.15635010569934238,-0.0005228187893616313,0.5563567094111733,0.04628917883248817,0.029338642484856226,15.274307119943503,0.44364329058882673,3.4276718088237557,8.317795582964235,0.5026383692801005,402.0362890824657,0.33258920970463807,0.4655855354898925,0.8300407350442516,1.0
SUB00749,127.03493143623706,458.0584533311928,41.62590832638897,5.145989924578472,2.575639206047735,0.41418822452185283,0.37173326075461954,606.238388308518,17.528699325768628,4.459279922088329,1.6666666666666667,1.3813956071906348,0.47963103234044396,-1.6987999696156182,0.1578621937243184,-0.03960681748368845,0.8288373643143808,0.17153299748594905,0.44180711345569795,153.26882800622909,0.17116263568561915,0.3276729310259231,26.131913430553816,7.247253722327548,77013.45209278744,0.41418822452185283,0.37173326075461954,1.9185812933635877,1.0
SUB00750,3.723094836325078,50.03296153136648,13.04984350943523,0.3872144278689453,0.2861201159682081,0.29099156030368983,0.4322952469677006,20.21746702767507,16.24741632718847,1.0,1.0,1.0,0.4189413746609529,4.595755882553657,0.008245170424545985,0.0,1.0,0.012907147595631508,0.0036929945668808654,3.723094836325078,0.0,3.5051063921638432,3.079441095359955,0.22914996214474057,75.27154709430958,0.29099156030368983,0.4322952469677006,0.9255381032734984,1.0
SUB00751,113.90135904187974,279.49571774622757,31.98531283058639,1.1175680797154437,0.6771782764559157,0.4907828743819224,0.4027332877700034,681.320222154818,16.459154864730927,3.5026664564041456,1.3333333333333333,1.2346621494935395,2.1186025483676327,-1.6064356756414826,0.052143524403444726,-0.012007841964316875,0.9259966121201546,0.037252269323848126,0.025226427534795055,123.00407749990799,0.07400338787984534,0.280815901580471,16.981170664183843,6.920243474101476,77603.2992461492,0.4907828743819224,0.4027332877700034,1.2246392755665507,1.0
SUB00752,35.5757622298188,297.37976517980513,47.137264070488904,12.971074701535786,7.4034645096285425,0.3542215917534377,0.3884439172066976,203.12292404349697,18.510625191110474,2.424967400677949,1.25,1.0689238121497833,-0.29491765837592,6.080379360853136,-0.029811534140490682,-0.0023615984493416146,0.8551390497198266,0.4323691567178595,3.2010297068186944,41.60231279518186,0.14486095028017337,1.3249825475553554,16.065355011489213,1.9219103548649277,7226.252849196992,0.3542215917534377,0.3884439172066976,1.7134521560815732,1.0
SUB00753,6.887367326184349,1409.8236678818403,56.99188511995535,2.287864173133391,0.5956644311790343,0.3968378421178931,0.3983416618770281,30.819310893763355,17.75240779269391,1.5993176605889312,1.0,1.0,0.3719182076002299,-3.1637149616294593,0.13940333747038133,0.0,1.0,0.07626213910444637,0.045426643710146444,6.887367326184349,0.0,8.274843263155715,79.4159127226708,0.38796806645118187,212.2639148652231,0.3968378421178931,0.3983416618770281,1.4615703140652443,1.0
SUB00754,67.88062373589949,626.3324064093291,86.31766339150566,3.3788821597183745,2.4346871828615613,0.42451222755658796,0.3717710452659022,274.71333113293196,18.230613917788947,3.491434963262641,3.6666666666666665,2.902267818547448,-1.595149831883043,6.521731361473041,-0.12048114977094504,-0.027768194094588333,0.7915275868765768,0.11262940532394582,0.27421736955553055,85.75901189213276,0.20847241312342318,1.271609756082066,34.356078694539775,3.72344146181843,18647.71226587012,0.42451222755658796,0.3717710452659022,2.1338224885446513,1.0
SUB00755,10.643756419523537,115.747665112034,34.93476756720141,0.9665590672931069,0.564554215034126,0.3560532104946256,0.4390609398638105,44.206432198486304,16.891994278128806,1.0,1.4166666666666667,0.7376490636167924,0.308382095570567,-1.1980851247683293,-0.06494036901067395,-0.013418355425898287,0.5206934566706769,0.0322186355764369,0.018189166517325897,20.441502160560848,0.47930654332932304,3.282184051405157,6.852220241508147,0.6301065607928082,470.5224964968706,0.3560532104946256,0.4390609398638105,0.7871248716095293,1.0
SUB00756,121.47140419973704,442.13586789366354,42.012708819179295,5.31518562964128,2.9677645707636877,0.3838533240226136,0.4106962720168843,754.3862201058929,17.21502694195151,4.554963035391747,1.5,1.1227568785291433,-0.7166549035850049,9.672755348530897,0.007709689151156867,0.01759578927092471,0.7485045856860956,0.177172854321376,0.5258073199560558,162.28545091463096,0.2514954143139045,0.3458650132182324,25.683135401677312,7.056126290672359,91636.35346519471,0.3838533240226136,0.4106962720168843,2.1255349513970065,1.0
SUB00757,4.42976652640506,49.89543868256424,15.384957255359382,0.12942712888534444,0.2893331496612655,0.33586744844779665,0.38360934764621796,28.016138474951898,18.377149466650376,1.0,1.0,1.0,0.4539289183660497,-0.20308852739108624,-0.00466656469550156,0.0,1.0,0.004314237629511481,0.0012482519617337086,4.42976652640506,0.0,3.473085356452164,2.7150804194693605,0.24104753212373356,124.10495241547082,0.33586744844779665,0.38360934764621796,0.9114046694718988,1.0
SUB00758,111.17690415545609,244.6830280592508,33.956284719983444,0.47148105580469285,0.7786018292896322,0.5014598057611357,0.42630279001757004,502.02245720573234,17.39754112362267,3.64162646880234,1.3333333333333333,1.1225575651305821,0.8923353418609072,-5.73631504530575,-0.06459279302767108,0.0028479530741369317,0.8419181738479367,0.015716035193489762,0.012236533750831367,132.05191146703567,0.15808182615206334,0.3054257084952029,14.064230474904074,6.390380305208662,55813.30260864826,0.5014598057611357,0.42630279001757004,1.4180883856932183,1.0
SUB00759,40.95164322244786,293.3299616256204,45.82462164707954,14.14648845903232,7.185952883161174,0.35824444596351906,0.4425797831632139,218.82806717918072,16.79934549996607,2.3943312978790448,1.4166666666666667,1.1976853212305376,0.6432415632159506,6.113647631030929,0.3648354509898451,-0.013783813613497842,0.8454249326333206,0.4715496153010773,3.388533317626319,48.43912409217944,0.15457506736667936,1.1189934772131567,17.460797007015117,2.437692779312776,8961.368934179662,0.35824444596351906,0.4425797831632139,1.5752984334300875,1.0
SUB00760,3.4147242402521027,1499.259313597506,57.03765002453964,1.2742596311152468,0.7975579435085652,0.26977501894620787,0.43389559759436325,16.726229596889052,18.077348314642993,1.5317530998248714,1.0,1.0,-0.48097476394557476,-9.813346125298535,-0.062106750590859953,0.0,1.0,0.04247532103717489,0.033876529696275304,3.4147242402521027,0.0,16.703442507067177,82.93579829864083,0.18889519529178467,57.1154616525192,0.26977501894620787,0.43389559759436325,1.4634586150198294,1.0
SUB00761,61.456641472499484,613.8299238836825,92.80962704609509,3.306645251109366,2.4113619676412887,0.46638751518878513,0.437185714493471,315.9641643375198,15.879369866727052,3.4929440495191226,4.416666666666667,2.8878811542464917,-0.3994039275149236,-8.02811813466881,0.06139439640064424,-0.04043557359941424,0.6538598839803377,0.1102215083703122,0.2657839533002268,93.99053677736798,0.34614011601966227,1.5101643178406583,38.6558112214437,3.8702191578315137,19418.09636584886,0.46638751518878513,0.437185714493471,2.263811220069133,1.0
SUB00762,4.118226971319598,119.50838665071443,30.885411173260945,0.6111830785082407,0.5092209821740842,0.33812268802035556,0.4041680720338951,22.940277801042587,19.634729257747264,1.0,1.5833333333333333,0.754631295114844,-0.3608654936676656,3.0403779419841106,-0.025787379173175216,-0.007837671079830409,0.4766092390199015,0.020372769283608025,0.010374241584204892,8.640678010750094,0.5233907609800985,7.499686488470638,6.086581845968672,0.20974197898321778,94.47327076981782,0.33812268802035556,0.4041680720338951,0.917635460573608,1.0
SUB00763,128.07925633288528,472.89553996470073,42.35611026275071,4.375358523790864,2.943129261797134,0.42263220597300116,0.4575512922728193,558.5334691965693,19.093596678796704,4.548355986674855,1.3333333333333333,1.2081082771967604,0.18713618237543833,-0.6973665871238937,-0.216059823998104,-0.018095211734297897,0.9060812078975703,0.14584528412636213,0.42924152340741345,141.35516244738656,0.09391879210242965,0.33070234381018554,24.76723206842678,6.707969089716676,71536.55137172308,0.42263220597300116,0.4575512922728193,1.986770860017149,1.0
SUB00764,0.3945752184164341,60.22588805004542,11.829774162196495,0.30187151614759905,0.16178177091352489,0.34880554874988196,0.3948004313323989,3.2362772503288695,19.04900841079294,1.0,1.0,1.0,-0.14843337613982022,2.4184139405785907,0.0351676946299305,0.0,1.0,0.010062383871586636,0.0016279102823569768,0.3945752184164341,0.0,23.65954832439299,3.161628508490875,0.02071368807800371,1.2769548029046505,0.34880554874988196,0.3948004313323989,0.9921084956316714,1.0
SUB00765,108.34725979597341,244.07716690043887,29.17251912499842,0.47986232030179504,0.9168708151519426,0.4789598691174915,0.46918955378989846,564.3229809080557,14.290883394410136,3.4075193780201807,1.4166666666666667,1.1627597808641896,0.2989835024835135,-4.522146451384616,-0.05720054353086686,-0.02548622195785287,0.8207716100217809,0.015995410676726503,0.014665725225860314,132.00658803622386,0.17922838997821913,0.2692501792840226,17.079221778263854,7.581564890407918,61142.84862128326,0.4789598691174915,0.46918955378989846,1.2405741821007124,1.0
SUB00766,37.3670548152354,295.6023394612858,44.750441898210994,13.698676401908534,6.685247654447038,0.3603789505401132,0.40873587508495185,200.90455760733016,18.82562633488364,2.50091844356511,1.5,1.1559340274183656,-0.5939755875258286,4.9174402485902835,-0.06838771750571915,0.008359301789232812,0.7706226849455771,0.45662254673028446,3.052634809496267,48.48943010012005,0.22937731505442294,1.197590822168977,15.702125082209802,1.9849036706945964,7507.211616743724,0.3603789505401132,0.40873587508495185,1.753577347260402,1.0
SUB00767,2.1230965982170398,1498.599843286814,58.86505057060731,1.3115036262362378,0.7652764210350859,0.30693333665679384,0.46016188750144343,12.30043637056597,18.415858369298718,1.370764215022651,1.0,1.0,-0.5753084167164602,1.7944912418844634,-0.06950824152400785,0.0,1.0,0.043716787541207926,0.033455426708686835,2.1230965982170398,0.0,27.7260349906084,81.37550871835256,0.11528632310489952,26.115014614933763,0.30693333665679384,0.46016188750144343,1.32830228305831,1.0
SUB00768,66.93234458280317,619.998184807646,92.17241319585389,3.0260167747113353,2.395567074665364,0.42917612539168215,0.4221770335961364,297.9773274039621,18.257828828576223,3.628837540652677,4.0,2.9746310760418524,-0.5470788639841092,-15.392465759667882,-0.017625618747862448,-0.029664718292400607,0.7436577690104631,0.10086722582371117,0.24163420509611844,90.00422959591437,0.2563422309895369,1.3770982291203888,33.957936106688464,3.6659531213286476,19944.321155664747,0.42917612539168215,0.4221770335961364,2.2901906489966137,1.0
SUB00769,10.065774315604067,104.45444428046157,29.431065779817576,0.485413325177938,0.45777355259832064,0.3150676281444959,0.45799567103945105,56.34114077146456,16.18074290446902,1.0,1.8333333333333333,0.7952432212819444,0.977713012068105,2.5274222689625225,-0.08040121006814563,0.003792896135482414,0.4337690297901515,0.016180444172597935,0.007406979411508951,23.20537803372841,0.5662309702098486,2.923874990341601,6.455478892233798,0.6220835702682083,567.117207689241,0.3150676281444959,0.45799567103945105,0.7986845136879187,1.0
SUB00770,124.49239983143231,474.23739356323244,42.02814429900786,4.770576322159898,3.1292037392582177,0.452129281586446,0.44908390774717416,682.8505512678275,17.48484071876128,4.503347401594449,1.5,1.2575445099906326,0.6153212679939043,-0.04844092839383074,-0.016782497243466938,0.03977557121992374,0.8383630066604217,0.15901921073866326,0.49760350885731564,148.4946244555109,0.16163699333957826,0.33759606494786554,27.122774590355547,7.120019097334506,85009.70385354836,0.452129281586446,0.44908390774717416,2.013499404965803,1.0
SUB00771,0.3712139344256211,50.345444620619475,13.03413077024945,0.07557579655698302,0.247610471220264,0.3077409344701732,0.4156886182548736,2.101698213745374,16.563834762707025,1.0,1.0,1.0,-0.13482981475965458,5.29302943047629,-0.025291428471100143,0.0,1.0,0.0025191932185661004,0.0006237786199440456,0.3712139344256211,0.0,26.0682615404989,3.039480008214688,0.02241111069650357,0.7801796628997203,0.3077409344701732,0.4156886182548736,0.9925757213114875,1.0
SUB00772,111.26211852986762,239.53572205206356,32.76897400340116,0.9410718760058839,0.9007908717193028,0.5061447861329472,0.4485752255514502,415.7674225565118,16.323918683575204,3.554410546080788,1.4166666666666667,1.3205640614722707,-0.22383041876163737,-3.717063715438477,0.01074447062035088,0.030251205423995065,0.9321628669216028,0.03136906253352947,0.02825696518459533,119.35909751189976,0.06783713307839721,0.29452049301581956,14.67391051715294,6.815895171164832,46259.164249340174,0.5061447861329472,0.4485752255514502,1.3291681754834355,1.0
SUB00773,37.76792624545579,335.0652949851988,46.28315896814769,12.265019955919064,6.562554546876008,0.36455376939003,0.3977990106948939,185.16767332010434,18.39489373164273,2.6112033524157847,1.5,1.3429362346413234,-0.6849346084155998,-0.12066535717309852,0.0118545857016414,-0.04854562270091002,0.8952908230942156,0.40883399853063546,2.682995415974721,42.1850925657051,0.1047091769057844,1.2254620141797286,18.215125342573877,2.05317447311412,6993.399028996353,0.36455376939003,0.3977990106948939,1.8558448275066688,1.0
SUB00774,3.857153653675187,1500.7052327626495,61.04214476133336,2.046340143504819,0.8479748128389214,0.3803045959554637,0.406169361653876,14.705991451377843,15.473770659975548,1.4306921975063236,1.0,1.0,-0.573726258132319,6.314904457769443,0.08125413205796293,0.0,1.0,0.0682113381168273,0.05784149667310901,3.857153653675187,0.0,15.825696936696044,96.98380994132047,0.24927044211997404,56.72326865759811,0.3803045959554637,0.406169361653876,1.35354912443282,1.0
SUB00775,67.72043528063003,673.6860454753224,87.07419375972249,3.937692196663313,2.68962189318226,0.5290342074843615,0.4165762162415884,381.0414637734973,19.9042458927042,3.5318206394754093,3.9166666666666665,2.9704843755664236,-0.05663288125534896,4.2487169612342734,0.020454667781603878,0.015290665272215035,0.7584215426978104,0.13125640655544377,0.35303010469195306,89.2912865314177,0.2415784573021897,1.2857890443097637,33.846348618626074,3.4023110267871344,25804.293786709655,0.5290342074843615,0.4165762162415884,2.1774119338628086,1.0
SUB00776,8.289960921171176,125.96699459287986,27.780161811917775,0.41392071463236274,0.3257937476899824,0.36117720861422176,0.44207678438550796,35.09199675476107,15.813387123420904,1.0,1.6666666666666667,0.7236863168117905,0.3394228196458605,-2.3193834990684965,-0.1249413376618854,0.005184927129004815,0.4342117900870743,0.013797357154412092,0.004495092695553107,19.091975645131043,0.5657882099129257,3.351060647459976,7.965845243003794,0.5242368922274137,290.911281742835,0.36117720861422176,0.44207678438550796,0.8342007815765765,1.0
SUB00777,126.75202542470707,432.4884898502594,41.69167386336212,4.930036356245815,2.8532925051694265,0.4798246966823338,0.40063983810365866,660.7312786390231,16.257181969361138,4.58761994480196,1.5,1.2018262996550204,-1.1948070153624502,-5.714363944565579,-0.0767111733480707,0.03457989395697382,0.801217533103347,0.16433454520819385,0.4688945261829658,158.19926572719876,0.19878246689665305,0.32892313731213474,26.602918677132514,7.7966787641049,83749.02782895268,0.4798246966823338,0.40063983810365866,2.052579436307819,1.0
SUB00778,2.3094658761170686,36.05276422235523,15.895211345940048,0.06508245882048636,0.21170193189857175,0.2896592142072172,0.44772224806776667,13.652167635321517,20.668588455093214,1.0,1.0,1.0,0.21042957794121947,-1.9401484086918752,-0.028991063535539346,0.0,1.0,0.002169415294016212,0.00045926940883354015,2.3094658761170686,0.0,6.882635292565937,1.7443263869077137,0.11173795835815596,31.529215288804895,0.2896592142072172,0.44772224806776667,0.9538106824776587,1.0
SUB00779,109.93138721579676,234.40660917442196,32.93045200477082,0.24657099733402435,0.7190672274372788,0.4367557297517588,0.4473877956377703,524.6902655850266,20.137149416746688,3.3401933926136977,1.6666666666666667,1.3802796389956529,1.6924774133940876,-4.584543382865199,-0.07408420063583263,-0.011312061767436713,0.8281677833973917,0.008219033244467478,0.005910037447314051,132.74047773849082,0.1718322166026083,0.29955459344952967,11.640506028101576,5.459133511934631,57679.928754386805,0.4367557297517588,0.4473877956377703,1.1415656482977625,1.0
SUB00780,42.35881323450472,285.8854523548933,47.68531038436262,12.69942955645674,6.5875588410980646,0.4009182540083031,0.41049320224692215,218.09204513062187,20.14054480255395,2.508327471268725,1.5833333333333333,1.2273075756407301,0.45238106115919996,-4.026589724922804,-0.15163160799445716,0.021075116302581815,0.7751416267204612,0.423314318548558,2.7886079817179557,54.646546868757646,0.22485837327953884,1.1257470817317194,14.194524287080911,2.1031612426458968,9238.120207619188,0.4009182540083031,0.41049320224692215,1.6611512065786305,1.0
SUB00781,4.73157203384316,1551.126762669576,57.79106857541001,0.3403812187276221,0.6716227657288364,0.372307059326628,0.46422032126983953,21.113104547854878,18.89820340461269,1.472281199246442,1.0,1.0,0.46497890232624745,-10.67929247485481,-0.09348989692957257,0.0,1.0,0.01134604062425407,0.007620259184133252,4.73157203384316,0.0,12.21392555413976,82.07800125015987,0.25037152646416505,99.89817502623698,0.372307059326628,0.46422032126983953,1.3776497585695788,1.0
SUB00782,66.43751697488989,671.1995466676052,89.25732021943243,3.8889344162248993,2.4547842460751426,0.48161648570768895,0.3508399936891484,322.2042163165975,17.69432455561835,3.619516733718763,4.333333333333333,2.8527569074606425,0.4465376385453985,2.2840724174628937,0.029562354013686662,-0.004415994391853219,0.6583285171063021,0.12963114720749663,0.31821649796561047,100.91848560186561,0.34167148289369786,1.3434776656865022,37.93304144262936,3.754735975711176,21406.44809091504,0.48161648570768895,0.3508399936891484,2.2907663942209653,1.0
SUB00783,8.805301970408545,108.34878828842771,31.80802269389869,1.0145431452803546,0.4818537940065149,0.3641664855893358,0.4624368478690273,47.096995263166946,19.599365474468215,1.0,1.3333333333333333,0.7671859027032465,0.19323979303936606,0.891896163337408,0.0032626165127269194,0.017269200774890095,0.5753894270274349,0.033818104842678484,0.01629538212455472,15.303204328759247,0.4246105729725651,3.6123715916607995,5.528178370344284,0.44926464491307505,414.7032651910858,0.3641664855893358,0.4624368478690273,0.8238939605918291,1.0
SUB00784,122.47506674443677,398.94495647859503,42.12444408169802,4.962153749259942,2.977227799107229,0.46098625300730234,0.39348104390217564,537.8306427575823,19.11839298595718,4.66604882486053,1.4166666666666667,1.192886547665227,0.4587239325278908,0.23151872298049325,0.017207109313386544,-0.0020143530651658853,0.8420375630578073,0.16540512497533139,0.492448736191362,145.45083511438153,0.1579624369421927,0.34394301796623805,20.867075845319615,6.406138153682531,65870.84386893822,0.46098625300730234,0.39348104390217564,2.2165474899717945,1.0
SUB00785,0.1852629938158252,63.62682418903001,15.17570703547247,0.7508421278687202,0.27114952338398896,0.3913367072522664,0.4024839941179575,2.0279316066528628,14.834138667966954,1.0,1.0,1.0,-0.06089280286158444,0.16077467257712405,0.08782696703665567,0.0,1.0,0.025028070928957338,0.006786349503607451,0.1852629938158252,0.0,30.35141407094494,4.289215950665653,0.012488961979025092,0.37570068070224577,0.3913367072522664,0.4024839941179575,0.9962947401236835,1.0
SUB00786,112.43618930073025,223.43395946282033,32.010312978412834,0.5985273383494429,0.7683752343679636,0.43153589352256344,0.40985845485485,614.9546372452659,19.600773051925113,3.402597862017643,1.6666666666666667,1.2967919305611102,0.7953751535081718,-7.181017428526687,-0.07996775710746953,-0.03723930282053979,0.7780751583366661,0.019950911278314765,0.015329786129329557,144.50556362844338,0.22192484166333393,0.2846975976106381,11.399242206973847,5.736314022047574,69143.15600467061,0.43153589352256344,0.40985845485485,1.1538740760030382,1.0
SUB00787,45.21476134942156,331.3975152227976,54.383033615287935,13.959465068293737,6.89381588867851,0.34748766113860347,0.4267069502965928,220.51858120260007,16.395657342401567,2.5183808214352776,1.4166666666666667,1.1889013539386444,0.2888716718526026,5.978778186002633,0.12571896460113832,0.011624172925130212,0.8392244851331607,0.4653155022764579,3.207799402841867,53.87683766429584,0.1607755148668393,1.2027716611177839,20.2125177601605,2.7577278791067177,9970.695022188602,0.34748766113860347,0.4267069502965928,1.6140855944468466,1.0
SUB00788,1.997034561661742,1476.3134810143217,63.59766089471557,1.849404895825914,0.8336821360063086,0.36897192744573526,0.44357087544514373,10.479196311746493,13.48762432380915,1.478632292005441,1.0,1.0,-0.11233133868781807,-15.902090626075172,0.048023823297838525,0.0,1.0,0.0616468298608638,0.05139386079642242,1.997034561661742,0.0,31.846049194960177,109.45689511890141,0.14806421899937253,20.927317212996,0.36897192744573526,0.44357087544514373,1.4386916007722064,1.0
SUB00789,66.43760412101092,573.4574156791433,88.53250921268352,3.925826378100758,2.3733392780086624,0.4035827816562978,0.45468636920637007,382.9864382916037,19.998830436808507,3.45764270642845,4.0,2.925575712001747,-0.1514471869950788,8.343583296731987,0.12178324959989757,-0.012060237790392286,0.7313939280004368,0.13086087927002527,0.3105772647263005,90.8369642917944,0.2686060719995632,1.3325662534643552,28.674547618728543,3.322074474851805,25444.701370933544,0.4035827816562978,0.45468636920637007,2.1288906240082315,1.0
SUB00790,10.282924135953001,111.66030710706752,30.263039079178515,0.6515300656905277,0.4761223552511695,0.34679292421293906,0.48111157919535974,47.533258247062214,18.23927121168027,1.0,1.5,0.8241800971220282,0.7504622049203135,-2.2203589510700956,-0.0630802601261384,-0.010198534650499321,0.5494533980813522,0.021717668856350923,0.010340267646450775,18.714824900273907,0.45054660191864787,2.9430382524526713,6.121971969777019,0.5637793317842605,488.7808884892031,0.34679292421293906,0.48111157919535974,0.7943415172809399,1.0
SUB00791,129.48589565950485,447.9298432688033,38.93145580358516,5.233567548337773,2.8952708858130785,0.46195231743532794,0.43689310915358553,549.8947364192738,19.03965223083617,4.608143443048964,1.5,1.1988290005146105,-1.2119153039493504,0.7544428102512479,0.012822180358694115,0.0015015132097026566,0.799219333676407,0.1744522516112591,0.5050865250546162,162.015469600654,0.200780666323593,0.3006617485657204,23.52615677209412,6.8008540329214915,71203.61246369702,0.46195231743532794,0.43689310915358553,2.0184255298588667,1.0
SUB00792,3.3806791329862858,49.26506097046604,15.32361063823798,0.9510747187288898,0.2389944453009025,0.3843868413349267,0.3762192633724298,18.17128803428201,18.93777526829147,1.0,1.0,1.0,0.21224087033582406,-1.2974208260533684,0.11429924745175522,0.0,1.0,0.03170249062429633,0.007576719161410763,3.3806791329862858,0.0,4.532701873041124,2.6014175515617803,0.1785151151649126,61.43129427698057,0.3843868413349267,0.3762192633724298,0.9323864173402743,1.0
SUB00793,109.91728956330748,254.13990447330022,32.307766599018855,0.5845158180247666,0.7556095193206106,0.37248785858214467,0.4345133232772727,541.1949196532639,20.122803808422596,3.564231758485608,1.6666666666666667,1.3036782116225683,-0.1636396931136454,3.0882376791951414,-0.012949426420843232,0.02961360118365304,0.7822069269735409,0.019483860600825555,0.01472219054309958,140.5220099348795,0.2177930730264591,0.29392797736711856,12.629448007982242,5.462324763972529,59486.678693718735,0.37248785858214467,0.4345133232772727,1.3658859672194583,1.0
SUB00794,42.63240529367676,321.7333953442444,45.75116387451785,12.172300585158352,7.13569037798651,0.34904333160770684,0.4674593051695084,224.00389487148914,19.503246581293492,2.5392785594049103,1.5833333333333333,1.3023883992153606,0.7186211046360295,-9.245359480924908,0.08288355954856216,5.093540657988583e-05,0.8225610942412804,0.40574335283861174,2.8952589387824674,51.82886182211223,0.17743890575871954,1.07315464748839,16.496401970984383,2.185913258901601,9549.824833523486,0.34904333160770684,0.4674593051695084,1.6866304535313752,1.0
SUB00795,2.6314602744071687,1443.3714019141491,61.90023564686089,1.0274262562410243,0.8112012545939619,0.33324150156769167,0.4204104963168959,15.18674862060918,17.43220083896551,1.5888988661918653,1.0,1.0,-0.4734802479928832,8.538290382536768,-0.04931363829135667,0.0,1.0,0.03424754187470081,0.027781648935516542,2.6314602744071687,0.0,23.523150339332464,82.79914941593823,0.1509539901883857,39.96332569254092,0.33324150156769167,0.4204104963168959,1.5362696607037218,1.0
SUB00796,66.81199440052048,649.5095509536778,93.63007205348048,3.314188818172424,2.6150852041242305,0.48990521460142444,0.4127915053576163,396.3813074496473,18.716777664852717,3.426368688226317,3.6666666666666665,2.9717658037423846,0.7496850756377343,22.276081941257612,-0.15469130217705349,-0.014286193276486631,0.8104815828388322,0.11047296060574748,0.28889620473588923,82.43493228618661,0.1895184171611678,1.401396154890881,34.70199638976097,3.5696312472623593,26483.02569379682,0.48990521460142444,0.4127915053576163,2.0901288002159073,1.0
SUB00797,5.967342559462086,116.98197933373096,30.89237272523796,1.0165025133051309,0.636505456369505,0.41018386608226526,0.40184507501139183,28.956822289347553,19.40712509992603,1.0,1.6666666666666667,0.7654843846207394,0.09199510597561897,2.3225469888633556,0.09127322426027304,0.006429774941591598,0.45929063077244364,0.03388341711017103,0.021566979871067704,12.992519680678216,0.5407093692275564,5.176906205301324,6.027785090857009,0.30748204737881707,172.795278034004,0.41018386608226526,0.40184507501139183,0.8806531488107583,1.0
SUB00798,128.03783847640054,472.28356913144677,44.40895403565369,4.955293065178492,2.745223846774914,0.5304430424017977,0.42426517347166937,700.5430937397347,18.230862663988972,4.6486240891992034,1.3333333333333333,1.140219044957713,1.2740301294724488,-1.907583015147342,0.037121720534795545,0.03511662976363524,0.8551642837182848,0.16517643550594974,0.4534462896762118,149.7230893690829,0.1448357162817152,0.3468424222409767,25.905717016032284,7.023136580876718,89696.02348200607,0.5304430424017977,0.42426517347166937,2.0878673196711928,1.0
SUB00799,4.87730713004892,45.27899909080272,17.953695301070752,0.09388126197356084,0.2023118290645658,0.30314182076197854,0.43370904735937255,30.41156245423657,19.58165710525897,1.0,1.0,1.0,0.82819124351849,-1.006221112510658,-0.01179102469312887,0.0,1.0,0.0031293753991186945,0.0006331096608253587,4.87730713004892,0.0,3.6810672000659252,2.312317024417832,0.24907530061585242,148.32653039397607,0.30314182076197854,0.43370904735937255,0.9024538573990216,1.0
SUB00800,111.25943916465276,257.64131343671505,32.92557059520266,1.246293253199716,0.776230076273103,0.40587288952328654,0.4497264825922925,560.3573976671709,16.526725927560786,3.5045734489370655,1.6666666666666667,1.331673542121527,-0.6297760348717458,-2.222362298961287,0.014073849978335207,-0.004248330430278873,0.7990041252729162,0.04154310843999053,0.03224701023299564,139.2476404632452,0.20099587472708377,0.2959350760925204,15.589374118382374,6.732091985570537,62345.04979621373,0.40587288952328654,0.4497264825922925,1.2793846656440104,1.0
SUB00801,40.909816641415134,321.45344536623935,46.03764464044363,12.606209396594531,7.0560647774312955,0.3167687639942363,0.40936395763882044,223.4152906002411,17.021059860057655,2.581545776830665,1.6666666666666667,1.1731482681490042,0.4681456947472206,0.9621305628406065,-0.20122780477657443,0.027703575945224254,0.7038889608894024,0.42020697988648437,2.965007670007803,58.11970199067098,0.2961110391105975,1.1253446830127645,18.885630390183618,2.4034823317563117,9139.878573344342,0.3167687639942363,0.40936395763882044,1.7633494440023623,1.0
SUB00802,2.31991485577154,1539.4604252006732,61.624490702766046,1.855172783100775,0.7889972285144048,0.34753709179310394,0.44455599303293775,12.639615989397257,19.316954183548187,1.4690867352870678,1.0,1.0,-0.30384725292229964,7.424856637984781,0.15495141551234085,0.0,1.0,0.06183909277002583,0.04879087280939555,2.31991485577154,0.0,26.563255349417307,79.69478058356616,0.12009734214451671,29.322832905050188,0.34753709179310394,0.44455599303293775,1.422688438171637,1.0
SUB00803,62.340047443260545,591.3734515168403,88.3175044210317,3.567532205099957,2.6365255237977614,0.4348096771170999,0.4515928423751207,267.5148978163635,18.099457929584904,3.405307891530079,4.166666666666667,2.885787042975234,-0.7425801750733815,0.537485448943471,0.003301567526642831,-0.01704825022348568,0.6925888903140561,0.11891774016999856,0.31352965719055154,90.0101753220331,0.3074111096859439,1.4167057620771755,32.67354491043605,3.444304668448723,16676.891421651097,0.4348096771170999,0.4515928423751207,2.158506942664868,1.0
SUB00804,9.600217593365022,135.46534486019092,25.752070563166146,1.2057897574814793,0.6431114798261272,0.3662346124747992,0.4640677208149601,46.38050140021625,19.590909453880013,1.0,1.6666666666666667,0.785378160207734,-0.11788502857088226,1.6984835192110157,0.0889182312109547,0.009817135267572706,0.47122689612464036,0.04019299191604931,0.025848574509770038,20.37281333539533,0.5287731038753596,2.682446550061961,6.914704249902078,0.4900342996309282,445.262905531447,0.3662346124747992,0.4640677208149601,0.8079956481326995,1.0
SUB00805,127.40416171616808,475.8886273614025,41.81078670717406,5.873405110037905,2.8023181093074676,0.4811555757286159,0.3960825812781788,614.7303513544472,16.833361144610638,4.5899611409666585,1.4166666666666667,1.2260756045703194,2.016101905455385,0.8867537236868145,0.08174424392583382,0.0052418133039248424,0.8654651326378725,0.19578017033459683,0.5486383167719413,147.2088902389976,0.13453486736212752,0.3281744186686808,28.27056481906246,7.568551557925658,78319.20509579881,0.4811555757286159,0.3960825812781788,2.041877906643297,1.0
SUB00806,1.4289371829735444,65.16628671452587,14.037518299073595,0.0982645525947637,0.2350539177552823,0.27275243747859673,0.42680452033156874,6.399932894903852,15.900808941108771,1.0,1.0,1.0,0.0513615222886089,3.4725308429676462,-0.025558577264080184,0.0,1.0,0.003275485086492123,0.0007699156021289733,1.4289371829735444,0.0,9.823747654086686,4.098300090006728,0.08986569100137266,9.145102082063632,0.27275243747859673,0.42680452033156874,0.9714212563405291,1.0
SUB00807,116.21948723154513,226.3109887078232,26.710580634329464,1.0161661470126624,0.7305255608103147,0.4825130519154673,0.42052628112405954,552.0891738750582,17.726968750059836,3.6128746268111986,1.4166666666666667,1.268293815392864,0.8251733875652651,-5.74797507537175,0.08056529047078387,-0.03741086052503108,0.8952662226302569,0.03387220490042208,0.024744511480762732,129.8155613311277,0.1047337773697431,0.22982875996616414,12.766479813818103,6.5560834945993145,64163.52069384663,0.4825130519154673,0.42052628112405954,1.2884848821802959,1.0
SUB00808,38.16774368075732,307.12696703096583,47.6476061497003,13.241996666293629,6.931711502172111,0.36348717086453863,0.38776106952483697,218.35321116223702,19.688637329160795,2.532983249010807,1.5,1.32345121829077,-1.2618673816035217,6.859648471783336,-0.08988951688175248,0.020808889181718783,0.8823008121938467,0.44139988887645426,3.0596566867824095,43.25933191181472,0.1176991878061533,1.2483736672577361,15.599198761007234,1.9385670548274645,8334.049395510541,0.36348717086453863,0.38776106952483697,1.7696283753956603,1.0
SUB00809,6.950102998087519,1486.9771031127293,56.7275278048279,2.0135943876732836,0.769456247504421,0.3416655271583588,0.43494245972471846,41.040582776472284,19.53195880662558,1.4799917919352759,1.0,1.0,-0.04962806231586361,13.499052969927742,0.12708966805185276,0.0,1.0,0.06711981292244279,0.051645759384501576,6.950102998087519,0.0,8.162113255075182,76.13046483634406,0.35583236002576063,285.236277398019,0.3416655271583588,0.43494245972471846,1.3409897319735256,1.0
SUB00810,65.13484237500161,561.7819985743089,79.88717967607185,3.191944296432276,2.377041607112837,0.4723054832594064,0.45899501892040656,304.7426570638858,18.253039459182055,3.378063189947237,4.0,2.965524436287728,0.8043521323925708,-1.6935251021573656,-0.02312823891173123,-0.01666052712514408,0.741381109071932,0.1063981432144092,0.25291281334020105,87.85608586188287,0.258618890928068,1.2264891840243726,30.777449412224254,3.56843815084375,19849.364932795375,0.4723054832594064,0.45899501892040656,2.0753663424472046,1.0
SUB00811,5.2453192046516985,127.40051855992546,30.57186319168304,0.7130711497309142,0.504002066860536,0.35725828214567046,0.4302459536552527,23.95086222586546,16.940656726986397,1.0,1.5,0.748486534142804,-0.28407718906103363,0.5215763868334949,-0.08070126315954534,-0.013015999135112002,0.4989910227618693,0.02376903832436381,0.01197964444276665,10.511850845771415,0.5010089772381306,5.828408529374349,7.520400219017303,0.309629035590806,125.62991760129903,0.35725828214567046,0.4302459536552527,0.895093615906966,1.0
SUB00812,129.03567725241126,432.02777984523823,42.2100091179309,4.273996712215151,2.9770643409018294,0.4954466626730282,0.44642248540262536,606.9623139627373,17.809025613585813,4.415379391531064,1.4166666666666667,1.108107700313078,1.1483371492903374,-0.7331365890162093,-0.17335287293212073,-0.021913506920427105,0.7821936708092314,0.14246655707383837,0.4241321068355795,164.9664041885116,0.21780632919076856,0.3271189024362805,24.25892293150845,7.245521459297299,78319.79324887249,0.4954466626730282,0.44642248540262536,1.8346658464828391,1.0
SUB00813,0.6161594258906687,41.303372268160686,13.97466419632626,0.7779146477359493,0.1959175158957115,0.33807886057399394,0.4372262942973823,2.8283367643508672,15.212195135788605,1.0,1.0,1.0,-0.10704070117909803,-1.026652005281726,0.0781098725600701,0.0,1.0,0.025930488257864977,0.005080236845443822,0.6161594258906687,0.0,22.680273333684134,2.7151487276802873,0.040504307260763185,1.742706356947902,0.33807886057399394,0.4372262942973823,0.9876768114821867,1.0
SUB00814,108.84246366367773,227.161166700581,32.626044304896325,1.0286307968509119,0.7410052894148319,0.48289797026575304,0.449455535211226,537.5361268574519,18.861989307104263,3.470403654948288,1.6666666666666667,1.254632863888868,-0.003549935406871122,4.43600130758768,-0.08140067919711427,-0.013768708239386182,0.7527797183333207,0.03428769322836373,0.025407362044050637,144.5874018825302,0.24722028166667925,0.299754739158703,12.043330266072307,5.770465770685323,58506.756355396275,0.48289797026575304,0.449455535211226,1.2935543816747335,1.0
SUB00815,35.450000649932946,302.1518896375629,50.246039454603554,11.852793018122815,6.667917204826391,0.31818621628605265,0.40846780835935353,173.8519227928234,18.824398145938613,2.5749292982356455,1.4166666666666667,1.2218980396002526,-0.749893255294251,-2.719380450778273,-0.34565997761027806,0.005946138362316514,0.8625162632472371,0.39509310060409386,2.6344480830262413,41.10067503709357,0.13748373675276293,1.417377673720821,16.051078355604826,1.883194372276987,6163.050775997682,0.31818621628605265,0.40846780835935353,1.8659292852369866,1.0
SUB00816,6.537109559602329,1499.04275268342,59.422491576662644,1.6220036538186668,0.6204023599937379,0.4054279147911053,0.43460342349545483,30.259240717197837,18.642534393153564,1.4647078208071012,1.0,1.0,-0.15151809480040115,-15.041563305534122,-0.12862332465044393,0.0,1.0,0.054066788460622225,0.033543163158252225,6.537109559602329,0.0,9.090025344515945,80.40981558998442,0.3506556255571705,197.80797175870202,0.4054279147911053,0.43460342349545483,1.3339656296150546,1.0
SUB00817,61.48159383856188,650.713141051393,88.94832798839475,4.461365177553086,2.3739136441821236,0.4368642788383495,0.4521351964114217,319.71364542198756,17.749712847685352,3.453412179781475,4.083333333333333,2.8431610773813283,-0.23529162016176483,-2.061389589830985,-0.03423506798646047,0.006648312733173032,0.6962843454811417,0.14871217258510286,0.3530298555557424,88.2995492252196,0.30371565451885835,1.4467472691413126,36.660488349041046,3.4638078016332177,19656.504492480628,0.4368642788383495,0.4521351964114217,2.223780303010238,1.0
SUB00818,6.533590487962582,124.204687289863,28.31305428122589,0.9361721135286828,0.6832737917058687,0.34559078547000216,0.46807943415733466,29.386536826281326,19.21406515335228,1.0,1.5,0.7920322331031323,-0.05362984918976159,3.763952266473054,0.023429589426191225,-0.018222100032977587,0.5280214887354215,0.03120573711762276,0.021322062323334667,12.373720818844177,0.47197851126457846,4.333460190593452,6.464258671892398,0.34004207000529846,191.99959748235378,0.34559078547000216,0.46807943415733466,0.8693281902407484,1.0
SUB00819,119.0726053589877,421.9643821071667,45.01603022966887,4.1955111633966995,3.0827634356863203,0.4440667209662256,0.46509322778880186,554.6655657458581,18.81495624293289,4.4875066660030045,1.5,1.2305193600180735,-1.1272660747785723,1.6744363186859683,-0.10697822206668038,0.03507705380226359,0.820346240012049,0.13985037211322332,0.4311256136177707,145.149205970931,0.179653759987951,0.3780553057855051,22.42707220037577,6.328614524613243,66045.4740162762,0.4440667209662256,0.46509322778880186,2.1060545588232507,1.0
SUB00820,0.6419201486773063,40.196319225716614,15.185020943877598,0.06014283168523916,0.27609107776825076,0.27801348670671616,0.39856758672172377,4.623328618645955,16.318597567962865,1.0,1.0,1.0,-0.20923688660882922,-4.208277600304435,-0.02107073312512546,0.0,1.0,0.0020047610561746386,0.0005534966406670727,0.6419201486773063,0.0,23.655622860828938,2.4632214293114973,0.039336722779262735,2.9678077942652563,0.27801348670671616,0.39856758672172377,0.9871615970264539,1.0
SUB00821,109.03160068647854,227.12770068474015,29.470770896546924,1.3757512735788044,0.7648227517112091,0.4486543982247932,0.47560520901827347,502.6584366207641,16.662496652065915,3.6627035015116562,1.4166666666666667,1.2423251882196904,0.215933662894302,-5.467292494337098,0.10208036612762328,0.07075746531735982,0.8769354269786049,0.04585837578596015,0.035073529157624725,124.33253046023724,0.12306457302139506,0.2702956822700459,13.631072547377197,6.543533238937525,54805.65394332474,0.4486543982247932,0.47560520901827347,1.4820714877820853,1.0
SUB00822,40.89528097334959,310.8407437266219,49.75982884533164,12.477230906078253,7.012560668825614,0.35717163834756044,0.42200303657383564,217.83442498271776,17.89288655800622,2.598998285749087,1.3333333333333333,1.2257788649833552,-0.31833145583459227,-5.145890546778341,0.01624021252759835,-0.018305112642672813,0.9193341487375164,0.4159076968692751,2.9165779569273247,44.483587419774835,0.08066585126248355,1.216762121716656,17.372308415353775,2.2855608479253946,8908.400015336287,0.35717163834756044,0.42200303657383564,1.7810926662820952,1.0
SUB00823,9.55571823347949,1488.1050450534156,57.86374236122208,1.3870464809983352,1.0507778678619601,0.3481551357041863,0.44117809004602715,45.59054325051553,16.639025862842836,1.5425613467497694,1.0,1.0,0.5978029322258407,14.898899609432464,-0.09569577555201005,0.0,1.0,0.0462348826999445,0.04858259146429551,9.55571823347949,0.0,6.055404831683945,89.4346253993482,0.5742955334193383,435.6503854131866,0.3481551357041863,0.44117809004602715,1.3514469820801795,1.0
SUB00824,62.97055302627251,602.2031742168143,89.26774545264054,2.5575452807108987,2.6277278457728706,0.43307360571753795,0.4569077649346369,339.31171224951635,17.691762628365602,3.575656858317475,4.083333333333333,2.911783017693869,-1.1285847477201496,9.128800584434545,-0.19970287720745994,-0.002052455382441024,0.7130897186189067,0.08525150935702995,0.22401776503163404,88.30663432959349,0.2869102813810933,1.4176109492860312,34.03861937709295,3.559314826285901,21366.64616864349,0.43307360571753795,0.4569077649346369,2.3162457977920248,1.0
SUB00825,7.032558045447012,121.30688968095502,29.87098661050926,1.852874973599483,0.7003103374486647,0.31036849332856525,0.43611778900448694,37.795467641156456,18.9503842500271,1.0,1.6666666666666667,0.7590891947107531,0.08287441657374617,-1.1865784780258153,0.11828109905691427,0.005276064815824624,0.45545351682645185,0.061762499119982765,0.043252916600387985,15.44078108003002,0.5445464831735481,4.247527914803093,6.401289181288319,0.3711037176165415,265.79882004124704,0.31036849332856525,0.43611778900448694,0.8593488390910597,1.0
SUB00826,129.0632811392458,426.12629561799986,46.61731629989935,5.745665077337631,3.058677109788095,0.42234428606164426,0.39456204804983,636.9160107101742,14.4556125619238,4.443674371863225,1.3333333333333333,1.2499976504926609,0.2522834323164341,-5.984404605397439,0.12768840217830482,0.04074967394995762,0.9374982378694957,0.1915221692445877,0.5858044750853819,137.6677586429896,0.06250176213050429,0.36119735906608585,29.478259312263248,8.928247114148556,82202.4701523741,0.42234428606164426,0.39456204804983,1.8624087490783094,1.0
SUB00827,4.510639861662482,47.0003390870319,17.668433106236375,0.2601519722095795,0.3325730602838044,0.3564877197719923,0.4171840799617809,24.033340173192077,21.46068138018198,1.0,1.0,1.0,0.6656551852008353,2.572890677031024,-0.0015019691969897215,0.0,1.0,0.008671732406985983,0.0028839845845535696,4.510639861662482,0.0,3.917056924984549,2.1900674193147798,0.2101815772647305,108.40574219409449,0.3564877197719923,0.4171840799617809,0.9097872027667504,1.0
SUB00828,110.98578832183578,223.91501641130355,27.76833402649537,0.8090931272941714,0.8383609994308928,0.39676886973078557,0.3761182614894161,531.8266773653509,15.127321794063993,3.486153938787409,1.25,1.122734704836244,0.03465858376067232,3.520581313847311,-0.05039725966695465,0.019358821340419635,0.8981877638689951,0.026969770909805714,0.02261040409436694,123.56635526157488,0.10181223613100485,0.25019720494278924,14.802026390366633,7.336777113142853,59025.20303797608,0.39676886973078557,0.3761182614894161,1.2664381723506932,1.0
SUB00829,37.64699546602503,273.3296438172388,45.6754099656327,12.567448954894843,6.98833651846909,0.37780258371357767,0.3924637616373429,177.7248807227361,21.79045891894621,2.4546945810289635,1.6666666666666667,1.3700601128582388,-0.6163642563820856,2.6686023477338883,-0.14978172221012984,-0.01909370664459835,0.8220360677149432,0.41891496516316146,2.9275187491829278,45.797255065309194,0.17796393228505675,1.2132551190400573,12.543546918123239,1.7276825424402602,6690.807778768685,0.37780258371357767,0.3924637616373429,1.7017546717084628,1.0
SUB00830,4.013354057485926,1539.4611388320184,59.53823827728596,1.3725837199129958,0.7913068254774104,0.3720052966361011,0.4774130695921803,21.105001908162972,20.492476816309487,1.5024569254981621,1.0,1.0,-0.16907341569774284,-7.599565624371436,-0.01094254534816983,0.0,1.0,0.04575279066376652,0.03620449553687759,4.013354057485926,0.0,14.83503259978571,75.12323437676392,0.1958452408393987,84.70184504137407,0.3720052966361011,0.4774130695921803,1.4221898443484435,1.0
SUB00831,65.8452631747706,624.9347253619229,89.32973066124008,2.7142483393433783,2.565077582305815,0.3869848651547434,0.414218044336967,312.2776558251743,18.669510471618302,3.5955895319439173,4.0,2.9827998698438285,0.18311344498630672,-8.746818801433138,-0.10076671489683739,-0.026114240302820037,0.7456999674609571,0.09047494464477927,0.2320752522686829,88.29994105936188,0.2543000325390429,1.356661456787492,33.473546417403874,3.5268875032834766,20562.004431409034,0.3869848651547434,0.414218044336967,2.2786842684485054,1.0
SUB00832,4.66673330245719,112.9703644459645,31.071377545961738,0.7933917905778934,0.40134659661227773,0.34532794567749087,0.4478114667348823,28.409467060642132,20.104928054237217,1.0,1.5833333333333333,0.7426280776188671,-0.815668103735921,3.7206946497969353,-0.07815073569385408,-0.011306926869056105,0.46902825954875815,0.026446393019263114,0.010614169830951951,9.949791313101159,0.5309717404512418,6.658057260225612,5.6190384835600256,0.23211887602222242,132.5794060369592,0.34532794567749087,0.4478114667348823,0.9066653339508562,1.0
SUB00833,123.2011011372385,424.99074809004907,41.25924719143663,5.037704656267102,3.290349395264975,0.4140852746054398,0.43454184901557596,712.5286564149836,15.068468898192007,4.483255806054802,1.25,1.2203947936478787,-0.8780644242447165,-0.838830001803756,0.19430983641115646,-0.008454981258113326,0.976315834918303,0.16792348854223674,0.5525269489757336,126.18980122098279,0.023684165081697017,0.33489349373165384,28.20397685799661,8.176086234748164,87784.31506216306,0.4140852746054398,0.43454184901557596,2.0192337833100322,1.0
SUB00834,3.5964209084676604,55.66714039137148,14.099690156070386,0.05779645841803821,0.2469586663037069,0.3608257642336224,0.4394622623119524,17.046525108549186,14.639275587341523,1.0,1.0,1.0,0.40292997958564863,2.1986779477125906,-0.024816724473044643,0.0,1.0,0.001926548613934607,0.00047577787626654563,3.5964209084676604,0.0,3.920478307439796,3.802588458646578,0.24566932202420316,61.30647931710525,0.3608257642336224,0.4394622623119524,0.9280715818306468,1.0
SUB00835,107.45373799917336,256.1572124144528,31.368948435198664,0.7669614228244807,0.5711063603447486,0.4704856401966644,0.36926288645374866,628.3080832771419,18.712580677411676,3.5267870175788922,1.75,1.3951762196233044,1.4495185361317668,0.24919941814496216,-0.09974707133711613,-0.054222315437340074,0.7972435540704597,0.025565380760816023,0.0146005515571373,134.78157013694297,0.20275644592954034,0.29192980178539707,13.689037168650136,5.742325970510464,67514.0521632248,0.4704856401966644,0.36926288645374866,1.3777122575954253,1.0
SUB00836,35.77440145630016,310.987466440232,48.946639035264134,14.45159353692519,6.798424502571268,0.36198318837331267,0.417794318548838,190.11126626682778,18.156707002297303,2.637855304117116,1.4166666666666667,1.154105342457784,-0.32952610609616667,-1.7259967063953912,0.005922082862318804,0.006320689993429116,0.8146625946760828,0.48171978456417297,3.274935586754426,43.91315090454642,0.18533740532391718,1.3682028781125626,17.12796634328482,1.9703133091134728,6801.116760795072,0.36198318837331267,0.417794318548838,1.922367274991113,1.0
SUB00837,5.617526930447245,1427.931183573254,62.49924869626415,2.080276876178306,0.7163737084490073,0.3768902379170291,0.4252214712214833,27.253791053513577,18.451471827658292,1.5726557345458214,1.0,1.0,-0.3663526633432722,-12.159170363732056,0.1785131219900293,0.0,1.0,0.06934256253927687,0.04967518867961898,5.617526930447245,0.0,11.125758624763407,77.38847051934475,0.30444871731190104,153.09890519989472,0.3768902379170291,0.4252214712214833,1.4603051959368765,1.0
SUB00838,71.78430694569722,575.7346376958718,96.18777239992248,3.158114197012292,2.4446912815386264,0.4994012902133398,0.4242376566416688,370.2498343008365,20.91610176689378,3.684873856404675,3.9166666666666665,3.0340037914739537,-0.12707046394539687,-8.502990790644985,0.04097655763533713,0.014329282436951299,0.7746392659082435,0.10527047323374307,0.25735380811797703,92.66804576647954,0.22536073409175647,1.339955437233458,27.525905358098345,3.4320117460567223,26578.127752044784,0.4994012902133398,0.4242376566416688,2.24918771749073,1.0
SUB00839,10.468460678036081,127.78166488911644,32.60516695630765,0.5549059179813022,0.48403473760254395,0.3725266296678944,0.4323573595644437,50.25252614218354,17.92663511589105,1.0,1.5833333333333333,0.7057875276878126,0.8589939859488661,2.9387336989717756,-0.07395529993165316,-0.016380594955437994,0.44576054380282903,0.01849686393271007,0.008953124680139278,23.484493689658052,0.554239456197171,3.1146094883574125,7.128034015477032,0.5839612738453255,526.0665938914286,0.3725266296678944,0.4323573595644437,0.7906307864392784,1.0
SUB00840,130.88340464068514,408.0599752706173,43.21428415958213,4.591739454921346,2.916395038666737,0.47026812725840544,0.4073528671087443,706.2138081086387,20.923387569577994,4.583667861172803,1.6666666666666667,1.337904376201003,2.2073414883995435,-8.015692183341981,-0.03047566141636269,0.03656058895086387,0.8027426257206017,0.15305798183071154,0.4463775388394307,163.04529054152871,0.19725737427939824,0.33017390003124164,19.50257690890957,6.255363965583942,92431.66760952212,0.47026812725840544,0.4073528671087443,1.9659997683590995,1.0
SUB00841,0.4252457685052977,43.28488599662071,16.9916803965608,0.2159387932038966,0.13809836260439232,0.3203845929653593,0.4668105086941083,1.9905333681225532,17.62870162961596,1.0,1.0,1.0,-0.15958826173647897,-1.9614779916680076,0.0038919261928984377,0.0,1.0,0.00719795977346322,0.0009940264588075534,0.4252457685052977,0.0,33.9833607931216,2.4553643771418048,0.024122353275915172,0.8464658918627138,0.3203845929653593,0.4668105086941083,0.991495084629894,1.0
SUB00842,111.81112435831157,233.80623369185926,29.28858422409854,0.7092124798037945,0.6359162375568853,0.4672160038169602,0.44662625197247285,635.5328191622106,17.312983677938842,3.2566292080190853,1.5,1.2953684030972603,0.7054449073847252,-5.45871675723844,-0.08542510344360088,0.022654571108218228,0.8635789353981735,0.02364041599345982,0.015033324392840585,129.47412190729085,0.13642106460182646,0.26194696093243736,13.5046759149775,6.458223864716483,71059.63907713427,0.4672160038169602,0.44662625197247285,1.0204067208528538,1.0
SUB00843,39.87315307803609,332.99381183915455,44.28675318992699,12.265461891680184,6.232752495693454,0.3962345232688944,0.38045392380635157,239.55544271595167,14.755771561498669,2.590877257631357,1.5833333333333333,1.2668627098980851,-0.2918940428575547,-2.9213486647156786,-0.355072586427319,0.03318206227051361,0.800123816777738,0.4088487297226728,2.5482529405400873,49.83372853293309,0.19987618322226197,1.1106910231867795,22.567021348311933,2.7022072625517373,9551.830838089847,0.3962345232688944,0.38045392380635157,1.7934141960706351,1.0
SUB00844,6.593906316947497,1470.8021549162106,64.14796246948728,0.813519834428723,0.8251953634651632,0.3625954788633443,0.40943048270446064,32.264580276023416,17.588843261231982,1.4725264881068052,1.0,1.0,0.38610965876343595,-3.194556443298541,-0.10426006857903775,0.0,1.0,0.027117327814290767,0.02237709318191765,6.593906316947497,0.0,9.728370314363696,83.62131227572213,0.3748914137793981,212.74961969573042,0.3625954788633443,0.40943048270446064,1.3406483617678553,1.0
SUB00845,67.72459045866167,668.9327032586924,90.03108695322716,3.415127914284637,2.3992712812300008,0.3876028136244612,0.3868981447919184,375.1285821440894,19.12391110994999,3.6302586289218532,3.9166666666666665,2.962201296158233,-0.965009247866518,-9.313904328848498,0.16770939960892242,0.011925078201568436,0.7563067139127403,0.11383759714282123,0.27312727754900135,89.54646205411773,0.24369328608725965,1.3293707107491648,34.978864909628925,3.541356685318685,25405.429595046877,0.3876028136244612,0.3868981447919184,2.27576681974862,1.0
SUB00846,6.3271974777707,93.19808586138724,30.104268891563006,0.559719213323116,0.5593407299548963,0.381566886030589,0.4417730617942983,33.36692186260718,20.881996240557697,1.0,1.5833333333333333,0.777542101027481,0.09939112633939086,-1.681416341024597,-0.008580028112437237,0.006628554451041357,0.491079221701567,0.018657307110770533,0.010435791778331066,12.884270395003176,0.5089207782984331,4.757915174503108,4.463083164452202,0.3029977309105061,211.11910385006018,0.381566886030589,0.4417730617942983,0.873456050444586,1.0
SUB00847,124.16671235379938,431.7575407047653,42.031992656070635,4.330997272005537,3.1687714566181664,0.4790035017450498,0.4095102995387514,681.4514956109115,18.717771715356278,4.441892996620048,1.5833333333333333,1.355812163592205,-0.6765342270510021,-1.77910123907115,-0.1706782860120002,-0.00042125698490149094,0.8563024191108664,0.1443665757335179,0.4574646844740764,145.00334178983954,0.1436975808891337,0.33851256797639206,23.066716875841923,6.633626814239409,84613.59183858644,0.4790035017450498,0.4095102995387514,1.9585587495440602,1.0
SUB00848,3.195452740350985,58.89800454273907,14.25621910007043,0.08424588913395535,0.23353955966068754,0.378735647035543,0.38694947551441655,15.332057863314285,19.727700617296055,1.0,1.0,1.0,0.37324527549205666,-0.4890204272718753,-0.017739728764557067,0.0,1.0,0.0028081963044651785,0.0006558249283855678,3.195452740350985,0.0,4.461408213004753,2.9855483761295964,0.16197796197035783,48.9928663145475,0.378735647035543,0.38694947551441655,0.9360909451929803,1.0
SUB00849,103.32677747722869,233.5429503285652,25.227536517545825,1.5988144292243636,0.7485092459779348,0.45691360233884454,0.4205635985042014,545.8416762086716,19.277835599781927,3.4967219801735627,1.4166666666666667,1.2153259670879741,-1.5260503668386887,-4.077001615147226,0.1018507566354333,-0.06524752459306452,0.85787715323857,0.05329381430747879,0.03989091276257902,120.44472461722523,0.14212284676143006,0.2441529401524741,12.11458356513877,5.359874397849805,56400.06141541093,0.45691360233884454,0.4205635985042014,1.4301864306289889,1.0
SUB00850,37.377882685107664,317.0608436994195,51.45417928033398,13.500289095687696,6.825097147916574,0.28569629772528393,0.44167903481255294,204.3658638049421,17.075050056084,2.5148773088423453,1.5,1.335031455495341,0.20552002852784654,-6.865697286594592,0.30218153126274727,-0.03808102360123103,0.8900209703302274,0.4500096365229232,3.071359486767577,41.996631462783654,0.10997902966977262,1.3765942740473815,18.56866261931969,2.1890350284384423,7638.7632821418165,0.28569629772528393,0.44167903481255294,1.767319655140192,1.0
SUB00851,9.702994312196717,1470.8307094025683,60.14637142058569,0.7575907689376283,0.6300397875412047,0.34168212083319904,0.5108089678405763,61.08970313760657,21.956374426519492,1.5730254652607343,1.0,1.0,0.453403320712078,20.633003746318355,-0.11514454289141836,0.0,1.0,0.025253025631254276,0.01591041090348804,9.702994312196717,0.0,6.198743345132272,66.988778786085,0.4419215178111183,592.7530420779825,0.34168212083319904,0.5108089678405763,1.3789655790167998,1.0
SUB00852,61.40132594332957,659.0418388989361,86.45516337823649,4.262500916096987,2.858578446476532,0.44127925976420923,0.43324331236127916,290.6975037259108,20.4073284762104,3.347570482819101,3.9166666666666665,2.9276745191492517,-1.1030233652519963,-10.944725196811836,0.10161007568903961,-0.006774497909063938,0.7474913665912983,0.14208336386989956,0.40615644156137726,82.14319079473947,0.25250863340870167,1.4080341433999388,32.29437109650126,3.0087880446922504,17849.21217718691,0.44127925976420923,0.43324331236127916,2.1195439639525095,1.0
SUB00853,6.5675852341788525,117.43536020841418,22.60316387259081,1.2928317610343585,0.4670343738900023,0.4327975780109772,0.4539564463842629,36.81955659527966,16.29686260532422,1.0,1.4166666666666667,0.7438609007779121,-0.15604509618281076,-1.907633220948241,-0.01164991718737036,-0.0066469137160310885,0.5250782829020556,0.04309439203447862,0.020126562401993023,12.5078211155115,0.4749217170979444,3.4416247473972663,7.206010325573207,0.4029969076399533,241.81557622417125,0.4327975780109772,0.4539564463842629,0.868648295316423,1.0
SUB00854,117.96910750537859,440.93502045306786,43.48185773241223,5.999251769086513,2.6850623158494895,0.47942751499855696,0.44026509616073994,614.806831044443,16.35580508827037,4.398218912281055,1.4166666666666667,1.1283611712302797,-1.279488746154447,-3.750363081965989,0.21338702623276598,0.01790818832366621,0.7964902385154915,0.19997505896955042,0.5369454949489193,148.11117801675874,0.2035097614845085,0.3685868160902188,26.958930977313138,7.2126750636066586,72528.21314652303,0.47942751499855696,0.44026509616073994,2.0388367621734833,1.0
SUB00855,4.478205186265508,48.83018406109213,13.938703164773452,0.11785878909859404,0.23337059944330382,0.33575592289984457,0.44758503319206655,22.822938671278564,18.07948759789792,1.0,1.0,1.0,0.46530669382210993,1.0747742857951803,-0.04460022097246688,0.0,1.0,0.003928626303286468,0.0009168258753866938,4.478205186265508,0.0,3.1125646514641505,2.7008610612819335,0.2476953598389693,102.20580232353929,0.33575592289984457,0.44758503319206655,0.9104358962746899,1.0
SUB00856,108.95406006760129,227.93494288852114,27.78316084946981,0.505389481292306,0.6299657205372159,0.4683921841257977,0.398618727511292,576.1852201332556,20.047510656312816,3.3541702069960935,1.5833333333333333,1.2491270156427052,-0.274696460193285,0.5102657560287677,-0.15747540111425862,0.014432291410073572,0.788922325669077,0.016846316043076865,0.010612601624474577,138.1049268382644,0.21107767433092298,0.2549988576123878,11.369737958799691,5.434792475508297,62777.719084462806,0.4683921841257977,0.398618727511292,1.1750890056440677,1.0
SUB00857,37.77540251650259,301.71859247742634,47.7104091829508,13.014242648298477,6.565902500200406,0.3316263928607103,0.4408791989757153,211.19280584527414,17.265661719934627,2.6513836735573517,1.4166666666666667,1.2047705922932572,-0.2747338681901369,4.039835098303223,-0.24700194807584938,0.00043910829996056123,0.8504263004422992,0.43380808827661593,2.848341611422591,44.41937237460311,0.14957369955770083,1.263002006718737,17.475066833324284,2.187891963207398,7977.893249394811,0.3316263928607103,0.4408791989757153,1.8958756232273,1.0
SUB00858,5.560436023826408,1473.378160614032,56.25051069782986,1.0435495695200494,0.5403059909753143,0.3354936932190864,0.43183390029134183,31.81971352718648,19.287728155885763,1.6002285516957835,1.0,1.0,0.10145916541299169,7.264556489382693,-0.04204172069701032,0.0,1.0,0.034784985650668315,0.018794536143046433,5.560436023826408,0.0,10.116204998456423,76.38940930243368,0.2882888009871504,176.93148136440414,0.3354936932190864,0.43183390029134183,1.4890198312192553,1.0
SUB00859,65.62873002271853,546.930193310332,89.45374952627257,3.101845677558828,2.8391949551359783,0.4234099955252117,0.4478032946188237,290.2721807277315,18.769775098697366,3.5255438050605563,4.333333333333333,3.0562710686943846,1.24200188503788,5.0925206090337545,-0.18524437519640244,-0.015009786788950413,0.7052933235448581,0.1033948559186276,0.29355815331117885,93.05168194824746,0.294706676455142,1.36302728233971,29.13887835279866,3.4965112622619117,19050.19458208605,0.4234099955252117,0.4478032946188237,2.2129692046061855,1.0
SUB00860,7.155512878569201,104.71655765513815,25.859565609167323,1.121132381656337,0.6257715862834743,0.34453339728750093,0.39854552889654676,40.76496758870616,19.673553155561223,1.0,1.5,0.6974808884843351,0.29133012430813965,-0.8595485463126659,0.01946036825093039,-0.01320810862739168,0.46498725898955673,0.037371079388544566,0.023385759630095183,15.38862138743012,0.5350127410104433,3.6139360026332783,5.322706926762611,0.36371228023680696,291.69425057544305,0.34453339728750093,0.39854552889654676,0.8568897424286159,1.0
SUB00861,125.67921398161894,446.6376478992995,44.92461895601474,4.51335706994326,2.702095754909891,0.518375844557278,0.4252252458019143,501.20732320062484,17.876041358115174,4.445486935436168,1.5833333333333333,1.1454985719942172,-0.09942938369402463,-6.159074459356489,-0.03413747655525714,0.0009396908374924378,0.7234727823121372,0.15044523566477533,0.40651743263620754,173.7165751833295,0.27652721768786276,0.35745464610070793,24.985265974255523,7.030595390996029,62991.342421685775,0.518375844557278,0.4252252458019143,1.9319026558037895,1.0
SUB00862,3.8603029297175984,50.39624485769107,12.84917446502516,0.743121362456245,0.26205767882230063,0.33302707660148156,0.4635253309402847,18.18005102317417,18.89258431902059,1.0,1.0,1.0,0.40608630946086427,-1.023814536031545,0.11903942671852037,0.0,1.0,0.024770712081874834,0.006491355310951637,3.8603029297175984,0.0,3.3285404536801844,2.667514618788991,0.20432900362027975,70.18050422717467,0.33302707660148156,0.4635253309402847,0.9227939414056481,1.0
SUB00863,113.00904740516829,237.88992891316852,32.57221043572382,1.0077286770852427,0.6161526357738989,0.4753108301708496,0.416040634963069,671.8956028074056,18.132441906282473,3.5007237144213477,1.5,1.1646954262532865,0.12510590101724692,2.5541745328670427,-0.024212933781419244,-0.028291316880231038,0.776463617502191,0.033590955902841425,0.02069715601770055,145.54326160021196,0.22353638249780902,0.2882265728596362,13.119574856089578,6.232422968139402,75930.28202898621,0.4753108301708496,0.416040634963069,1.240542766317982,1.0
SUB00864,36.465725224250434,311.3725660586006,43.209913896218175,13.66990083309843,7.367819181919362,0.3227626169364643,0.4395446011826465,183.03781049494285,23.112281989459586,2.633315627195458,1.5833333333333333,1.3036172089060956,-0.28203592546335793,14.106528105830089,-0.037416257050105005,-0.020943320363325454,0.8233371845722709,0.455663361103281,3.357245252434603,44.2901473509843,0.17666281542772908,1.184945963106274,13.47216887543181,1.577763945632055,6674.606503157008,0.3227626169364643,0.4395446011826465,1.9040011227104492,1.0
SUB00865,3.9433554536587585,1429.36733687614,56.034826566093066,1.591423159475043,0.7146728493819284,0.3684427965568566,0.4155501691230969,18.62263840929403,22.614953052250637,1.3620841052942516,1.0,1.0,0.053506137906045255,4.896623821156713,-0.0025875875301240455,0.0,1.0,0.0530474386491681,0.037911564131814,3.9433554536587585,0.0,14.209935478705665,63.204523731429525,0.17436938491748566,73.43568273280468,0.3684427965568566,0.4155501691230969,1.2832169962210764,1.0
SUB00866,65.12198561276989,620.8925229274198,84.31981689093597,4.141461372552386,2.4817663061144994,0.4380491459769007,0.36929875934105677,332.22410399383006,16.20957944676085,3.519122431178468,3.9166666666666665,2.961338281355443,0.6787688223955286,0.6163507587513349,0.012609643180057207,-0.021764842354725717,0.7560863697077727,0.13804871241841285,0.34260464308250727,86.13035259178066,0.2439136302922273,1.2947980025105614,38.30404884757775,4.017500011438186,21635.093320501568,0.4380491459769007,0.36929875934105677,2.21668271892307,1.0
SUB00867,9.431032808963126,113.59893511091127,29.124246219851315,0.6471547834140948,0.45802190716563973,0.3076746960691535,0.43384627643807283,49.70001745613413,18.84223467484583,1.0,1.4166666666666667,0.7629851157894733,0.6407685249016997,1.0069860931480912,-0.12206137083220757,-0.011399021047565303,0.5385777287925694,0.02157182611380316,0.009880368937689675,17.510996658005965,0.4614222712074307,3.088129032079289,6.028952354710058,0.500526236495369,468.722495234841,0.3076746960691535,0.43384627643807283,0.8113793438207375,1.0
SUB00868,123.42468318371785,450.13061475862764,40.952977232273604,4.763767481009967,2.922822447307094,0.45819321998711754,0.4484624462515121,578.5746924240988,18.892813769735035,4.39165533643429,1.5833333333333333,1.1695839923887208,0.42610101126587846,10.80163816796666,0.07712230934539298,0.017736765377440823,0.7386846267718237,0.1587922493669989,0.4641215509082501,167.08711500211467,0.26131537322817633,0.33180540695668653,23.825493663612214,6.532890478253459,71410.3981105614,0.45819321998711754,0.4484624462515121,1.9231616727599334,1.0
SUB00869,3.6214643361941357,38.789240052754785,15.983724478933134,0.14762832300728226,0.26900161887898794,0.34766683409152405,0.4308806347024487,18.531291705839024,20.50879694202747,1.0,1.0,1.0,0.3390877916870253,-4.011680309870077,-0.040539761715926347,0.0,1.0,0.004920944100242742,0.0013237419293783022,3.6214643361941357,0.0,4.4136081416531985,1.8913464384283936,0.17658102259391345,67.11041201630621,0.34766683409152405,0.4308806347024487,0.9275707132761173,1.0
SUB00870,111.03731560411289,234.55488345382767,32.02155694817327,0.5360666858195476,0.7311788884768283,0.4094720075400711,0.4333424191614053,610.9372966272915,19.51934650146454,3.489016429180738,1.5,1.2335037843962726,2.05856884803089,-2.542977978299873,-0.10259814704371102,0.03276854361576931,0.8223358562641817,0.017868889527318254,0.0130653547828998,135.02672266845835,0.17766414373581826,0.2883855465521284,12.016533618901072,5.688577514405092,67836.8374199281,0.4094720075400711,0.4333424191614053,1.26827011709848,1.0
SUB00871,35.4129776281054,313.1292189713834,51.53409143429294,13.356076160129662,6.759618507414196,0.33927817688940615,0.4293387554227375,167.7486341515058,18.444999004740783,2.5883287776965425,1.4166666666666667,1.2860793638837196,0.2232702289072243,13.350026735190726,-0.03356839331915382,-0.021234677585217864,0.9078207274473314,0.44520253867098875,3.0093993199481996,39.008778448672224,0.09217927255266858,1.4552318072624615,16.976374945366064,1.9199229893698266,5940.478628352513,0.33927817688940615,0.4293387554227375,1.8800692251344344,1.0
SUB00872,8.682441933675774,1493.6700870025397,62.54409626035215,1.0138296950631565,0.7065468557985654,0.353129943255801,0.4553575629772863,41.185970708243055,21.508296397657972,1.4273464743361812,1.0,1.0,0.89339232592705,1.870973126654308,-0.10227953023236384,0.0,1.0,0.03379432316877188,0.023877272778736382,8.682441933675774,0.0,7.20351448798848,69.44622946358433,0.4036787374113554,357.5947991563916,0.353129943255801,0.4553575629772863,1.2536976356626657,1.0
SUB00873,58.521076528800826,602.2866505710814,87.0331570691698,4.04650161900247,2.1969661689268145,0.5102708644063242,0.4124783826897289,219.16307683910688,18.10239411435384,3.378906821174651,4.166666666666667,2.9843366394052246,-0.22884717311157501,6.046198997441897,0.04924224847754194,-0.0025605707293816808,0.7162407934572539,0.13488338730008234,0.29633423864853364,81.7058691202478,0.2837592065427461,1.4872104587197215,33.27110473710841,3.2327810431658874,12825.659191988829,0.5102708644063242,0.4124783826897289,2.2084852905986345,1.0
SUB00874,9.228600349020958,113.93857378441216,29.123092653632725,0.48904653903139644,0.5167202301233971,0.41625435821246054,0.4314657542956861,52.802774019268746,17.29716694219108,1.0,1.5,0.6623452252412304,-0.014857234044623345,-0.8955878166324173,-0.0977632450705402,-0.0017716356309929549,0.4415634834941536,0.01630155130104655,0.008423341339645136,20.899826851608637,0.5584365165058464,3.1557431844713406,6.587123438491786,0.5335324784610043,487.29569874349835,0.41625435821246054,0.4314657542956861,0.8154279930195808,1.0
SUB00875,124.8102215134496,429.7428732142925,44.198474625560884,5.956019864507776,2.786845314632394,0.49357044285204016,0.4515178803519128,660.4811043000672,18.067349998659846,4.523058135471971,1.5833333333333333,1.3050881683192885,-0.6816167877135266,-4.3560872586657355,0.16327054652350467,0.027615276966905793,0.824266211570077,0.19853399548359255,0.5532835351086988,151.41979588816199,0.175733788429923,0.35412544012509456,23.7856062591453,6.90805356196163,82434.7929331392,0.49357044285204016,0.4515178803519128,2.026853705202979,1.0
SUB00876,1.0201626932853245,59.15033605779252,14.724547972743771,0.40179832047594016,0.21620710421221687,0.3446456351124938,0.4163927131560283,5.007340309489411,14.981393132762422,1.0,1.0,1.0,-0.14972165699985987,4.334754175928013,0.021815002008622728,0.0,1.0,0.013393277349198006,0.0028957217115811768,1.0201626932853245,0.0,14.433529151438526,3.9482533789489964,0.06809531558546161,5.108301776324888,0.3446456351124938,0.4163927131560283,0.9795967461342935,1.0
SUB00877,111.29036328265363,230.22675453721638,29.96414120546883,1.39481659753858,0.77651719387599,0.4416717087854376,0.44805657405270805,599.848916198761,17.14734716537951,3.490781423964183,1.6666666666666667,1.3291453699593332,0.8298936327127409,2.0303238059262876,0.08418368444420189,0.011050550438342277,0.7974872219755998,0.04649388658461933,0.03610330234307714,139.55128084304116,0.20251277802440013,0.2692429094634757,13.426377405015986,6.490237948138639,66757.40379846617,0.4416717087854376,0.44805657405270805,1.2649741583111105,1.0
SUB00878,41.223190241649434,301.86968723846013,48.41403819010521,13.188704847911147,6.791161119269794,0.3356948825713211,0.432987385858882,259.44508786596634,17.997982920710587,2.383272519792436,1.5833333333333333,1.287700407274164,-0.5491756640928698,8.049433514006376,-0.10459719000300274,0.011801117463910894,0.8132844677521036,0.43962349493037156,2.985553985888641,50.68729562189872,0.18671553224789636,1.1744369590588013,16.77241769637938,2.290433901579782,10695.154214360184,0.3356948825713211,0.432987385858882,1.5588087149594474,1.0
SUB00879,2.41589477225507,1485.3727001116465,62.96691201951952,1.2427585788815823,0.6350624841093673,0.3380134850900067,0.42903302542829064,9.256314778425109,16.805777157120392,1.5815448685514737,1.0,1.0,-0.30777148712496755,2.134875425786438,-0.012604320696381429,0.0,1.0,0.04142528596271941,0.02630764500842549,2.41589477225507,0.0,26.063598772037693,88.38464810193638,0.1437538264174523,22.362282483544565,0.3380134850900067,0.42903302542829064,1.5332269731063723,1.0
SUB00880,63.80784039560865,630.269235570311,90.49583290443536,3.709246397867446,2.235822160674058,0.48667379463221244,0.39822627243944214,321.8089238438633,14.794677391983393,3.577544884692142,3.5833333333333335,2.8681702243545715,-0.3256432329674902,14.235573030374143,-0.008802473075147758,-0.016989474756528924,0.800419597494299,0.12364154659558153,0.2764405098584153,79.71798865914589,0.19958040250570103,1.418255693083501,42.60108002840448,4.312891636973673,20533.932450511806,0.48667379463221244,0.39822627243944214,2.301388076779969,1.0
SUB00881,8.926368330158354,118.0702791352324,31.468197476102443,1.2676681736009698,0.5606095612356474,0.35770094510267475,0.4265520766829076,38.06593457598452,21.436196832524914,1.0,1.4166666666666667,0.7281151584096879,0.8880403121449909,2.768219896170064,0.13378704276568815,0.010109287753808956,0.5139636412303679,0.04225560578669899,0.023688896619827808,17.36770388813825,0.48603635876963214,3.5253079765692568,5.507986330676234,0.41641567298050136,339.7905528569481,0.35770094510267475,0.4265520766829076,0.821472633396833,1.0
SUB00882,126.25824324903256,414.8177968077403,43.95621332467558,5.369378782683281,3.1310589194158482,0.448072941046588,0.3649376190075058,655.6515291530737,14.327897971195377,4.581472431212697,1.5,1.156370440596701,-0.8047055055495813,0.01076496437118539,0.023724721743367518,-0.03553274740008477,0.7709136270644673,0.17897929275610938,0.5603947109747566,163.7774178798817,0.22908637293553266,0.3481452948618655,28.95175535460154,8.81205627670301,82781.41025440894,0.448072941046588,0.3649376190075058,2.056307566232046,1.0
SUB00883,0.8872003477375984,43.9424278391157,15.074421697871536,0.9390981160372033,0.24500803016637862,0.30896370332019857,0.43643650686138374,4.22005500056819,20.25091822281369,1.0,1.0,1.0,-0.07248768614644102,0.29311047683894115,0.0964755386835859,0.0,1.0,0.03130327053457344,0.007669552651441081,0.8872003477375984,0.0,16.991000664406865,2.1698980439125135,0.04381037629879528,3.7440342639758892,0.30896370332019857,0.43643650686138374,0.982255993045248,1.0
SUB00884,112.47813776235795,218.85490099207195,35.20261716010341,0.9948752934883229,0.8366319891739842,0.48368161287198386,0.44489301024419375,533.3234714109509,15.982171322277992,3.625792964090184,1.3333333333333333,1.134454470374712,1.732452605731584,-3.267160002030008,-0.009414587101014577,-0.019064986726235956,0.8508408527810339,0.0331625097829441,0.02774481652570623,132.19644707316903,0.149159147218966,0.3129729728854415,13.693690086215259,7.037725694103376,59987.2308892599,0.48368161287198386,0.44489301024419375,1.3762302088430247,1.0
SUB00885,39.617394594025235,296.84738661039074,53.429825968184566,13.823319915828305,7.486104979789722,0.3533365095789498,0.427599927007916,199.97299343297007,17.457560302184493,2.533442401776667,1.5833333333333333,1.297455241582455,-0.09724599853261823,-11.764562483223889,0.25069320699904685,-0.061654408806730905,0.8194454157362874,0.46077733052761016,3.4494274686369573,48.346593724523125,0.18055458426371263,1.3486456268944653,17.0039445072543,2.269354589545244,7922.408988982393,0.3533365095789498,0.427599927007916,1.7410945098961623,1.0
SUB00886,4.694586843184989,1386.3928538054558,63.5968250316539,1.5330287759333903,1.1146746299263472,0.31575967239452174,0.42765877884945686,18.573867798094874,18.937107246759258,1.4547820196028844,1.0,1.0,-0.4607235416960047,0.7861254207389082,0.05593181587494702,0.0,1.0,0.051100959197779676,0.05696094278266643,4.694586843184989,0.0,13.546841746888926,73.21038190997793,0.24790411661149472,87.19663539199352,0.31575967239452174,0.42765877884945686,1.3608902827391847,1.0
SUB00887,62.03596550617396,629.5425116121841,83.61983704628508,2.5748585005961746,2.3301383294482645,0.46638466371513626,0.40752312404593277,341.1730326538581,19.087999613455366,3.602165284959914,3.75,2.929908140877862,-0.22056502867914313,0.38498717078538264,0.008968122270374497,0.038519341296784367,0.7813088375674299,0.08582861668653916,0.19999254950482778,79.40005606402734,0.21869116243257014,1.3479251328483484,32.981062676070664,3.2499982587197898,21164.998485351505,0.46638466371513626,0.40752312404593277,2.361445974836435,1.0
SUB00888,3.5104125236377115,106.78552766884019,30.311050801884154,0.9635434870719605,0.6467297175115687,0.3365485486300935,0.4203848548593321,17.88439254574698,18.292797345385864,1.0,1.3333333333333333,0.7094279153177991,-0.8908705906796357,0.5515663877546272,0.06144120669608965,-0.01531035643710844,0.5320709364883494,0.03211811623573201,0.020771740240138694,6.597640056805806,0.4679290635116506,8.63461219950125,5.83757233257578,0.19190135097206282,62.781595570243134,0.3365485486300935,0.4203848548593321,0.9297917495272457,1.0
SUB00889,122.65725485810884,426.2604042457828,42.657503607469785,4.819571540094315,3.2185830988376605,0.4086136717401431,0.42837723988656345,668.4835162539454,18.748484427924705,4.519210595417481,1.4166666666666667,1.2286538461231284,1.2843175185422457,-4.323609419831462,-0.0724048462666599,-0.00317406790935866,0.8672850678516201,0.1606523846698105,0.5170730500862185,141.42668818448251,0.13271493214837995,0.3477780719682372,22.73572596678238,6.542249072432674,81994.35302160493,0.4086136717401431,0.42837723988656345,2.066065498255304,1.0
SUB00890,1.879503628831421,36.610411679541784,16.270616876234985,0.46704071312330564,0.3300930294509287,0.3425182985028532,0.3959851969359005,9.17349986070535,18.015312878546325,1.0,1.0,1.0,-0.08766161316339449,3.1682999474763567,-0.0033425214876234774,0.0,1.0,0.015568023770776854,0.005138896129059802,1.879503628831421,0.0,8.65686909386348,2.0321829504909448,0.10432811472675796,17.24162627728024,0.3425182985028532,0.3959851969359005,0.9624099274233716,1.0
SUB00891,107.59207305668015,226.6300280577898,32.95726813461942,1.2782026508545041,0.4849037053207268,0.46043824353223856,0.45110153857595425,519.3027256314185,16.04690660477143,3.4203603833809826,1.4166666666666667,1.2416142254119886,0.346120448961317,3.7489573644822873,0.10928169614034153,0.0198968074067842,0.8764335708790507,0.04260675502848347,0.020660173385004144,122.76124127555588,0.12356642912094926,0.30631688002941754,14.122972959187226,6.704848211971798,55872.85679466871,0.46043824353223856,0.45110153857595425,1.2685189222473796,1.0
SUB00892,37.92506446168053,296.99877916422264,46.25785365425893,12.426829565543116,6.972707715634235,0.34527740732734075,0.42753732481095946,213.9961056236294,16.545614398862043,2.5357206726438055,1.3333333333333333,1.2102939859085877,0.38868705955938554,3.7340498104845152,-0.07279873383986155,0.03302681349177619,0.9077204894314408,0.41422765218477053,2.888288346417804,41.78055348892173,0.09227951056855915,1.2197172057808325,17.950302237470815,2.2921520801481328,8115.81610032474,0.34527740732734075,0.42753732481095946,1.7772193834101948,1.0
SUB00893,1.4755901821244117,1550.6211847185216,56.05964269136405,0.7272182626966798,0.6999401930678952,0.348397367694622,0.42887482497861473,6.763260505155838,19.002781640126305,1.3866719714520837,1.0,1.0,-0.30039583289730987,-10.007436694553618,-0.022834756252503984,0.0,1.0,0.024240608756555992,0.016966976373147112,1.4755901821244117,0.0,37.99133619244797,81.59969493330532,0.07765127285410432,9.979800800557744,0.348397367694622,0.42887482497861473,1.3571601678095955,1.0
SUB00894,60.86296372408662,620.8619384212442,88.05047210751297,3.28728251403631,2.365318137434047,0.40927118875708834,0.38456261953790527,330.520189772034,17.228098050629757,3.415885456032498,4.166666666666667,3.006127342440285,0.6902708178051024,-8.270386467310713,-0.10038877922193376,0.019178197784175708,0.7214705621856683,0.10957608380121034,0.2591822984439959,84.3595940210014,0.2785294378143317,1.446700369483763,36.03775278017698,3.532773237372063,20116.43832017353,0.40927118875708834,0.38456261953790527,2.1986261815507655,1.0
SUB00895,6.618486865369495,111.5576394752948,31.76860542042138,0.5834901848841417,0.47722123506345165,0.33661152235396813,0.39035105381146074,34.91571757507025,17.76468858535562,1.0,1.5,0.8171739814393947,-0.41056177275341443,-3.7607040456997907,-0.0815449630031448,0.009042742022180968,0.5447826542929298,0.019449672829471392,0.009281796889260396,12.14885755487129,0.45521734570707023,4.799980126371047,6.279740786858358,0.37256419292514176,231.08921816555332,0.33661152235396813,0.39035105381146074,0.8676302626926101,1.0
SUB00896,124.11411934416118,394.81683124105143,41.21836542553709,4.820464101574511,2.852251957723436,0.4096036283333646,0.37296163939615185,616.0184142778455,18.85103859563741,4.634398036809836,1.3333333333333333,1.1099309296907391,-1.6500558781230774,-5.516893247139933,-0.08063393221689191,-0.028039365321472578,0.8324481972680544,0.16068213671915035,0.4583059390283814,149.09530677281955,0.1675518027319456,0.33210053492174385,20.944036013613687,6.583940652102013,76456.58298788144,0.4096036283333646,0.37296163939615185,2.1521156499266123,1.0
SUB00897,4.5238721567387135,59.1043477652382,13.315546194079223,0.06630462314104474,0.24067030027328132,0.3831803739961535,0.39089457557726925,19.773303035409537,20.507624625688432,1.0,1.0,1.0,0.6126644159744539,2.101596980922078,-0.009194951650123902,0.0,1.0,0.002210154104701491,0.0005319184520287332,4.5238721567387135,0.0,2.943395775286117,2.8820669796736196,0.22059464415356925,89.45189504864629,0.3831803739961535,0.39089457557726925,0.9095225568652258,1.0
SUB00898,114.4236262988809,243.79465495056866,30.011138049484405,1.8203116783431021,0.9140897026133677,0.44233322806734116,0.4084523541369187,560.7171981575215,18.564232235969587,3.5683618848267824,1.3333333333333333,1.1071573092730191,0.7194508384787149,-6.713812768426068,0.03244156174725325,0.02491540580475635,0.8303679819547644,0.06067705594477007,0.055464272024009546,137.79869742751512,0.1696320180452356,0.2622809556052142,13.132493272638461,6.163660572893318,64159.295141331786,0.44233322806734116,0.4084523541369187,1.2798893588491644,1.0
SUB00899,43.1457090043194,293.74492377957114,43.24462202118105,12.901708521330827,6.813655128769342,0.3974014596719058,0.46919137172536707,214.8494518492564,18.92361185675475,2.544935565209618,1.6666666666666667,1.3903309905738939,0.10374311807067459,0.06145337502959402,0.17576851223154552,-0.05257563876145937,0.8341985943443363,0.43005695071102756,2.930259747875097,51.721148053757005,0.16580140565566373,1.0022925342784783,15.52266692020104,2.279993340114858,9269.83192922555,0.3974014596719058,0.46919137172536707,1.68202138512323,1.0
SUB00900,5.315497788710258,1485.2627084228725,54.24393454196803,0.8105706185266385,0.6178759294427613,0.33077627915063695,0.4118946603775651,20.079977483011078,19.571640406402768,1.6736187503156608,1.0,1.0,0.04963237364028055,-11.91525765789455,-0.04664610548219077,0.0,1.0,0.027019020617554616,0.016694402476704687,5.315497788710258,0.0,10.204864473310161,75.88851407350484,0.2715918379008904,106.73507590829715,0.33077627915063695,0.4118946603775651,1.5673087945414557,1.0
SUB00901,63.78151062756669,609.3155898811527,89.0054403309854,2.901428330922242,2.4490650218468826,0.42958303834843864,0.44015559762000284,287.0239731218123,15.833477486766947,3.4895943357817747,3.9166666666666665,2.8454505503153324,0.5148494299597102,8.71323415963466,-0.033653588508978184,-9.817130568535898e-05,0.7264980128464679,0.09671427769740808,0.2368595546219082,87.79309715888479,0.27350198715353213,1.3954740089288007,38.48273952392309,4.02826925928767,18306.822592035285,0.42958303834843864,0.44015559762000284,2.213964123230441,1.0
SUB00902,5.433883053646845,123.91481266678439,32.11761327923453,1.4746646653886717,0.592607069144712,0.3670543604564384,0.4544728703298371,27.711511172735328,17.786157332060107,1.0,1.8333333333333333,0.722938338158746,0.08512135308640549,-0.8077372254618598,0.06286188014351808,0.004704227146039678,0.39433000263204326,0.04915548884628906,0.029129890177574936,13.78003960484159,0.6056699973679567,5.910619158003303,6.9669243532117,0.30551191874661426,150.5811109524717,0.3670543604564384,0.4544728703298371,0.8913223389270631,1.0
SUB00903,127.04390378512643,436.5556223333759,43.25291810503341,4.115369559560941,3.060558397316473,0.456656088301564,0.4443459971746147,718.6529933807725,18.499359446927407,4.511180042435704,1.6666666666666667,1.2830279760308219,-0.46953059255635254,-2.237087515034716,-0.1322740994767306,0.019945621905581235,0.7698167856184931,0.13717898531869804,0.41984429545249446,165.03135052200204,0.2301832143815069,0.3404564628161026,23.598418290417303,6.867475825290123,91300.48174595996,0.456656088301564,0.4443459971746147,1.9703019667331758,1.0
SUB00904,5.571787646780973,46.71464346820512,14.453485472970813,0.06706779655985252,0.25762067566167596,0.3378160620960866,0.3752121205452322,33.93798064690579,15.848091054078283,1.0,1.0,1.0,0.681804892167639,-1.2856842520561396,-0.021932187556067538,0.0,1.0,0.0022355932186617507,0.0005759350354963011,5.571787646780973,0.0,2.5940481563975477,2.9476511277478914,0.351574686677936,189.09522132512143,0.3378160620960866,0.3752121205452322,0.8885642470643805,1.0
SUB00905,112.51903936503273,236.80950466430681,29.7407114103825,0.7141434525269532,0.8458065921192754,0.47419242202826317,0.3665396773838188,559.1895606975419,16.24971687656756,3.507583787829797,1.5,1.2429534535189706,1.657515913994135,-7.672290973937075,-0.05587004441353543,0.054167362716986064,0.8286356356793138,0.02380478175089844,0.02013424132887053,135.78831819463068,0.17136436432068627,0.2643171464866323,14.573146502373293,6.924369219459299,62919.47219264207,0.47419242202826317,0.3665396773838188,1.2572030005291421,1.0
SUB00906,34.831044212443636,323.13098095367053,48.62069960027356,10.840831638027447,7.244551417899483,0.3352105979781416,0.4734122185510006,181.49202553410973,15.21327825416327,2.4295223152870853,1.5,1.2406796333779795,-1.4884398963966554,6.534132613208479,-0.10520491390143129,-0.03958952207900438,0.8271197555853197,0.3613610546009149,2.6178987404827105,42.11124686266875,0.17288024441468033,1.395901291495116,21.240062500351783,2.2895160155840677,6321.556765584525,0.3352105979781416,0.4734122185510006,1.7329014310382127,1.0
SUB00907,7.300748732255272,1473.8538338760088,50.64318286280574,0.7698159529251162,0.6889250006714155,0.31467423309369613,0.3947333167195779,39.3118402956466,18.995338510820915,1.512519036769663,1.0,1.0,-0.4042032153460771,21.65836081525354,-0.19046013647519044,0.0,1.0,0.02566053176417054,0.017678181862860066,7.300748732255272,0.0,6.936710838856875,77.59029053556539,0.38434422887996,287.0058682010636,0.31467423309369613,0.3947333167195779,1.3665040621245577,1.0
SUB00908,60.04857376966143,620.8900078276062,99.49493742904916,2.8480011656507886,2.3081945883154447,0.39561631873756076,0.40259646534777666,287.0173626853153,17.47989733704131,3.6626445182352225,4.25,3.0647624877889315,-1.160095444450302,0.0976815561419619,-0.2061724810505128,0.02221377888812876,0.7211205853621016,0.09493337218835962,0.21912469593570763,83.27119623066758,0.2788794146378985,1.6569075863599838,35.520231947351895,3.435293275001888,17234.983276382824,0.39561631873756076,0.40259646534777666,2.461673042841994,1.0
SUB00909,8.249024705233467,105.83257451488903,27.910726098157664,1.2253111767135794,0.49736537540401454,0.35716833618400873,0.43622481035707383,44.7306016526398,19.7462203224655,1.0,1.25,0.76505824649127,-0.09857408206605055,2.055703891421422,0.07773479529327629,0.01944895074706877,0.612046597193016,0.04084370589045264,0.020314245113096138,13.477772351100974,0.38795340280698404,3.3835183061641376,5.3596370741636115,0.4177520847292713,368.98383811258265,0.35716833618400873,0.43622481035707383,0.8350195058953307,1.0
SUB00910,130.33108113667984,449.9084934917612,39.2337285588023,4.750207376824814,3.1873414842314762,0.5038219959515086,0.4646506677746209,656.2469007114811,18.74463060145029,4.629463083942064,1.5,1.203604672941135,-0.13830624471509748,-5.954140011679982,-0.02259983055923355,-0.0035336466767003183,0.8024031152940899,0.15834024589416046,0.5046844343618703,162.42594109185632,0.19759688470591005,0.30103125222798843,24.001993053784233,6.952982104997898,85529.36806232273,0.5038219959515086,0.4646506677746209,2.0228414612084675,1.0
SUB00911,0.4754928792758557,35.05004964405517,13.063183869041582,0.04381480706883273,0.2788392551114573,0.34606423428940375,0.47214843147436886,3.3173796493136636,16.881023449951414,1.0,1.0,1.0,-0.1794567519578605,-2.077203710172612,-0.015566359649537597,0.0,1.0,0.001460493568961091,0.00040724293886418436,0.4754928792758557,0.0,26.126367738083164,2.076298854033998,0.02816730162632552,1.5773904011032824,0.34606423428940375,0.47214843147436886,0.9904901424144829,1.0
SUB00912,112.28843531798275,227.6861736716414,31.451630268445204,1.0230454221288323,0.6413997297976158,0.48412718534176835,0.4393075728261752,521.5814239078288,20.910914625114035,3.4604727837624587,1.5,1.2630457278983187,0.09226984126244302,9.8886331859192,-0.027174336250882735,-0.022724248816310962,0.8420304852655458,0.03410151407096108,0.02187270191080403,133.35435864008065,0.1579695147344542,0.28009678983752206,10.88838904244724,5.369848107127949,58567.561981535575,0.48412718534176835,0.4393075728261752,1.214704077402804,1.0
SUB00913,42.71853160979001,319.73542006028083,47.03247484730417,13.82800668743603,6.943330134078259,0.39506842333287917,0.4714750542701403,224.01734066035263,17.433144841082598,2.4205780589751797,1.4166666666666667,1.2367991165646963,0.3978724089740477,3.348974888640898,0.26309639396159057,-0.04966461819965369,0.8730346705162562,0.4609335562478677,3.200413850903676,48.93108263905377,0.1269653294837438,1.100985288467301,18.340662168239362,2.4504202769611814,9569.691848140372,0.39506842333287917,0.4714750542701403,1.5662074267793795,1.0
SUB00914,1.9516527961266463,1566.089196025788,56.85241484271967,0.7265705270849542,0.7684327098847815,0.37277795141847964,0.44155309501373535,10.284841414848866,16.367061251359544,1.379894519376785,1.0,1.0,-0.4756075962137517,-6.250028450756127,-0.03163397396775069,0.0,1.0,0.02421901756949847,0.018610685301676845,1.9516527961266463,0.0,29.13039396943554,95.68542403393886,0.1192427135301721,20.072439505008923,0.37277795141847964,0.44155309501373535,1.3408614634542522,1.0
SUB00915,64.58045589141042,568.8929077746874,97.14625316547408,2.555468596661151,2.674147773376801,0.4652716815242514,0.4034176662537044,262.7613596849096,17.798849377973344,3.339569822302702,3.9166666666666665,2.891908673363815,-1.1176234471006918,12.926379259956411,-0.12411930471079782,0.0026505194713481706,0.7383596612843782,0.0851822865553717,0.22779002192319184,87.46476720988872,0.2616403387156217,1.5042670700377496,31.962341817371122,3.6283500421847967,16969.248399098335,0.4652716815242514,0.4034176662537044,2.0479607044744936,1.0
SUB00916,6.614726774740935,113.87741392035917,29.970650722648468,0.5058021426628712,0.5434066632596405,0.2883009475772553,0.4257642943940638,28.328634648141094,20.22415935070063,1.0,1.5,0.8139239265204798,0.4280802253801551,-5.455944523591132,0.035686861521630496,0.007465053589495349,0.5426159510136532,0.016860071422095706,0.00916187515380025,12.190439227567962,0.45738404898634677,4.530897759389656,5.630761306101659,0.3270705427126581,187.38617809891264,0.2883009475772553,0.4257642943940638,0.8677054645051813,1.0
SUB00917,126.60381971435555,454.3178748291196,41.93596548223472,4.836115564988972,3.0740058016407947,0.43912093864057816,0.44799091425949006,784.300483467749,17.238764748767064,4.4502922020514015,1.5833333333333333,1.3357201918819832,0.9092516444001648,-2.858462611097223,-0.1507636355224532,-0.01420122597934675,0.8436127527675684,0.1612038521662991,0.49554157680604843,150.07338295801858,0.1563872472324316,0.33123775867782623,26.354433246826048,7.34413524167446,99295.4370108328,0.43912093864057816,0.44799091425949006,1.9182158077642906,1.0
SUB00918,5.049258478095232,41.018459009184916,16.60567143097198,0.8778730027064405,0.26637296189599213,0.34180530077584176,0.3832421210150871,31.49104658537912,17.94420145022693,1.0,1.0,1.0,0.6502310946928856,-0.01920777454285002,0.1307771663590994,0.0,1.0,0.029262433423548017,0.007794721063314762,5.049258478095232,0.0,3.288734673222009,2.285889351106576,0.2813866357943377,159.00643395531742,0.34180530077584176,0.3832421210150871,0.8990148304380954,1.0
SUB00919,108.5207076825849,256.24187593557184,27.077161874661968,0.3168471824859603,0.8955887726095293,0.46913038514835487,0.46339145373602353,672.5773987036673,19.090576848461126,3.533487915364931,1.6666666666666667,1.3809516091371246,-0.9410607249867105,-1.6632184858735786,-0.06278021800502022,-0.08217896534438476,0.8285709654822747,0.01056157274953201,0.009458825975579625,130.97334109386728,0.17142903451772531,0.2495114753016602,13.422427094246094,5.684516950116814,72988.57527863403,0.46913038514835487,0.46339145373602353,1.363073761713233,1.0
SUB00920,41.739540692354225,277.59072477792233,47.928121446312474,13.288733279723772,6.57508112730086,0.3984103120661881,0.48056688086719596,192.7142489166616,17.838896317164053,2.4292057053783034,1.75,1.3756906349889475,0.003589939675677712,-0.7975308198799749,-0.10960975469207437,-0.017235359346885686,0.7861089342793985,0.4429577759907924,2.912483313108221,53.09638253967379,0.21389106572060143,1.1482666232379473,15.560980894924134,2.339805106226986,8043.8042346534785,0.3984103120661881,0.48056688086719596,1.5944148915312188,1.0
SUB00921,4.84593645268579,1494.8768910921945,64.40537547342177,1.9629133916343904,1.0270528116613398,0.4168218213475858,0.4318139501308113,22.576560313462835,20.302083689441027,1.6466068645943253,1.0,1.0,-0.13239526650660396,-3.7957207229279097,0.08464027060382671,0.0,1.0,0.06543044638781301,0.0672005239308599,4.84593645268579,0.0,13.29059431592959,73.63169780792843,0.23869158096349136,109.40457659926888,0.4168218213475858,0.4318139501308113,1.5496881355406094,1.0
SUB00922,59.001414657168816,609.5250744276279,89.69632981503186,4.0715598241467115,2.5965863482447467,0.45742870125252516,0.4092526673424019,211.42351050319863,14.934497296697694,3.5649686759069126,4.333333333333333,2.960003642313934,-0.39678713023994583,-6.134095639554809,0.17631576442653205,-0.0014433305479659223,0.6830777636109079,0.1357186608048904,0.3524052218480378,86.37583859453076,0.3169222363890921,1.5202403253585977,40.813230088595326,3.950679656972128,12474.286211473509,0.45742870125252516,0.4092526673424019,2.3849403827635363,1.0
SUB00923,9.013025113114294,124.81439577346639,34.42024872284333,1.0749774686245221,0.4456869779447193,0.3585966002205778,0.35422103896913576,36.86134357938257,17.593391520090247,1.0,1.6666666666666667,0.8135185813729641,0.2681139361258572,-1.317088165773114,0.004298568068833968,0.0029033322919384983,0.48811114882377843,0.03583258228748407,0.015970115311664253,18.465108069818427,0.5118888511762216,3.8189451700029733,7.0943908473211845,0.5122960574612427,332.23221538410945,0.3585966002205778,0.35422103896913576,0.8197394977377142,1.0
SUB00924,125.59765165677653,452.2280859064799,45.559120201135066,5.937122025830301,3.0834147056799366,0.4831827710594156,0.4468903638142681,534.0526802339363,18.88040064042819,4.500425589288768,1.5,1.2574930363361314,0.34359744759965793,-5.102203728432873,0.2103862127077705,-0.02168530603535298,0.8383286908907542,0.1979040675276767,0.6102203121287135,149.81910200797796,0.16167130910924574,0.3627386308594007,23.95225051200099,6.652276826575228,67075.7624983898,0.4831827710594156,0.4468903638142681,1.988472556153237,1.0
SUB00925,4.623205554892897,59.1313676358542,16.611411494350463,0.1465746248705091,0.21340801050362843,0.33217701555959767,0.40010932265720084,23.392782061116165,16.050583224071836,1.0,1.0,1.0,0.6015986338056427,0.5558695096400502,-0.01388881874734726,0.0,1.0,0.00488582082901697,0.0010426733027977,4.623205554892897,0.0,3.593050600306974,3.684063489180382,0.2880397235633938,108.14963996935117,0.33217701555959767,0.40010932265720084,0.9075358889021421,1.0
SUB00926,105.71189629026152,202.41403908477454,33.96139486992476,1.597346692110141,0.7192402547048838,0.4916500959542061,0.4162989911760151,553.8792048337895,17.67342184200949,3.5174366919289235,1.4166666666666667,1.2981450786907798,-0.5836505041236246,2.2180456847012087,0.10461662072849726,0.024039657804479624,0.9163377026052563,0.0532448897370047,0.03829586805617671,115.36346915521442,0.08366229739474373,0.32126369937281485,11.453019165968135,5.981405142437428,58551.62105872207,0.4916500959542061,0.4162989911760151,1.403198766123693,1.0
SUB00927,37.70785062658397,306.9838207852569,52.478833051288255,13.475451723584621,7.053347508090572,0.3793648078235372,0.4002312645776493,176.79864997381415,17.85981641332094,2.480290750051692,1.5833333333333333,1.2102135683716064,-0.9868621090562026,-1.3075180547900924,-0.07251120306635213,-0.024681301257915435,0.7643454116031199,0.44918172411948737,3.168234794498013,49.33352127737173,0.2356545883968801,1.3917216754404658,17.188520513362594,2.1113235295329886,6666.6970841942875,0.3793648078235372,0.4002312645776493,1.7261337375200125,1.0
SUB00928,3.6168990215277597,1422.3508357631006,60.48124528922629,0.8018876000773724,0.3983754319597872,0.365643333170595,0.4515973776319766,20.084093585788853,18.985508417335335,1.5610165754427188,1.0,1.0,-0.3608700893211971,-28.69587331376114,-0.014272838782953531,0.0,1.0,0.026729586669245745,0.010648410635467342,3.6168990215277597,0.0,16.721850659706647,74.91771115617725,0.19050840999471114,72.64213843871165,0.365643333170595,0.4515973776319766,1.4886785950121635,1.0
SUB00929,65.41732260282195,623.2763832350115,93.52773825735477,4.222753070340349,2.4415212780003572,0.4038999643383739,0.47433293743314014,354.65072369242375,18.571508196734207,3.522895064508376,4.083333333333333,2.8913236309418675,-0.09353016277469589,-14.246793364724944,0.20929319563577667,0.021266150760591147,0.7080792565571921,0.14075843567801163,0.34366471576591007,92.3870061112829,0.2919207434428079,1.429709051610134,33.56089212746946,3.5224561144864674,23200.300803111557,0.4038999643383739,0.47433293743314014,2.214548612451937,1.0
SUB00930,4.430497852284202,118.2646652305453,29.345299178407128,0.5496644432256975,0.5679915748922063,0.34668412883097255,0.4579177384967847,21.54196336276074,18.51663744006991,1.0,1.4166666666666667,0.8053799046433309,-0.9695181281993067,2.2742621868686177,-0.08932820165464435,-0.00822074538173961,0.5685034621011748,0.01832214810752325,0.010406825759000388,7.793264505213727,0.4314965378988253,6.623476673908727,6.3869406966202815,0.23927118876868148,95.44162241269643,0.34668412883097255,0.4579177384967847,0.9113900429543159,1.0
SUB00931,130.39020153008488,425.46608519870415,45.52841710658632,4.869796751012544,2.9644414775224384,0.4574965342213997,0.43007116494406755,566.8039821480935,17.9131282734439,4.562864658841761,1.5833333333333333,1.3038054078517602,0.08994299076558554,-3.3341210368857523,0.06529213021561124,-0.009715741241476224,0.8234560470642697,0.1623265583670848,0.48120758252685314,158.34506528301455,0.17654395293573033,0.3491705402118085,23.751635041292868,7.279030191693963,73905.68546034454,0.4574965342213997,0.43007116494406755,1.9550606282400635,1.0
SUB00932,0.2126357243540351,53.84190000766191,14.461300140752812,0.08163397462703181,0.261526085263654,0.3232015085297559,0.43349591577848656,1.6967625606078185,16.88452904525704,1.0,1.0,1.0,-0.0703474026041576,5.375344997902385,-0.025766470186994923,0.0,1.0,0.0027211324875677273,0.0007116471269573364,0.2126357243540351,0.0,28.922600281505623,3.1888304295218948,0.012593524153625456,0.3607923361316509,0.3232015085297559,0.43349591577848656,0.9957472855129192,1.0
SUB00933,114.00945224411443,236.03590090234525,26.942750326463152,0.5394382060189858,0.6713527899115044,0.4036745512093631,0.39838966978383983,641.8232235107267,19.443296089396586,3.5434661856133425,1.3333333333333333,1.1883774654614971,0.4392269118049041,-4.684633426494034,-0.1293370484664327,-0.03442042804023344,0.8912830990961229,0.017981273533966193,0.0120717781531901,127.91609350579502,0.10871690090387709,0.23632032078159582,12.139706139180156,5.863689557568871,73173.91415000978,0.4036745512093631,0.39838966978383983,1.263277140731054,1.0
SUB00934,43.72912963744935,280.4385526304527,45.024580803641385,12.554701194263357,7.401895073826142,0.37133088313820894,0.41204830411244964,208.02218374613187,17.859396861462457,2.47746338708532,1.5833333333333333,1.326469764655979,0.1980683237227838,-2.6485270896053996,-0.4780874960075063,0.02937765087131738,0.8377703776774605,0.4184900398087786,3.0976193641059044,52.197034894787066,0.16222962232253949,1.029624444321952,15.702576901440128,2.448522196839098,9096.629040499909,0.37133088313820894,0.41204830411244964,1.602880794336333,1.0
SUB00935,5.024376285901474,1496.3184882151083,59.8494154467553,1.5762747228852587,0.745643544280897,0.30945727661268,0.4260049406991904,24.237741671041316,15.858666670146887,1.5850733089253575,1.0,1.0,-0.15842122883512205,-10.536729850003505,0.10046779385760667,0.0,1.0,0.05254249076284196,0.03917796903775177,5.024376285901474,0.0,11.911809952350556,94.3533601744622,0.3168221131326003,121.77953447578597,0.30945727661268,0.4260049406991904,1.484585783207328,1.0
SUB00936,65.8453117549612,593.5695264186359,88.55590624938795,3.996926622263207,2.42318942292987,0.3984237853170807,0.39549757921276685,360.6137383366642,17.566040467096958,3.4525412704084224,4.083333333333333,2.972377046317417,0.4778558207393031,-2.6590912337725325,0.008815970739786173,-0.03627132840605537,0.7279290725675307,0.13323088740877356,0.3228436771765005,90.45566970242511,0.2720709274324693,1.3449082993021988,33.79074114798119,3.7484435879728504,23744.724023899656,0.3984237853170807,0.39549757921276685,2.1356350353091984,1.0
SUB00937,7.488396805305548,136.1203820070254,31.77950591367826,0.9682322755427882,0.5157687826803486,0.3523670169711403,0.41549832282356136,30.542929021980132,20.114937411886462,1.0,1.4166666666666667,0.7308852093292936,0.4293312841577067,2.108934621087923,0.07276893709147521,0.022866907077812176,0.5159189712912661,0.03227440918475961,0.016646132736950925,14.514676183671323,0.484081028708734,4.243833057986778,6.767129284060719,0.3722803930217775,228.71757211287013,0.3523670169711403,0.41549832282356136,0.8502320638938891,1.0
SUB00938,128.8771198611087,449.27277778142724,40.01727479585498,5.467964678140416,3.1463638804542047,0.5263134721280224,0.4445881109678675,644.579223752183,18.051418662109608,4.550608047879083,1.5833333333333333,1.3322561341650103,0.7406059518022919,-13.694174183572786,0.10526064403761136,0.013607345417022958,0.8414249268410592,0.1822654892713472,0.5734735520966802,153.16532200317488,0.15857507315894082,0.310507209029669,24.88850246016743,7.139445506940963,83071.51387949049,0.5263134721280224,0.4445881109678675,1.9730656506569093,1.0
SUB00939,1.2802382610939687,49.82948667133877,15.660992487455694,0.0809784081767036,0.3010444787752635,0.39507700009638724,0.384927168879129,6.959021980044696,20.60166334958844,1.0,1.0,1.0,-0.037272709337946686,-0.757927806782297,-0.01846056308150635,0.0,1.0,0.0026992802725567867,0.0008126034227202092,1.2802382610939687,0.0,12.232873335681527,2.418711820778016,0.06214247070101474,8.909206198647128,0.39507700009638724,0.384927168879129,0.9743952347781206,1.0
SUB00940,108.73843460415505,230.15984622403462,29.63126783725163,1.3655327648537263,0.6303938149026087,0.4602325968634972,0.4292865922201863,475.99629412773015,17.56024767045167,3.489313357881446,1.5,1.2440119927441369,0.7572159345702244,-7.772682130093359,0.12297409978549435,-0.056416513263125356,0.8293413284960912,0.045517758828457544,0.028694113633688248,131.11421180630037,0.17065867150390876,0.2725004083893569,13.106867883835186,6.19230643239317,51759.09190082834,0.4602325968634972,0.4292865922201863,1.314544665798345,1.0
SUB00941,46.46242723992643,308.0292199495497,44.904046473534244,13.277584485131193,6.862809925937538,0.3711178304210488,0.4141594075540498,210.34830381805054,18.934041714999232,2.501442024293971,1.4166666666666667,1.1927195885866313,0.8313408075788731,3.6116059664430726,-0.09185146979548442,-0.0022570924170044566,0.8419197095905632,0.4425861495043731,3.0373846199010868,55.18629236334392,0.15808029040943677,0.9664593337247559,16.268540261297414,2.45390962686639,9773.292761188111,0.3711178304210488,0.4141594075540498,1.5721934794954422,1.0
SUB00942,9.46968904133803,1561.7965659440877,57.76266534341542,1.6580450301552014,0.6826429227162838,0.35744314656510023,0.4175890238030913,41.8330151994648,18.95427077889785,1.4543060947377897,1.0,1.0,1.059453957827273,-0.05429192202893981,-0.0286580454257365,0.0,1.0,0.05526816767184005,0.03772842351267852,9.46968904133803,0.0,6.099742567180831,82.39813518348939,0.49960714140903884,396.1456456004991,0.35744314656510023,0.4175890238030913,1.264912313911029,1.0
SUB00943,69.92560600029246,630.8543177552589,82.74577818288236,3.486459744596847,2.524021256254539,0.44913645680858433,0.43467809570514276,352.3747600966074,14.723338871608236,3.5117585171329218,4.083333333333333,2.9610660346370774,1.2078821790410017,9.260519707511213,0.012598728173228843,0.0018560156263719815,0.7251590288907129,0.1162153248198949,0.29332995014794044,96.42796023274887,0.2748409711092871,1.1833401655830666,42.84723208889577,4.749303579172084,24640.01863896295,0.44913645680858433,0.43467809570514276,2.1132463971270727,1.0
SUB00944,8.973144534937168,115.42953300684502,29.679272190154006,1.226472103494545,0.4906573167954758,0.370307847039739,0.4171864614730958,49.33490471345425,16.279147654697766,1.0,1.3333333333333333,0.740270380086464,0.7454258705533297,-2.0866389383990605,0.08656480941535213,-0.003559614699704912,0.555202785064848,0.04088240344981817,0.020059250380837886,16.16192277185551,0.444797214935152,3.307566491835387,7.09063738810274,0.5512048127622785,442.68923061117795,0.370307847039739,0.4171864614730958,0.8205371093012567,1.0
SUB00945,121.03161289487117,408.49063296864074,43.457700175412775,4.8395061096478225,2.834982246594595,0.47040129245768353,0.4486395118261974,687.4348964195368,19.36160698476635,4.44673425818855,1.75,1.4631642620621388,-0.7766172472460758,3.0367788425284146,-0.24363423990432267,0.008697655418592236,0.8360938640355079,0.16131687032159409,0.4573304634379218,144.7584034532887,0.16390613596449213,0.35906073740552735,21.09797153149735,6.251114021170787,83201.35427387524,0.47040129245768353,0.4486395118261974,2.0261020002911265,1.0
SUB00946,4.803215699184906,42.327351482918395,13.098807997017735,0.3125830356740511,0.32955746628566546,0.3614742727294116,0.4376330689907422,26.26545873637875,17.215047711468547,1.0,1.0,1.0,0.5706310200337774,0.12725839294958077,-0.03112939085618432,0.0,1.0,0.01041943452246837,0.003433802441354069,4.803215699184906,0.0,2.727091352412212,2.458741456448024,0.2790126277712862,126.15866374886777,0.3614742727294116,0.4376330689907422,0.9039356860163019,1.0
SUB00947,109.70930816432387,221.60522433504062,31.791495557408837,1.6844042020189545,0.602290607953834,0.4806099232201911,0.4347795641097396,558.384455864179,18.274627692574803,3.5854765403368614,1.5833333333333333,1.2708735989777369,-0.8403520143874238,-11.035827340093086,0.13121464718996467,-0.010653070136358972,0.802657009880676,0.056146806733965146,0.033816694362466294,136.6826761789988,0.19734299011932405,0.2897793823454904,12.12638791131605,6.003367620392073,61259.97234257152,0.4806099232201911,0.4347795641097396,1.391290377050384,1.0
SUB00948,41.295571957431136,310.2166245626072,45.90285053944427,12.5327289371089,6.976572117155246,0.3894958358027519,0.45456403851839927,196.98201589098917,19.916181596800886,2.5450933640505156,1.4166666666666667,1.1051288097539487,0.11848503753533655,5.2631253660135435,-0.05994948022986805,0.01895953715674476,0.780090924532199,0.4177576312369633,2.9145162418166217,52.93687012471663,0.21990907546780097,1.1115683441014566,15.57610945927692,2.0734683381308594,8134.485011546187,0.3894958358027519,0.45456403851839927,1.7191819249018927,1.0
SUB00949,3.2335086344114834,1508.3571756713272,59.49798388286228,2.0983247595592425,0.578985067403713,0.3873025125166906,0.36289648050831386,16.509311915590917,16.448815979347376,1.4975497546300038,1.0,1.0,-0.2317176442524811,-13.070251451450764,0.2081252941353942,0.0,1.0,0.06994415865197474,0.040496623411609596,3.2335086344114834,0.0,18.4004407007533,91.70004561818759,0.19658002366075325,53.38300262725562,0.3873025125166906,0.36289648050831386,1.4328795819417741,1.0
SUB00950,63.17480112169731,604.2214446658321,94.41702996040625,3.5604260902813234,2.405363246372526,0.44363873118073754,0.492624703125472,294.55894636911654,18.23712959339998,3.514599203122179,4.25,2.9424790242506202,-0.02506232964952748,2.1670408170735174,-0.02655493866134842,-0.02578911645207305,0.6923480057060283,0.11868086967604412,0.28547060196628415,91.24717714363057,0.3076519942939717,1.4945362436286143,33.13138954084638,3.464075900659294,18608.70285548564,0.44363873118073754,0.492624703125472,2.251103180688233,1.0
SUB00951,8.564132998828553,90.25726327752774,26.646807192013913,1.3163679972366333,0.545337489274174,0.33322066345769275,0.40494030225966987,38.90789718976946,16.485786618832005,1.0,1.3333333333333333,0.7584590189515619,-0.5404606605227112,-2.572455790854594,-0.04317295193091791,-0.0013186907551272756,0.5688442642136714,0.043878933241221114,0.02392882728579662,15.055321003661666,0.43115573578632854,3.1114424770912366,5.474853300262013,0.5194858575353385,333.21240623793335,0.33322066345769275,0.40494030225966987,0.8287173400234289,1.0
SUB00952,117.04289679970374,427.14051065604195,43.62881301768714,3.9833609180428264,3.086188697868245,0.46134330840128196,0.4164500377570521,549.1130979446722,21.375172906633637,4.494959280494424,1.6666666666666667,1.29654992776007,-0.819714111949952,6.8486070535403885,-0.2634288232607926,-0.0024797773883557545,0.777929956656042,0.13277869726809421,0.4097801148264616,150.45428678799894,0.222070043343958,0.37275916959189254,19.98302013844678,5.475646784750934,64269.78765410388,0.46134330840128196,0.4164500377570521,2.154101344500349,1.0
SUB00953,3.961676355108608,40.89481711277214,15.81193626522913,0.0474947973427848,0.1537469129722939,0.33188268645533525,0.4261968714685653,19.30555185076395,16.182492529221438,1.0,1.0,1.0,0.37090530452343623,-2.4495595062132858,-0.012067288579622231,0.0,1.0,0.00158315991142616,0.00024340594912326233,3.961676355108608,0.0,3.991223625534058,2.5271024867724527,0.24481249399342128,76.48234828949477,0.33188268645533525,0.4261968714685653,0.9207664728978279,1.0
SUB00954,109.15049502858574,212.06086696532307,34.57902616374226,1.0654531814037493,0.8402075457295092,0.42167368293796786,0.43568871659067127,461.5869265338276,17.957483897181646,3.5530086679113047,1.4166666666666667,1.175403698645781,1.5678329690415196,-5.141609056125069,0.006351906560728627,0.007433294664995054,0.8296967284558453,0.035515106046791645,0.02984006008789806,131.55468894246036,0.17030327154415464,0.31680136819064597,11.809052324897541,6.078273306747414,50382.44152989072,0.42167368293796786,0.43568871659067127,1.36999876733959,1.0
SUB00955,39.45786820962391,297.3846465366494,46.76736911328344,12.718574918710159,7.115428202315768,0.4003424158069812,0.3708822155904746,190.19260836312642,17.57013515925107,2.351101794065244,1.25,1.022413538300449,-0.44471709451325786,-1.3330015366536991,-0.18706182218245784,0.0020921196220182016,0.8179308306403591,0.4239524972903386,3.0166035556618747,48.241081924656505,0.18206916935964088,1.185248246682438,16.92557534937742,2.2457350414204673,7504.594875236857,0.4003424158069812,0.3708822155904746,1.5619444298727658,1.0
SUB00956,3.561492437681728,1552.4509465471174,62.258540416195125,0.7664572382982787,0.9610399014255094,0.34958285890761814,0.4308474668005878,13.972433181379081,20.12214351445922,1.4627333967018756,1.0,1.0,-0.551112717427004,16.556866305680824,0.03906979567211664,0.0,1.0,0.025548574609942625,0.024553199624701535,3.561492437681728,0.0,17.48102558283709,77.15137035135291,0.17699369031547446,49.76271511149485,0.34958285890761814,0.4308474668005878,1.3915035479482412,1.0
SUB00957,65.29558566707674,604.518321949867,86.15925182037881,3.2553163292902365,2.3211186824479326,0.4087017819019057,0.4506690199607366,250.9703681809913,17.81619258461346,3.5003277452619757,4.0,2.7991290205343087,-0.4246299433672024,3.152705328482031,-0.02110316108577823,0.0101017201537578,0.6997822551335772,0.10851054430967455,0.2518658516397798,93.30843299908035,0.30021774486642283,1.3195264417977635,33.93083674184938,3.664957333446639,16387.25717545971,0.4087017819019057,0.4506690199607366,2.194416031920441,1.0
SUB00958,8.332913495311146,117.1277280420634,30.4303145859743,1.802442371019368,0.47193126718780687,0.4120059325920096,0.4187936922515612,49.16407925528214,15.525918683966985,1.0,1.5,0.7440263387259313,0.614478682049848,2.859387877030134,0.1334260387544864,-0.022126132982246884,0.49601755915062085,0.060081412367312265,0.02835429707293885,16.799634088721387,0.5039824408493792,3.6518217311504744,7.544012720034188,0.5367098504719223,409.6800195108873,0.4120059325920096,0.4187936922515612,0.8333417300937771,1.0
SUB00959,119.03028663953006,404.01140725074123,40.91205126545291,4.764879074232041,2.905824865559525,0.475312436120051,0.44863851574039537,701.9038934838503,18.473166499818117,4.483747773451356,1.1666666666666667,1.111136794028199,0.514478831401848,-12.028485008570017,-0.1580396887950367,0.03284066044835514,0.9524029663098849,0.15882930247440136,0.46153013650959046,124.97891213077237,0.04759703369011512,0.34371127231971216,21.87017625022321,6.443415461052766,83547.82163478488,0.475312436120051,0.44863851574039537,2.1031420406607544,1.0
SUB00960,0.3545101437833578,44.94243668892389,9.50651126200579,0.3760108979332206,0.2760127665548882,0.36368625029079354,0.36664137436953026,2.936353038921009,19.27145129537311,1.0,1.0,1.0,-0.13126977952023053,0.8419678032694973,0.031150798956284677,0.0,1.0,0.01253369659777402,0.003459460273111197,0.3545101437833578,0.0,19.01302252401158,2.3320732829143043,0.018395612159654642,1.0409669380265867,0.36368625029079354,0.36664137436953026,0.9929097971243328,1.0
SUB00961,116.31339411371768,225.92985060602237,28.40739433235645,1.1345880400241106,0.8241215956471767,0.4162970968082365,0.3827398380701264,602.7510065070146,16.84865796740112,3.4593333296527597,1.25,1.1923466154054219,0.2628927076529629,6.119799250881333,0.11682538903511246,0.021215104544391513,0.9538772923243375,0.03781960133413702,0.031167950198229093,121.93748089997385,0.04612270767566251,0.2442314967146691,13.409367739742402,6.903421883141167,70108.01537229039,0.4162970968082365,0.3827398380701264,1.133065447378406,1.0
SUB00962,40.45804059609559,286.99277253843485,45.69120730568138,11.69596297123775,6.704886272413829,0.3197436185215748,0.39778559637173583,201.98057290692773,17.02428960149322,2.481871237684788,1.5,1.3034770075097721,0.3593587383358821,2.473711640217983,-0.2181918661390204,-0.04556860952693524,0.8689846716731814,0.38986543237459165,2.6140033856170817,46.557829976673695,0.1310153283268186,1.1293480018429467,16.8578413112323,2.3764892129505935,8171.738218291128,0.3197436185215748,0.39778559637173583,1.672710425762876,1.0
SUB00963,7.141783333318557,1440.864108900192,58.92943471374908,2.2225903227970503,0.675185969055211,0.33664837342479986,0.40313014088743077,35.54233111058191,18.54016013831444,1.5210604397749343,1.0,1.0,0.3731640464684879,22.224994539752394,0.23024948300935444,0.0,1.0,0.07408634409323502,0.05002206003034869,7.141783333318557,0.0,8.251361314592902,77.71583946152401,0.3852061298305401,253.83562795284354,0.33664837342479986,0.40313014088743077,1.3782247731085633,1.0
SUB00964,64.54285458187157,662.1975053268488,97.98304962658557,4.312807323553497,2.3381026773116655,0.45202979111214825,0.4363210010733693,337.29326055005544,17.966674122066884,3.3282244212494976,4.0,2.9721702989844743,0.21644572451462885,2.080508537122107,-0.030771430954246896,0.029047546257429516,0.7430425747461186,0.1437602441184499,0.3361262116643263,86.86292922572365,0.25695742525388143,1.5181083988514275,36.856988712982215,3.592365183637369,21769.869867127545,0.45202979111214825,0.4363210010733693,2.0373673296120662,1.0
SUB00965,7.491648684080356,144.40269432832025,27.29333436098401,0.9372314631562851,0.47060166422759475,0.3459071837005943,0.45711629999314124,34.162897044610425,19.17277469934857,1.0,1.5833333333333333,0.787127377578225,0.15423211748212773,1.6166826595118802,-0.06908545124171012,0.015999822228680727,0.4971330805757211,0.03124104877187617,0.014702089544260381,15.069704625981455,0.5028669194242789,3.6431679476617673,7.531653430070641,0.3907441046774987,255.93642268862837,0.3459071837005943,0.45711629999314124,0.8501670263183929,1.0
SUB00966,122.62686795046032,413.28127568551054,38.64937993436702,6.310118902900194,3.0140357257533594,0.45803029509081444,0.43929574503003127,607.5639810002701,17.911705827091758,4.470836042409277,1.5833333333333333,1.252904466134922,1.2661551384783436,-4.986376852973885,0.11382536770861154,-0.017094722407410362,0.7913080838746877,0.2103372967633398,0.6339641269030926,154.96728827792393,0.20869191612531238,0.31517872535063746,23.07325051422046,6.8461859040240105,74503.66806957612,0.45803029509081444,0.43929574503003127,2.018298683400071,1.0
SUB00967,0.1903093776687241,53.676299146364066,18.569296943701833,0.14088672598295163,0.30121422320559194,0.3573766889255916,0.4101966797983066,1.60859460151861,20.37579684371543,1.0,1.0,1.0,-0.08148545717390238,3.216107321867197,0.004793051318253161,0.0,1.0,0.004696224199431721,0.0014145695242311286,0.1903093776687241,0.0,37.138593887403665,2.63431656479828,0.009339972278307329,0.3061306375362759,0.3573766889255916,0.4101966797983066,0.9961938124466255,1.0
SUB00968,104.96779849955384,229.88024674673457,31.166320080260217,0.8628685630333625,0.7505746177747284,0.4072925778362713,0.4481317905307906,497.53724823462215,15.483954251652364,3.4423229486200584,1.3333333333333333,1.1714859254026064,-0.8894905334306226,-0.3209502106681686,0.02319102408918764,0.01123557947267959,0.8786144440519549,0.028762285434445416,0.021588241396286508,119.46969368665057,0.12138555594804512,0.2969131536124642,14.846352747535597,6.779133856479345,52225.38961871432,0.4072925778362713,0.4481317905307906,1.3429669786289815,1.0
SUB00969,43.07530911837072,317.3125265747272,52.21267265923049,12.506951419682915,7.119765953214642,0.3863630718948065,0.3973024649422612,231.31996994281312,16.761317934364595,2.453099093915958,1.5,1.229127473285513,0.5844645442204284,3.200304447101071,-0.06318600421736542,0.01742946003360663,0.8194183155236754,0.4168983806560972,2.9682188965455985,52.56815511969862,0.1805816844763246,1.212125315589735,18.931239644596374,2.569923754626498,9964.179210538898,0.3863630718948065,0.3973024649422612,1.5915929115485437,1.0
SUB00970,4.451910062044925,1519.6211691926874,55.63845100932783,0.8294488911035844,0.9195999606397302,0.34627377462650527,0.4149069773681168,21.542965702057135,15.008658822072045,1.5945565819964536,1.0,1.0,-0.15844946267611082,1.5621611975197962,-0.042227223039067084,0.0,1.0,0.027648296370119483,0.025425372253717472,4.451910062044925,0.0,12.497658360998214,101.2496311101363,0.2966227772129681,95.90734577527687,0.34627377462650527,0.4149069773681168,1.505518380755555,1.0
SUB00971,70.27297626071547,640.9378781773257,85.53338844443176,3.8885247930775577,2.2335460051186726,0.4820400080082052,0.45745200628195026,362.4690283808646,17.7675458942242,3.5527161544510135,4.0,2.953798209798379,0.983024246089114,-1.851420611502714,0.03425980949759128,0.012076506172576605,0.7384495524495948,0.12961749310258525,0.28950663391277637,95.16286661371113,0.26155044755040524,1.2171590417218074,36.07351752420008,3.9551312645580117,25471.777426653098,0.4820400080082052,0.45745200628195026,2.147256629236704,1.0
SUB00972,6.461172205652791,112.37853320947414,26.89068237715281,0.4272599096885173,0.49574635579945087,0.3410598944552945,0.45664718698413465,32.751479139901924,16.54685339514124,1.0,1.4166666666666667,0.7235061809061843,0.35613868653466735,-0.14760502431498587,0.00760356183935507,0.0068223019255066655,0.5107102453455419,0.014241996989617244,0.007060418106909498,12.65134636427985,0.4892897546544581,4.161889131143497,6.791534953858513,0.3904773947867349,211.6129467127515,0.3410598944552945,0.45664718698413465,0.8707765558869441,1.0
SUB00973,131.24753713832334,453.39042877709767,38.66230542509208,5.679704147225224,2.9686652614943596,0.45014661480092294,0.38822179411131835,517.6253708147584,18.360241257831177,4.535535107288161,1.5,1.192711993559164,0.28763502581346384,-6.07529479879841,-0.0469367112984792,0.013547209447497701,0.7951413290394426,0.18932347157417415,0.5620380132477657,165.06189823748034,0.2048586709605574,0.294575473704664,24.6941433072789,7.148464733944738,67937.05507974839,0.45014661480092294,0.38822179411131835,1.9105843645216942,1.0
SUB00974,1.8681554838076895,33.71165674167216,12.345959365476533,0.1641507885556268,0.21681503034525382,0.37205068342148295,0.40680846219719685,10.161298577324898,21.07393938667342,1.0,1.0,1.0,0.17189945801075562,-0.9242851669372372,-0.0008092412035879782,0.0,1.0,0.005471692951854226,0.0011863452733961854,1.8681554838076895,0.0,6.608635883086615,1.5996846210438702,0.08864766333099827,18.982885659836782,0.37205068342148295,0.40680846219719685,0.9626368903238463,1.0
SUB00975,113.93445201074097,220.39619680958435,30.853706608313928,0.9048917125569348,0.7367630358606493,0.45801722147060103,0.47681419439601047,712.7081240322788,18.628373867196114,3.561428897884895,1.4166666666666667,1.2293851043501343,0.6936392791944421,-11.85467047957719,-0.10724446120517048,0.05318400657091755,0.8678012501295065,0.03016305708523116,0.022223025508952977,131.29095169399437,0.13219874987049351,0.2708022557163416,11.83120965795592,6.1161780852689125,81202.00955522088,0.45801722147060103,0.47681419439601047,1.2827398576700757,1.0
SUB00976,32.04648754888364,306.3078536090052,47.47496396373513,12.312821672991019,6.768933775145396,0.34523441305828567,0.44084384918716674,154.25261772553688,16.292905998806507,2.5551679736907045,1.5,1.2373091805950578,-0.9730345464649232,5.475216699311201,-0.10532825974164105,-0.0006043025635871111,0.8248727870633719,0.4104273890997006,2.778155816321705,38.850217938419675,0.17512721293662814,1.481440482090804,18.80007493024528,1.9668982041160195,4943.254593324125,0.34523441305828567,0.44084384918716674,1.9142382227130317,1.0
SUB00977,4.567708383025017,1533.6554994215442,63.71813867750512,2.1204141626242268,0.8084199173781571,0.3374699999718178,0.45871228017915433,25.782204469504688,16.268006225722743,1.496915122069366,1.0,1.0,0.08447685840254267,2.96355801428696,-0.028802344586373724,0.0,1.0,0.07068047208747423,0.05713950140520506,4.567708383025017,0.0,13.949694974902723,94.27433688810308,0.2807786227548045,117.76559148822162,0.3374699999718178,0.45871228017915433,1.4055609544088656,1.0
SUB00978,60.631513899575275,638.108209855996,86.24288269766163,3.362998318149804,2.6640588414558146,0.4403500717228295,0.45145937212885223,355.776962514841,18.724394094600477,3.588848492209739,4.25,2.899167582184569,0.5294458479160589,21.26630708035511,-0.03901694110042147,0.0032155993932637935,0.6821570781610751,0.1120999439383268,0.29864084677560065,88.88204174766122,0.317842921838925,1.4224101816178758,34.0789777566157,3.238102850925333,21571.29584786725,0.4403500717228295,0.45145937212885223,2.376218214218233,1.0
SUB00979,7.754905573853532,120.16117579219112,27.851615397252996,0.8579060607224638,0.5050000388691599,0.3447745292518322,0.4038071250609934,33.49780809260438,16.64392794090159,1.0,1.75,0.7112371899291571,0.24555063026171545,-3.4731132239478955,0.03703162798456242,-0.02230784447887028,0.40642125138808977,0.028596868690748792,0.014441419800364402,19.080954914063803,0.5935787486119103,3.591483498027056,7.21952030907928,0.4659300137196733,259.77233868921365,0.3447745292518322,0.4038071250609934,0.8449018885229294,1.0
SUB00980,123.30422693126927,462.20432871067436,41.0115272655475,6.180643508218935,3.1661594886321276,0.3759315135594843,0.4031478713993004,667.5645176322406,19.785382359614147,4.460614336044646,1.5,1.2133138071542588,-0.09480489605401142,1.1017101674627243,0.030625415503014928,-0.0503761744617219,0.8088758714361726,0.2060214502739645,0.6522967696466648,152.43899748467038,0.19112412856382743,0.33260439067030234,23.360899491845263,6.232087138379364,82313.52677338911,0.3759315135594843,0.4031478713993004,1.9945297974192604,1.0
SUB00981,2.499104759953915,63.927265634728236,13.065094429447887,0.6355709275481144,0.19246220893332097,0.29288510743298474,0.41373261008613865,9.764890828837173,14.840127264897506,1.0,1.0,1.0,0.15100977732452806,1.151076192846831,0.08859970229863999,0.0,1.0,0.021185697584937147,0.004077446154990326,2.499104759953915,0.0,5.227909865486717,4.307730283819082,0.1684018415303782,24.403485150777307,0.29288510743298474,0.41373261008613865,0.9500179048009217,1.0
SUB00982,116.38856999177945,237.95465556586205,30.013081861230955,1.1872961169403877,0.6998973692162817,0.42762181781992764,0.45117767924935465,580.8670098379528,18.616567902675154,3.594510376737608,1.6666666666666667,1.1870285538680785,0.7377226388154637,7.403155028790177,-0.027897273018541384,7.864547190402526e-06,0.712217132320847,0.03957653723134626,0.027699514290909468,163.4172567746482,0.28778286767915295,0.25786966764305796,12.781875628733294,6.251881152328551,67606.2806304402,0.42762181781992764,0.45117767924935465,1.266738976902019,1.0
SUB00983,37.67376017009793,294.0752366074108,50.01020641300005,12.393816645665462,7.077864887005831,0.35283115916873053,0.39282963248525266,228.3795338634279,17.65284292221026,2.4596216469913266,1.75,1.4648716749248818,0.08232149607002885,-3.5847209613799667,-0.17083452674013472,0.018758231454895906,0.8370695285285039,0.41312722152218206,2.9240586550781322,45.006727501268806,0.1629304714714961,1.327454604669212,16.65880322525356,2.1341469097137873,8603.91578652954,0.35283115916873053,0.39282963248525266,1.7061464435893678,1.0
SUB00984,2.2517091492708463,1501.9682543787674,58.73589055459065,1.6511581710899732,0.4369427347364223,0.3641297149340816,0.39707459800366923,11.631728872355557,13.257418124439726,1.5634701680350271,1.0,1.0,-0.46750295742024034,-22.66846170516438,-0.0641181888851014,0.0,1.0,0.05503860570299911,0.024048718891948078,2.2517091492708463,0.0,26.085025489908695,113.29266681345183,0.16984522386903342,26.19127032372087,0.3641297149340816,0.39707459800366923,1.5184359850496103,1.0
SUB00985,68.79593253344703,630.6072444080947,92.59541060200637,2.9671907530424355,2.623526339147108,0.43881018755046924,0.426975494575597,317.4918135419475,21.322099528833743,3.499927408849409,3.8333333333333335,2.9825851902956733,0.46477067266953176,-13.55747381430673,-0.06196031122760133,0.02642202268889195,0.7780657018162626,0.09890635843474785,0.25948343646268573,88.4191815329407,0.22193429818373744,1.3459430985543888,29.57528847266323,3.226508367077769,21842.145384353567,0.43881018755046924,0.426975494575597,2.1240087581804685,1.0
SUB00986,6.827240340368853,107.88963062479193,29.355159734558175,0.7670296597326057,0.5563016872763115,0.3192556273857518,0.4543760721010057,35.40831014844858,18.674327440443868,1.0,1.5,0.7122800544710036,0.06673178201022156,-4.196444748737866,0.0033056732996399668,-0.0015038249740054151,0.47485336964733577,0.02556765532442019,0.01422332979667412,14.377575851339772,0.5251466303526643,4.2997109038309045,5.777430591215312,0.3655949785684264,241.74104342977998,0.3192556273857518,0.4543760721010057,0.863455193192623,1.0
SUB00987,122.28412575910276,420.5344747195591,42.47785798094842,5.89525032939342,2.8511599591462193,0.47444172309989385,0.45066000808363066,508.9256286256932,18.14118203048024,4.615231105402205,1.25,1.1582870616604877,0.005410704399864511,-4.580628824348961,0.1708769175853333,0.01239977656986498,0.9266296493283901,0.196508344313114,0.5602767229436694,131.96655842788195,0.07337035067160987,0.34737017349765364,23.18120583394127,6.740692285301192,62233.5255728947,0.47444172309989385,0.45066000808363066,2.1695485902201495,1.0
SUB00988,0.4070232441277836,53.25148712079414,14.96911690937742,0.029570768830916142,0.22990312658298798,0.37214298590090883,0.3964069286564312,3.2187575622152953,18.511501245481558,1.0,1.0,1.0,-0.16007390095789112,3.1950215294736326,-0.01197955792858235,0.0,1.0,0.0009856922943638714,0.00022661374032301298,0.4070232441277836,0.0,29.93823381875484,2.8766703691194255,0.02198758699957591,1.310109145033706,0.37214298590090883,0.3964069286564312,0.9918595351174443,1.0
SUB00989,106.7351336361608,234.66244674263896,27.909296131896767,1.057649942308536,0.8805475907941719,0.44481192443438383,0.4069902845772269,519.5220886429615,16.45598321633938,3.4938507736783,1.75,1.468739159030763,0.31010205416142494,3.0212599297140583,0.02251074047656218,-0.03703009953844606,0.8392795194461503,0.0352549980769512,0.03104370362011254,127.174714934777,0.16072048055384971,0.2614818118561982,14.260007661507535,6.486098839125089,55451.25955824387,0.44481192443438383,0.4069902845772269,1.359148100955084,1.0
SUB00990,43.285012155502905,280.01953671188346,45.8338776893841,12.83085526745923,7.015790532138777,0.32531646735455655,0.4230121445331614,249.15571979335013,18.077790108261272,2.5227213793215855,1.5,1.3311316285961954,0.3591656886547986,1.0470552525330625,0.047476787033073266,-0.02673382325438043,0.8874210857307969,0.42769517558197434,3.000619763489447,48.77618173773437,0.11257891426920308,1.0588856374747986,15.489699517194795,2.394375191673584,10784.708359868237,0.32531646735455655,0.4230121445331614,1.6570211362115272,1.0
SUB00991,3.4196483785609586,1525.8322353613048,59.54254122989409,1.5407264463605008,0.9286815551009896,0.3278608960308678,0.42797514186591834,15.898162105961253,18.167411317138072,1.5549160899116616,1.0,1.0,-0.6205507465784326,-17.71749194551936,-0.05805197782416124,0.0,1.0,0.05135754821201669,0.04769480773970971,3.4196483785609586,0.0,17.411889948448596,83.98732261441805,0.1882298098978506,54.366124267749676,0.3278608960308678,0.42797514186591834,1.4865231223404425,1.0
SUB00992,64.40110225204396,664.5412123607364,94.21481515387711,3.5255995895006706,2.7569740280293917,0.43898640096199354,0.39773927916665647,296.6076622866433,18.80110845966518,3.429247753831517,3.9166666666666665,2.9753319750962977,0.4896607569750102,-1.824380171802454,0.09672760983772824,-0.012966194456257582,0.7596592276841612,0.11751998631668902,0.3239995500494811,84.77630482864299,0.24034077231583886,1.4629379289992965,35.345852814285124,3.425388582285262,19101.860387661836,0.43898640096199354,0.39773927916665647,2.141225708790638,1.0
SUB00993,8.35053155594254,113.03228975423951,28.704240430789763,0.6794435692902469,0.4951423942249664,0.40310505254160417,0.4055853071085684,38.98813398754442,17.031591669870178,1.0,1.4166666666666667,0.702043000104328,0.02102241036409776,2.0122818029426783,-0.12211423640791853,-0.00508796015977653,0.49555976477952557,0.02264811897634156,0.011214043854637656,16.85070530223068,0.5044402352204744,3.4374147607840353,6.636625157835357,0.4902966039700852,325.57164317030555,0.40310505254160417,0.4055853071085684,0.8329893688811492,1.0
SUB00994,123.19819043678557,410.8932568911878,43.027276299811014,4.722632929158779,3.226346874287175,0.4713348811836992,0.43869982525685985,701.2689462784533,15.157271665204403,4.481443182134705,1.4166666666666667,1.1375571539011398,1.0190899214093292,-2.335747415801863,-0.10421045192672183,0.008331133341252645,0.8029815204008045,0.15742109763862597,0.5078950663132371,153.42593485251288,0.1970184795991955,0.34925250238873284,27.10865556592547,8.12799250142121,86395.06519101684,0.4713348811836992,0.43869982525685985,2.0174793733989937,1.0
SUB00995,2.1238025878450517,47.608965867939645,14.543531168488476,0.10791575947985389,0.295573389863332,0.3084035625823485,0.35122974355725,11.16087208867638,20.057572675738296,1.0,1.0,1.0,-0.05265194605596784,-1.976901707223345,-0.03322331363227082,0.0,1.0,0.0035971919826617966,0.0010632342283045473,2.1238025878450517,0.0,6.847873362488596,2.373615523553735,0.10588532432012623,23.703489024538502,0.3084035625823485,0.35122974355725,0.9575239482430989,1.0
SUB00996,115.38793432940356,224.97877048816204,25.209534934664926,0.6871628596935936,0.7944573435581557,0.4138308902501511,0.43500260525928375,443.0382474355104,23.179202977603264,3.444274029385186,1.4166666666666667,1.1950970525096192,0.8168961682935639,-1.771662036522923,-0.038761041998977674,-0.007266843483548975,0.8435979194185547,0.02290542865645312,0.0181973860034666,136.78072417358982,0.15640208058144534,0.2184763518055366,9.706061537385308,4.978080326614177,51121.26820050272,0.4138308902501511,0.43500260525928375,1.1365153427971144,1.0
SUB00997,46.02023931636696,347.4686361426274,48.065483570723245,13.290739458963179,6.6071374755545875,0.38826353551960446,0.4536590572596835,218.57283662523488,18.6974175884816,2.5708843623664372,1.6666666666666667,1.3021537020405514,1.3449974878030748,-3.4358850142422317,-0.11044153641738189,0.03207744625922125,0.7812922212243307,0.44302464863210594,2.9271247585715905,58.90272303524352,0.21870777877566921,1.0444422776747468,18.583776850375465,2.4613152644522085,10058.774249550486,0.38826353551960446,0.4536590572596835,1.650479576039098,1.0
SUB00998,4.882395069007424,1503.3985424583327,55.36316454623674,2.220679912015333,0.797295428920553,0.40208985917086726,0.454776093017532,30.663296038188573,19.30068225047171,1.5542029941202167,1.0,1.0,-0.18822832395011127,10.237114443237976,0.09301903418475363,0.0,1.0,0.07402266373384443,0.059017931431517366,4.882395069007424,0.0,11.339345498210964,77.89354401819602,0.2529648955227009,149.71032537636677,0.40208985917086726,0.454776093017532,1.4565550927400681,1.0
SUB00999,73.49942016122672,626.8924517663122,92.71565231249612,2.402577976989923,2.4100889866040696,0.4538455318507701,0.4305157229103105,328.99624056539756,16.252431513400953,3.381330798327419,3.75,2.948315460110558,0.6879013699348642,-13.614294027136964,-0.05328263333673712,-0.0016738173864033815,0.7862174560294821,0.08008593256633077,0.19301422406003,93.484849004002,0.21378254397051782,1.2614473979402434,38.57222540820477,4.5223645520747295,24181.03291678018,0.4538455318507701,0.4305157229103105,1.9113423951028845,1.0
SUB01000,9.597245378117664,122.65101565499424,31.500917185053982,0.9598658568501525,0.5654832745059419,0.3596602122878805,0.470053811662541,51.432724928576796,19.56010952268553,1.0,1.5,0.7561754828019449,0.6769824086099583,-2.3769440903687973,-0.10810318375328079,0.015391784653329514,0.5041169885346299,0.031995528561671746,0.01809293626060253,19.03773448701856,0.49588301146537006,3.2822873589205184,6.270466712507176,0.4906539693444415,493.61248160478084,0.3596602122878805,0.470053811662541,0.8080550924376467,1.0
